ply
format ascii 1.0
comment S2D2 voxel export
element vertex 19189
property float x
property float y
property float z
property uchar red
property uchar green
property uchar blue
end_header
0.000 7.600 2.400 255 200 0
0.000 7.600 2.800 255 200 0
0.000 7.600 3.200 255 200 0
0.000 8.000 2.400 255 200 0
0.000 8.000 2.800 255 200 0
0.000 9.200 1.600 255 200 0
0.000 9.200 2.000 255 200 0
0.000 9.200 2.400 255 200 0
0.000 9.200 2.800 255 200 0
0.000 9.600 1.600 255 200 0
0.000 10.000 1.600 255 200 0
0.000 10.000 2.000 255 200 0
0.000 10.400 1.200 255 200 0
0.000 10.400 1.600 255 200 0
0.000 10.800 1.200 255 200 0
0.000 12.000 3.600 255 200 0
0.000 12.800 0.800 255 200 0
0.000 12.800 3.200 255 200 0
0.000 13.200 0.800 75 0 75
0.000 13.600 0.800 75 0 75
0.000 14.000 0.800 75 0 75
0.000 14.400 0.800 75 0 75
0.000 14.800 0.800 75 0 75
0.000 16.000 0.800 75 0 75
0.000 20.400 2.000 255 120 50
0.000 20.800 0.400 150 240 80
0.000 20.800 4.000 0 175 0
0.000 21.200 0.400 0 175 0
0.000 21.200 0.800 0 175 0
0.000 21.200 1.200 0 175 0
0.000 21.600 0.400 0 175 0
0.000 21.600 0.800 0 175 0
0.000 21.600 1.200 0 175 0
0.000 22.000 0.400 75 0 75
0.000 22.400 0.400 75 0 75
0.000 24.400 0.000 255 0 255
0.000 24.800 0.000 255 0 255
0.000 24.800 0.400 100 150 245
0.000 25.200 0.000 255 0 255
0.000 25.600 0.000 255 0 255
0.000 26.000 0.000 255 0 255
0.000 26.000 0.800 100 150 245
0.000 26.400 0.000 255 0 255
0.000 26.400 0.400 100 150 245
0.000 29.200 0.000 255 0 255
0.000 29.600 0.000 255 0 255
0.000 30.000 3.600 0 175 0
0.000 30.400 3.200 0 175 0
0.000 30.400 4.000 0 175 0
0.000 30.800 0.400 0 175 0
0.000 31.200 0.400 0 175 0
0.000 31.200 0.800 0 175 0
0.000 31.200 3.200 0 175 0
0.000 31.200 3.600 0 175 0
0.000 31.600 0.400 0 175 0
0.000 31.600 0.800 0 175 0
0.000 31.600 2.800 0 175 0
0.000 32.000 0.400 0 175 0
0.000 32.000 0.800 0 175 0
0.000 32.000 2.800 0 175 0
0.000 32.400 0.400 0 175 0
0.000 32.800 0.400 150 240 80
0.000 32.800 0.800 0 175 0
0.000 33.200 0.400 150 240 80
0.000 33.200 1.600 0 175 0
0.000 33.200 2.000 0 175 0
0.000 33.200 2.400 0 175 0
0.000 33.600 0.400 150 240 80
0.000 33.600 0.800 0 175 0
0.000 33.600 1.200 0 175 0
0.000 33.600 2.000 0 175 0
0.000 33.600 2.400 0 175 0
0.000 33.600 2.800 0 175 0
0.000 34.000 0.400 0 175 0
0.000 34.000 0.800 0 175 0
0.000 34.000 1.600 0 175 0
0.000 34.000 2.000 0 175 0
0.000 34.000 2.400 0 175 0
0.000 34.400 0.400 0 175 0
0.000 34.400 0.800 0 175 0
0.000 34.400 1.200 0 175 0
0.000 34.400 1.600 0 175 0
0.000 34.400 2.000 0 175 0
0.000 34.800 0.400 0 175 0
0.000 34.800 0.800 0 175 0
0.000 34.800 1.200 0 175 0
0.000 34.800 1.600 0 175 0
0.000 34.800 2.400 0 175 0
0.000 35.200 0.800 0 175 0
0.000 35.200 1.200 0 175 0
0.000 35.200 1.600 0 175 0
0.000 35.200 2.000 0 175 0
0.000 35.200 2.400 0 175 0
0.000 35.600 1.200 0 175 0
0.000 35.600 1.600 0 175 0
0.000 35.600 2.000 0 175 0
0.000 35.600 2.400 0 175 0
0.000 45.600 0.800 0 175 0
0.000 45.600 1.600 0 175 0
0.000 45.600 2.000 0 175 0
0.000 46.800 2.000 0 175 0
0.000 47.200 1.200 0 175 0
0.000 48.000 2.800 0 175 0
0.400 6.800 2.800 255 200 0
0.400 7.200 2.400 255 200 0
0.400 7.200 2.800 255 200 0
0.400 7.600 1.600 255 200 0
0.400 7.600 2.000 255 200 0
0.400 7.600 2.400 255 200 0
0.400 7.600 2.800 255 200 0
0.400 8.000 2.000 255 200 0
0.400 8.000 2.800 255 200 0
0.400 8.400 2.400 255 200 0
0.400 9.600 2.400 255 200 0
0.400 10.000 1.600 255 200 0
0.400 10.000 2.000 255 200 0
0.400 10.000 2.400 255 200 0
0.400 10.400 2.000 255 200 0
0.400 10.800 1.200 255 200 0
0.400 13.200 0.800 75 0 75
0.400 13.600 0.800 75 0 75
0.400 14.000 0.800 75 0 75
0.400 14.400 0.800 75 0 75
0.400 14.800 0.800 75 0 75
0.400 16.400 1.200 75 0 75
0.400 20.000 1.200 255 120 50
0.400 20.000 1.600 255 120 50
0.400 20.000 2.000 255 120 50
0.400 20.000 2.400 255 120 50
0.400 20.000 2.800 255 120 50
0.400 20.400 0.400 150 240 80
0.400 20.400 0.800 150 240 80
0.400 20.400 1.200 255 120 50
0.400 20.400 1.600 255 120 50
0.400 20.400 2.000 255 120 50
0.400 20.400 2.400 255 120 50
0.400 20.400 2.800 255 120 50
0.400 20.800 0.400 150 240 80
0.400 20.800 0.800 150 240 80
0.400 20.800 1.200 0 175 0
0.400 21.200 0.400 0 175 0
0.400 21.200 0.800 0 175 0
0.400 21.200 1.200 0 175 0
0.400 21.600 0.400 0 175 0
0.400 21.600 0.800 0 175 0
0.400 21.600 1.200 0 175 0
0.400 22.000 0.400 75 0 75
0.400 22.400 0.400 75 0 75
0.400 24.800 0.400 100 150 245
0.400 24.800 0.800 100 150 245
0.400 25.200 0.800 100 150 245
0.400 25.600 0.400 100 150 245
0.400 25.600 0.800 100 150 245
0.400 26.000 1.200 100 150 245
0.400 28.400 0.000 255 0 255
0.400 30.000 0.400 150 240 80
0.400 30.400 0.400 0 175 0
0.400 30.400 3.200 0 175 0
0.400 30.400 3.600 0 175 0
0.400 30.800 0.400 0 175 0
0.400 30.800 3.600 0 175 0
0.400 31.200 0.400 0 175 0
0.400 31.200 2.400 0 175 0
0.400 31.200 3.600 0 175 0
0.400 31.600 0.400 0 175 0
0.400 31.600 0.800 0 175 0
0.400 31.600 2.000 0 175 0
0.400 31.600 2.400 0 175 0
0.400 31.600 2.800 0 175 0
0.400 32.000 0.400 0 175 0
0.400 32.000 1.600 0 175 0
0.400 32.000 2.000 0 175 0
0.400 32.000 2.400 0 175 0
0.400 32.000 3.200 0 175 0
0.400 32.400 0.400 0 175 0
0.400 32.400 0.800 0 175 0
0.400 32.400 1.600 0 175 0
0.400 32.400 2.000 0 175 0
0.400 32.400 2.400 0 175 0
0.400 32.400 3.200 0 175 0
0.400 32.800 0.400 150 240 80
0.400 32.800 0.800 0 175 0
0.400 32.800 1.200 0 175 0
0.400 32.800 1.600 0 175 0
0.400 32.800 2.000 0 175 0
0.400 32.800 2.400 0 175 0
0.400 33.200 0.400 150 240 80
0.400 33.200 0.800 0 175 0
0.400 33.200 1.200 0 175 0
0.400 33.200 1.600 0 175 0
0.400 33.200 2.000 0 175 0
0.400 33.200 2.400 0 175 0
0.400 33.200 2.800 0 175 0
0.400 33.600 1.200 0 175 0
0.400 33.600 1.600 0 175 0
0.400 33.600 2.000 0 175 0
0.400 33.600 2.400 0 175 0
0.400 34.000 0.400 150 240 80
0.400 34.000 0.800 0 175 0
0.400 34.000 2.000 0 175 0
0.400 34.000 2.400 0 175 0
0.400 34.000 2.800 0 175 0
0.400 34.400 0.800 0 175 0
0.400 34.400 1.200 0 175 0
0.400 34.400 1.600 0 175 0
0.400 34.400 2.000 0 175 0
0.400 34.800 0.400 0 175 0
0.400 34.800 0.800 0 175 0
0.400 34.800 1.200 0 175 0
0.400 34.800 1.600 0 175 0
0.400 34.800 2.000 0 175 0
0.400 34.800 2.400 0 175 0
0.400 35.200 0.000 150 240 80
0.400 35.200 0.400 0 175 0
0.400 35.200 0.800 0 175 0
0.400 35.200 1.200 0 175 0
0.400 35.200 1.600 0 175 0
0.400 35.200 2.000 0 175 0
0.400 35.200 2.400 0 175 0
0.400 35.200 2.800 0 175 0
0.400 35.600 1.600 0 175 0
0.400 35.600 2.000 0 175 0
0.400 35.600 2.800 0 175 0
0.400 36.400 2.800 0 175 0
0.400 45.200 2.800 0 175 0
0.400 45.600 0.800 0 175 0
0.400 45.600 1.200 0 175 0
0.400 45.600 1.600 0 175 0
0.400 45.600 2.000 0 175 0
0.400 45.600 2.400 0 175 0
0.400 46.000 0.400 0 175 0
0.400 46.400 1.600 0 175 0
0.400 46.400 2.800 0 175 0
0.400 46.800 1.200 0 175 0
0.400 46.800 1.600 0 175 0
0.400 46.800 2.000 0 175 0
0.400 47.200 1.200 0 175 0
0.400 47.600 2.800 0 175 0
0.400 48.400 2.400 0 175 0
0.800 1.200 2.800 255 200 0
0.800 6.400 2.400 255 200 0
0.800 6.400 2.800 255 200 0
0.800 6.800 1.600 255 200 0
0.800 10.000 1.600 255 200 0
0.800 10.000 2.000 255 200 0
0.800 10.400 2.000 255 200 0
0.800 10.800 1.200 255 200 0
0.800 10.800 1.600 255 200 0
0.800 10.800 2.000 255 200 0
0.800 10.800 2.400 255 200 0
0.800 11.200 1.200 255 200 0
0.800 11.200 1.600 255 200 0
0.800 11.200 2.000 255 200 0
0.800 11.200 2.400 255 200 0
0.800 11.200 2.800 255 200 0
0.800 11.200 3.200 255 200 0
0.800 11.600 1.200 255 200 0
0.800 13.200 0.800 255 200 0
0.800 13.600 0.800 75 0 75
0.800 14.000 0.800 75 0 75
0.800 14.400 0.800 75 0 75
0.800 14.800 0.800 75 0 75
0.800 15.200 0.800 75 0 75
0.800 15.600 0.800 75 0 75
0.800 16.000 0.800 75 0 75
0.800 16.400 0.800 75 0 75
0.800 16.800 0.800 75 0 75
0.800 19.200 1.200 255 120 50
0.800 19.600 0.800 150 240 80
0.800 19.600 1.200 255 120 50
0.800 19.600 1.600 255 120 50
0.800 19.600 2.000 255 120 50
0.800 19.600 2.400 255 120 50
0.800 19.600 2.800 255 120 50
0.800 20.000 0.800 150 240 80
0.800 20.000 1.200 255 120 50
0.800 20.000 1.600 255 120 50
0.800 20.000 2.000 255 120 50
0.800 20.000 2.800 255 120 50
0.800 20.800 0.400 150 240 80
0.800 20.800 0.800 150 240 80
0.800 21.200 0.400 0 175 0
0.800 21.200 0.800 0 175 0
0.800 21.200 1.200 0 175 0
0.800 21.600 0.400 0 175 0
0.800 21.600 0.800 0 175 0
0.800 21.600 1.200 0 175 0
0.800 22.000 0.400 75 0 75
0.800 22.400 0.400 75 0 75
0.800 24.800 4.000 0 175 0
0.800 25.200 0.400 100 150 245
0.800 25.600 1.600 100 150 245
0.800 27.200 0.000 255 0 255
0.800 27.600 0.000 255 0 255
0.800 29.600 3.600 0 175 0
0.800 29.600 4.000 0 175 0
0.800 30.000 0.400 150 240 80
0.800 30.400 0.400 0 175 0
0.800 30.400 3.200 0 175 0
0.800 30.400 3.600 0 175 0
0.800 30.800 0.400 0 175 0
0.800 30.800 0.800 0 175 0
0.800 30.800 1.200 0 175 0
0.800 30.800 4.000 0 175 0
0.800 31.200 0.400 0 175 0
0.800 31.200 0.800 0 175 0
0.800 31.200 1.200 0 175 0
0.800 31.200 1.600 0 175 0
0.800 31.600 0.400 0 175 0
0.800 31.600 0.800 0 175 0
0.800 31.600 1.200 0 175 0
0.800 31.600 1.600 0 175 0
0.800 31.600 2.000 0 175 0
0.800 31.600 2.400 0 175 0
0.800 31.600 2.800 0 175 0
0.800 32.000 0.400 0 175 0
0.800 32.000 0.800 0 175 0
0.800 32.000 1.200 0 175 0
0.800 32.000 2.000 0 175 0
0.800 32.000 2.400 0 175 0
0.800 32.000 2.800 0 175 0
0.800 32.400 0.400 0 175 0
0.800 32.400 0.800 0 175 0
0.800 32.400 1.200 0 175 0
0.800 32.400 2.000 0 175 0
0.800 32.400 2.400 0 175 0
0.800 32.400 2.800 0 175 0
0.800 32.800 0.400 150 240 80
0.800 32.800 0.800 0 175 0
0.800 32.800 1.200 0 175 0
0.800 32.800 1.600 0 175 0
0.800 32.800 2.000 0 175 0
0.800 32.800 2.400 0 175 0
0.800 33.200 1.200 0 175 0
0.800 33.200 1.600 0 175 0
0.800 33.200 2.000 0 175 0
0.800 33.200 2.400 0 175 0
0.800 33.200 2.800 0 175 0
0.800 33.600 0.800 0 175 0
0.800 33.600 1.200 0 175 0
0.800 33.600 1.600 0 175 0
0.800 33.600 2.000 0 175 0
0.800 33.600 2.400 0 175 0
0.800 34.000 0.400 150 240 80
0.800 34.000 0.800 0 175 0
0.800 34.000 1.200 0 175 0
0.800 34.000 1.600 0 175 0
0.800 34.000 2.000 0 175 0
0.800 34.000 2.400 0 175 0
0.800 34.000 2.800 0 175 0
0.800 34.400 0.400 150 240 80
0.800 34.400 1.600 0 175 0
0.800 34.400 2.000 0 175 0
0.800 34.400 2.400 0 175 0
0.800 34.800 0.400 0 175 0
0.800 34.800 0.800 0 175 0
0.800 34.800 1.600 0 175 0
0.800 34.800 2.000 0 175 0
0.800 34.800 2.400 0 175 0
0.800 35.200 0.000 150 240 80
0.800 35.200 0.400 0 175 0
0.800 35.200 0.800 0 175 0
0.800 35.200 1.200 0 175 0
0.800 35.200 2.000 0 175 0
0.800 35.600 0.000 150 240 80
0.800 35.600 1.200 0 175 0
0.800 35.600 1.600 0 175 0
0.800 35.600 2.400 0 175 0
0.800 36.000 2.000 0 175 0
0.800 36.400 2.400 0 175 0
0.800 45.200 2.800 0 175 0
0.800 46.400 2.800 0 175 0
0.800 47.600 2.800 0 175 0
0.800 48.000 2.800 0 175 0
0.800 48.400 2.400 0 175 0
0.800 48.400 2.800 0 175 0
0.800 48.400 3.600 0 175 0
0.800 48.800 2.400 0 175 0
0.800 48.800 3.600 0 175 0
1.200 6.400 2.400 255 200 0
1.200 6.400 2.800 255 200 0
1.200 6.800 2.400 255 200 0
1.200 8.800 1.600 255 200 0
1.200 8.800 2.000 255 200 0
1.200 9.600 2.000 255 200 0
1.200 10.800 1.600 255 200 0
1.200 10.800 2.400 255 200 0
1.200 11.200 1.200 255 200 0
1.200 11.200 1.600 255 200 0
1.200 11.200 2.000 255 200 0
1.200 11.200 2.400 255 200 0
1.200 11.200 2.800 255 200 0
1.200 11.200 3.200 255 200 0
1.200 11.200 3.600 255 200 0
1.200 11.600 1.200 255 200 0
1.200 12.000 1.200 255 200 0
1.200 12.800 3.600 255 200 0
1.200 13.200 3.200 255 200 0
1.200 13.600 0.800 75 0 75
1.200 13.600 3.200 255 200 0
1.200 14.000 0.800 75 0 75
1.200 14.400 0.800 75 0 75
1.200 14.800 0.800 75 0 75
1.200 15.200 0.800 75 0 75
1.200 15.600 0.800 75 0 75
1.200 16.000 0.800 75 0 75
1.200 16.400 0.800 75 0 75
1.200 16.800 0.800 75 0 75
1.200 18.400 1.600 255 120 50
1.200 18.400 2.000 255 120 50
1.200 18.400 2.400 255 120 50
1.200 18.400 2.800 255 120 50
1.200 18.800 1.200 255 120 50
1.200 19.200 1.200 255 120 50
1.200 19.200 1.600 255 120 50
1.200 19.200 2.000 255 120 50
1.200 19.600 0.800 150 240 80
1.200 19.600 1.600 255 120 50
1.200 19.600 2.400 255 120 50
1.200 20.800 0.400 150 240 80
1.200 21.200 0.400 0 175 0
1.200 21.200 0.800 0 175 0
1.200 21.200 1.200 0 175 0
1.200 21.600 0.400 75 0 75
1.200 21.600 0.800 0 175 0
1.200 21.600 1.200 0 175 0
1.200 22.000 0.400 75 0 75
1.200 22.400 0.400 75 0 75
1.200 25.200 0.800 100 150 245
1.200 25.600 0.800 100 150 245
1.200 25.600 1.200 100 150 245
1.200 26.000 0.800 100 150 245
1.200 26.400 1.200 100 150 245
1.200 30.000 0.400 150 240 80
1.200 30.000 4.000 0 175 0
1.200 30.400 0.400 0 175 0
1.200 30.400 3.200 0 175 0
1.200 30.800 0.400 0 175 0
1.200 30.800 1.200 0 175 0
1.200 31.200 0.400 0 175 0
1.200 31.200 0.800 0 175 0
1.200 31.200 1.200 0 175 0
1.200 31.200 1.600 0 175 0
1.200 31.200 2.000 0 175 0
1.200 31.600 0.400 0 175 0
1.200 31.600 0.800 0 175 0
1.200 31.600 1.200 0 175 0
1.200 31.600 1.600 0 175 0
1.200 31.600 2.400 0 175 0
1.200 31.600 2.800 0 175 0
1.200 32.000 0.400 0 175 0
1.200 32.000 0.800 0 175 0
1.200 32.000 1.600 0 175 0
1.200 32.000 2.000 0 175 0
1.200 32.400 0.400 0 175 0
1.200 32.400 0.800 0 175 0
1.200 32.400 1.600 0 175 0
1.200 32.400 2.400 0 175 0
1.200 32.400 2.800 0 175 0
1.200 32.800 0.400 150 240 80
1.200 32.800 1.600 0 175 0
1.200 32.800 2.000 0 175 0
1.200 32.800 2.400 0 175 0
1.200 32.800 2.800 0 175 0
1.200 33.200 0.400 150 240 80
1.200 33.200 0.800 0 175 0
1.200 33.200 1.200 0 175 0
1.200 33.200 1.600 0 175 0
1.200 33.200 2.000 0 175 0
1.200 33.200 2.400 0 175 0
1.200 33.600 0.400 150 240 80
1.200 33.600 0.800 0 175 0
1.200 33.600 1.200 0 175 0
1.200 33.600 1.600 0 175 0
1.200 33.600 2.000 0 175 0
1.200 33.600 2.400 0 175 0
1.200 34.000 0.400 150 240 80
1.200 34.000 0.800 0 175 0
1.200 34.000 1.200 0 175 0
1.200 34.000 1.600 0 175 0
1.200 34.000 2.000 0 175 0
1.200 34.000 2.400 0 175 0
1.200 34.400 1.200 0 175 0
1.200 34.400 2.000 0 175 0
1.200 34.400 2.400 0 175 0
1.200 34.800 1.200 0 175 0
1.200 34.800 1.600 0 175 0
1.200 34.800 2.000 0 175 0
1.200 35.200 0.000 150 240 80
1.200 35.200 0.400 0 175 0
1.200 35.200 0.800 0 175 0
1.200 35.200 1.200 0 175 0
1.200 35.200 2.000 0 175 0
1.200 35.600 0.000 150 240 80
1.200 35.600 0.400 0 175 0
1.200 35.600 0.800 0 175 0
1.200 35.600 1.200 0 175 0
1.200 35.600 1.600 0 175 0
1.200 35.600 2.000 0 175 0
1.200 36.000 2.000 0 175 0
1.200 36.400 2.400 0 175 0
1.200 46.800 3.600 0 175 0
1.200 47.200 2.400 0 175 0
1.200 47.200 2.800 0 175 0
1.200 47.600 2.000 0 175 0
1.200 47.600 2.400 0 175 0
1.600 1.600 2.800 255 200 0
1.600 4.800 2.000 255 200 0
1.600 4.800 2.400 255 200 0
1.600 4.800 2.800 255 200 0
1.600 5.200 2.800 255 200 0
1.600 5.600 2.800 255 200 0
1.600 6.000 2.400 255 200 0
1.600 6.000 2.800 255 200 0
1.600 6.400 2.000 255 200 0
1.600 6.400 2.400 255 200 0
1.600 6.400 2.800 255 200 0
1.600 8.000 1.600 255 200 0
1.600 8.000 2.000 255 200 0
1.600 8.400 2.400 255 200 0
1.600 8.400 2.800 255 200 0
1.600 9.200 1.600 255 200 0
1.600 10.400 1.200 255 200 0
1.600 10.400 1.600 255 200 0
1.600 10.400 2.000 255 200 0
1.600 10.400 2.800 255 200 0
1.600 10.800 1.200 255 200 0
1.600 10.800 2.000 255 200 0
1.600 10.800 2.400 255 200 0
1.600 11.200 1.200 255 200 0
1.600 11.200 2.000 255 200 0
1.600 11.200 2.400 255 200 0
1.600 11.600 1.200 255 200 0
1.600 12.000 1.200 255 200 0
1.600 13.600 0.800 255 200 0
1.600 14.000 0.800 75 0 75
1.600 14.400 0.800 75 0 75
1.600 14.800 0.800 75 0 75
1.600 15.200 0.800 75 0 75
1.600 15.600 0.800 75 0 75
1.600 16.000 0.800 75 0 75
1.600 18.000 1.600 255 120 50
1.600 18.000 2.000 255 120 50
1.600 18.000 2.400 255 120 50
1.600 18.000 2.800 255 120 50
1.600 18.400 1.200 255 120 50
1.600 18.400 1.600 255 120 50
1.600 18.400 2.000 255 120 50
1.600 18.400 2.400 255 120 50
1.600 18.400 2.800 255 120 50
1.600 18.400 3.200 255 120 50
1.600 18.800 1.200 255 120 50
1.600 18.800 1.600 255 120 50
1.600 18.800 2.000 255 120 50
1.600 18.800 2.400 255 120 50
1.600 18.800 2.800 255 120 50
1.600 20.400 0.800 150 240 80
1.600 20.400 4.000 0 175 0
1.600 20.800 0.400 0 175 0
1.600 21.200 0.400 0 175 0
1.600 21.200 0.800 0 175 0
1.600 21.200 1.200 0 175 0
1.600 21.200 4.400 0 175 0
1.600 21.600 0.400 75 0 75
1.600 21.600 0.800 0 175 0
1.600 21.600 1.200 0 175 0
1.600 22.000 0.400 75 0 75
1.600 22.000 3.600 0 175 0
1.600 22.400 0.400 75 0 75
1.600 22.800 0.400 75 0 75
1.600 25.200 0.400 100 150 245
1.600 25.200 1.600 100 150 245
1.600 25.600 1.600 100 150 245
1.600 26.000 0.400 100 150 245
1.600 26.000 1.600 100 150 245
1.600 26.400 0.000 255 0 255
1.600 29.200 3.600 0 175 0
1.600 29.600 3.600 0 175 0
1.600 29.600 4.000 0 175 0
1.600 30.000 0.400 150 240 80
1.600 30.000 4.000 0 175 0
1.600 30.400 0.400 0 175 0
1.600 30.400 2.800 0 175 0
1.600 30.400 3.600 0 175 0
1.600 30.400 4.000 0 175 0
1.600 30.800 0.400 0 175 0
1.600 30.800 1.600 0 175 0
1.600 31.200 0.400 0 175 0
1.600 31.200 0.800 0 175 0
1.600 31.200 1.200 0 175 0
1.600 31.200 1.600 0 175 0
1.600 31.600 0.400 0 175 0
1.600 31.600 0.800 0 175 0
1.600 31.600 1.200 0 175 0
1.600 31.600 1.600 0 175 0
1.600 32.000 0.400 0 175 0
1.600 32.000 0.800 0 175 0
1.600 32.000 1.200 0 175 0
1.600 32.000 1.600 0 175 0
1.600 32.400 0.400 0 175 0
1.600 32.400 0.800 0 175 0
1.600 32.400 1.200 0 175 0
1.600 32.400 1.600 0 175 0
1.600 32.400 2.000 0 175 0
1.600 32.400 2.400 0 175 0
1.600 32.800 0.400 150 240 80
1.600 32.800 2.000 0 175 0
1.600 32.800 2.400 0 175 0
1.600 32.800 3.200 0 175 0
1.600 33.200 0.400 150 240 80
1.600 33.200 1.200 0 175 0
1.600 33.200 1.600 0 175 0
1.600 33.200 2.000 0 175 0
1.600 33.200 2.400 0 175 0
1.600 33.200 2.800 0 175 0
1.600 33.600 0.800 0 175 0
1.600 33.600 1.200 0 175 0
1.600 33.600 1.600 0 175 0
1.600 33.600 2.000 0 175 0
1.600 33.600 2.400 0 175 0
1.600 34.000 1.200 0 175 0
1.600 34.000 1.600 0 175 0
1.600 34.000 2.000 0 175 0
1.600 34.000 2.400 0 175 0
1.600 34.400 2.000 0 175 0
1.600 34.400 2.400 0 175 0
1.600 34.800 1.200 0 175 0
1.600 34.800 1.600 0 175 0
1.600 35.200 0.000 150 240 80
1.600 35.200 0.400 0 175 0
1.600 35.200 0.800 0 175 0
1.600 35.200 1.200 0 175 0
1.600 35.600 0.000 150 240 80
1.600 35.600 0.400 0 175 0
1.600 35.600 0.800 0 175 0
1.600 35.600 1.200 0 175 0
1.600 35.600 1.600 0 175 0
1.600 35.600 2.000 0 175 0
1.600 36.000 1.200 0 175 0
1.600 36.000 1.600 0 175 0
1.600 46.400 2.800 0 175 0
1.600 46.800 2.400 0 175 0
1.600 47.200 2.400 0 175 0
1.600 47.200 2.800 0 175 0
2.000 8.000 1.600 255 200 0
2.000 8.800 2.400 255 200 0
2.000 9.200 1.600 255 200 0
2.000 9.200 2.000 255 200 0
2.000 10.000 1.200 255 200 0
2.000 10.400 1.600 255 200 0
2.000 11.200 1.200 255 200 0
2.000 11.600 1.200 255 200 0
2.000 11.600 1.600 255 200 0
2.000 11.600 2.000 255 200 0
2.000 11.600 2.400 255 200 0
2.000 11.600 2.800 255 200 0
2.000 12.000 1.200 255 200 0
2.000 12.000 2.000 255 200 0
2.000 12.000 2.400 255 200 0
2.000 12.400 2.000 255 200 0
2.000 12.800 1.200 255 200 0
2.000 12.800 2.000 255 30 30
2.000 13.200 3.600 255 200 0
2.000 14.000 0.800 255 200 0
2.000 14.000 1.200 255 240 150
2.000 14.000 1.600 255 240 150
2.000 14.000 2.000 255 240 150
2.000 14.000 2.400 255 240 150
2.000 14.000 2.800 255 240 150
2.000 14.000 3.200 255 240 150
2.000 14.000 3.600 255 240 150
2.000 14.400 0.800 75 0 75
2.000 14.400 2.400 255 240 150
2.000 14.800 0.800 75 0 75
2.000 15.200 0.800 75 0 75
2.000 15.600 0.800 75 0 75
2.000 16.800 0.800 75 0 75
2.000 17.200 2.800 255 120 50
2.000 17.200 3.200 255 120 50
2.000 17.200 3.600 255 120 50
2.000 17.600 0.800 75 0 75
2.000 17.600 1.200 255 120 50
2.000 17.600 1.600 255 120 50
2.000 17.600 2.000 255 120 50
2.000 17.600 2.400 255 120 50
2.000 17.600 2.800 255 120 50
2.000 18.000 1.200 255 120 50
2.000 18.000 1.600 255 120 50
2.000 18.000 2.000 255 120 50
2.000 18.000 2.400 255 120 50
2.000 18.000 2.800 255 120 50
2.000 18.000 3.200 255 120 50
2.000 18.400 1.200 255 120 50
2.000 18.400 1.600 255 120 50
2.000 18.400 2.400 255 120 50
2.000 18.400 2.800 255 120 50
2.000 18.800 1.200 255 120 50
2.000 20.400 0.800 150 240 80
2.000 20.800 0.400 0 175 0
2.000 20.800 3.600 135 60 0
2.000 20.800 4.000 135 60 0
2.000 21.200 0.400 0 175 0
2.000 21.200 0.800 0 175 0
2.000 21.200 1.200 0 175 0
2.000 21.600 0.400 75 0 75
2.000 21.600 0.800 0 175 0
2.000 21.600 1.200 0 175 0
2.000 22.000 0.400 75 0 75
2.000 22.000 3.600 0 175 0
2.000 22.400 0.400 75 0 75
2.000 22.800 0.400 75 0 75
2.000 24.800 1.200 255 0 255
2.000 26.000 0.800 100 150 245
2.000 26.000 4.000 0 175 0
2.000 26.400 0.400 100 150 245
2.000 26.400 1.200 100 150 245
2.000 26.400 4.400 0 175 0
2.000 26.400 4.800 0 175 0
2.000 30.000 0.400 150 240 80
2.000 30.000 4.000 0 175 0
2.000 30.000 4.400 0 175 0
2.000 30.400 0.400 0 175 0
2.000 30.400 3.200 0 175 0
2.000 30.400 3.600 0 175 0
2.000 30.400 4.400 0 175 0
2.000 30.800 0.400 0 175 0
2.000 30.800 0.800 0 175 0
2.000 30.800 1.600 0 175 0
2.000 31.200 0.400 0 175 0
2.000 31.200 0.800 0 175 0
2.000 31.200 1.200 0 175 0
2.000 31.200 1.600 0 175 0
2.000 31.600 0.400 0 175 0
2.000 31.600 0.800 0 175 0
2.000 31.600 1.200 0 175 0
2.000 31.600 1.600 0 175 0
2.000 32.000 0.400 0 175 0
2.000 32.000 0.800 0 175 0
2.000 32.000 1.200 0 175 0
2.000 32.000 1.600 0 175 0
2.000 32.000 2.800 0 175 0
2.000 32.400 0.400 0 175 0
2.000 32.400 1.200 0 175 0
2.000 32.400 2.000 0 175 0
2.000 32.400 3.200 0 175 0
2.000 32.800 0.400 150 240 80
2.000 32.800 1.200 0 175 0
2.000 32.800 1.600 0 175 0
2.000 32.800 2.000 0 175 0
2.000 32.800 2.400 0 175 0
2.000 33.200 0.400 150 240 80
2.000 33.200 0.800 0 175 0
2.000 33.200 1.600 0 175 0
2.000 33.200 2.400 0 175 0
2.000 33.600 0.400 150 240 80
2.000 33.600 0.800 0 175 0
2.000 33.600 1.200 0 175 0
2.000 34.000 0.400 150 240 80
2.000 34.000 0.800 0 175 0
2.000 34.000 1.200 0 175 0
2.000 34.000 2.000 0 175 0
2.000 34.400 2.000 0 175 0
2.000 34.800 1.600 0 175 0
2.000 34.800 2.000 0 175 0
2.000 35.200 0.000 150 240 80
2.000 35.600 0.000 150 240 80
2.000 35.600 0.400 0 175 0
2.000 35.600 0.800 0 175 0
2.000 35.600 1.200 0 175 0
2.000 35.600 1.600 0 175 0
2.000 35.600 2.400 0 175 0
2.000 36.000 0.400 150 240 80
2.000 36.000 1.200 0 175 0
2.000 36.000 1.600 0 175 0
2.000 36.400 2.000 0 175 0
2.000 38.800 3.200 0 175 0
2.000 40.800 2.800 135 60 0
2.000 44.000 3.600 0 175 0
2.000 46.000 2.400 0 175 0
2.000 46.800 3.200 0 175 0
2.400 2.000 2.400 255 200 0
2.400 2.000 2.800 255 200 0
2.400 2.400 2.000 255 200 0
2.400 6.400 2.800 255 200 0
2.400 6.800 2.400 255 200 0
2.400 7.200 1.200 255 200 0
2.400 8.800 2.400 255 200 0
2.400 9.200 2.000 255 200 0
2.400 9.200 2.400 255 200 0
2.400 9.600 2.000 255 200 0
2.400 11.600 1.600 255 200 0
2.400 11.600 2.000 255 200 0
2.400 11.600 2.400 255 200 0
2.400 11.600 2.800 255 200 0
2.400 12.000 1.200 255 200 0
2.400 12.000 1.600 255 200 0
2.400 12.000 2.000 255 200 0
2.400 12.000 2.400 255 200 0
2.400 12.000 2.800 255 200 0
2.400 12.000 3.200 255 200 0
2.400 12.000 3.600 255 200 0
2.400 12.400 1.200 255 200 0
2.400 12.400 1.600 255 200 0
2.400 12.400 2.000 255 30 30
2.400 12.800 1.200 255 30 30
2.400 12.800 2.000 255 30 30
2.400 13.200 1.200 255 200 0
2.400 14.000 0.800 255 200 0
2.400 14.400 0.800 75 0 75
2.400 14.800 0.800 75 0 75
2.400 15.200 0.800 75 0 75
2.400 15.600 0.800 75 0 75
2.400 16.000 0.800 75 0 75
2.400 16.400 0.800 75 0 75
2.400 16.800 0.800 75 0 75
2.400 16.800 1.200 255 120 50
2.400 16.800 1.600 255 120 50
2.400 16.800 2.000 255 120 50
2.400 16.800 2.400 255 120 50
2.400 16.800 2.800 255 120 50
2.400 16.800 3.600 255 120 50
2.400 17.200 0.800 150 240 80
2.400 17.200 1.200 255 120 50
2.400 17.200 1.600 255 120 50
2.400 17.200 2.000 255 120 50
2.400 17.200 2.400 255 120 50
2.400 17.200 2.800 255 120 50
2.400 17.200 3.200 255 120 50
2.400 17.600 2.400 255 120 50
2.400 17.600 2.800 255 120 50
2.400 17.600 3.200 255 120 50
2.400 19.200 0.800 150 240 80
2.400 19.200 3.600 0 175 0
2.400 19.600 1.200 135 60 0
2.400 19.600 1.600 135 60 0
2.400 19.600 2.000 135 60 0
2.400 19.600 2.400 135 60 0
2.400 20.000 2.000 135 60 0
2.400 20.000 2.400 135 60 0
2.400 20.000 3.200 135 60 0
2.400 20.000 4.000 135 60 0
2.400 20.000 4.400 135 60 0
2.400 20.400 0.400 150 240 80
2.400 20.400 2.800 135 60 0
2.400 20.400 3.200 135 60 0
2.400 20.400 3.600 135 60 0
2.400 20.800 0.400 0 175 0
2.400 20.800 3.200 135 60 0
2.400 20.800 4.000 135 60 0
2.400 20.800 4.400 135 60 0
2.400 21.200 0.400 0 175 0
2.400 21.200 0.800 0 175 0
2.400 21.200 1.200 0 175 0
2.400 21.600 0.400 75 0 75
2.400 21.600 0.800 0 175 0
2.400 21.600 1.200 0 175 0
2.400 22.000 0.400 75 0 75
2.400 22.400 0.400 75 0 75
2.400 22.800 0.400 75 0 75
2.400 24.400 4.000 0 175 0
2.400 24.800 0.400 100 150 245
2.400 24.800 1.200 100 150 245
2.400 25.200 0.400 100 150 245
2.400 25.200 3.600 0 175 0
2.400 25.600 0.400 100 150 245
2.400 25.600 3.600 0 175 0
2.400 26.000 0.400 100 150 245
2.400 26.000 0.800 100 150 245
2.400 26.000 1.200 100 150 245
2.400 26.000 4.400 0 175 0
2.400 30.000 0.400 150 240 80
2.400 30.400 0.400 0 175 0
2.400 30.400 4.000 0 175 0
2.400 30.800 0.400 0 175 0
2.400 30.800 1.200 0 175 0
2.400 31.200 0.400 0 175 0
2.400 31.200 0.800 0 175 0
2.400 31.200 1.200 0 175 0
2.400 31.200 1.600 0 175 0
2.400 31.600 0.400 0 175 0
2.400 31.600 0.800 0 175 0
2.400 31.600 1.200 0 175 0
2.400 31.600 1.600 0 175 0
2.400 31.600 2.000 0 175 0
2.400 32.000 0.400 0 175 0
2.400 32.000 0.800 0 175 0
2.400 32.000 1.200 0 175 0
2.400 32.000 1.600 0 175 0
2.400 32.000 2.000 0 175 0
2.400 32.400 0.400 0 175 0
2.400 32.400 0.800 0 175 0
2.400 32.400 1.600 0 175 0
2.400 32.400 2.000 0 175 0
2.400 32.400 2.400 0 175 0
2.400 32.400 2.800 0 175 0
2.400 32.800 0.400 150 240 80
2.400 32.800 0.800 0 175 0
2.400 32.800 2.000 0 175 0
2.400 32.800 2.400 0 175 0
2.400 33.200 0.400 150 240 80
2.400 33.200 1.600 0 175 0
2.400 33.200 2.000 0 175 0
2.400 33.200 2.400 0 175 0
2.400 33.200 2.800 0 175 0
2.400 33.600 0.400 150 240 80
2.400 33.600 0.800 0 175 0
2.400 33.600 1.200 0 175 0
2.400 34.000 0.800 150 240 80
2.400 34.000 1.200 0 175 0
2.400 35.200 0.400 0 175 0
2.400 35.200 0.800 0 175 0
2.400 35.200 1.200 0 175 0
2.400 35.600 0.400 0 175 0
2.400 35.600 0.800 0 175 0
2.400 35.600 1.200 0 175 0
2.400 35.600 1.600 0 175 0
2.400 35.600 2.000 0 175 0
2.400 40.800 2.800 135 60 0
2.400 46.000 2.000 0 175 0
2.400 46.000 2.400 0 175 0
2.400 46.400 2.400 0 175 0
2.400 47.200 2.800 0 175 0
2.400 48.000 2.800 0 175 0
2.400 48.000 3.200 0 175 0
2.800 6.800 2.400 255 200 0
2.800 6.800 2.800 255 200 0
2.800 7.200 2.400 255 200 0
2.800 7.200 2.800 255 200 0
2.800 8.800 2.000 255 200 0
2.800 8.800 2.400 255 200 0
2.800 9.200 2.000 255 200 0
2.800 9.200 2.400 255 200 0
2.800 9.600 2.000 255 200 0
2.800 11.600 2.000 255 200 0
2.800 12.000 1.200 255 200 0
2.800 12.000 1.600 255 200 0
2.800 12.000 2.800 255 200 0
2.800 12.400 1.200 255 200 0
2.800 12.800 1.200 255 200 0
2.800 13.200 1.200 255 200 0
2.800 13.600 1.200 255 200 0
2.800 14.000 3.600 255 200 0
2.800 14.400 0.800 255 200 0
2.800 14.400 3.200 255 200 0
2.800 14.800 0.800 75 0 75
2.800 15.200 0.800 75 0 75
2.800 15.600 0.800 75 0 75
2.800 16.000 0.800 75 0 75
2.800 16.000 1.200 255 120 50
2.800 16.000 1.600 255 120 50
2.800 16.000 2.000 255 120 50
2.800 16.000 2.800 255 120 50
2.800 16.000 3.200 255 120 50
2.800 16.400 0.800 75 0 75
2.800 16.400 1.200 255 120 50
2.800 16.400 1.600 255 120 50
2.800 16.400 2.000 255 120 50
2.800 16.400 2.400 255 120 50
2.800 16.400 2.800 255 120 50
2.800 16.800 0.800 150 240 80
2.800 16.800 2.400 255 120 50
2.800 16.800 2.800 255 120 50
2.800 19.200 2.000 135 60 0
2.800 19.200 2.400 135 60 0
2.800 19.200 3.200 135 60 0
2.800 19.200 3.600 135 60 0
2.800 19.600 1.200 135 60 0
2.800 19.600 2.000 135 60 0
2.800 19.600 2.400 135 60 0
2.800 19.600 2.800 135 60 0
2.800 19.600 3.200 135 60 0
2.800 20.000 0.800 150 240 80
2.800 20.000 1.200 135 60 0
2.800 20.000 1.600 135 60 0
2.800 20.000 2.000 135 60 0
2.800 20.000 2.400 135 60 0
2.800 20.000 2.800 135 60 0
2.800 20.000 3.200 135 60 0
2.800 20.400 0.400 150 240 80
2.800 20.400 0.800 150 240 80
2.800 20.400 2.800 135 60 0
2.800 20.800 0.400 0 175 0
2.800 21.200 0.400 0 175 0
2.800 21.200 0.800 0 175 0
2.800 21.200 1.200 0 175 0
2.800 21.600 0.400 75 0 75
2.800 21.600 0.800 0 175 0
2.800 21.600 1.200 0 175 0
2.800 22.000 0.400 75 0 75
2.800 22.000 3.200 0 175 0
2.800 22.000 4.000 0 175 0
2.800 22.400 0.400 75 0 75
2.800 22.800 0.400 75 0 75
2.800 24.400 3.600 0 175 0
2.800 24.400 4.400 0 175 0
2.800 25.200 4.400 0 175 0
2.800 25.600 4.400 0 175 0
2.800 26.000 0.800 100 150 245
2.800 30.000 0.400 150 240 80
2.800 30.400 0.400 0 175 0
2.800 30.800 0.400 0 175 0
2.800 30.800 0.800 0 175 0
2.800 30.800 1.200 0 175 0
2.800 30.800 1.600 0 175 0
2.800 31.200 0.400 0 175 0
2.800 31.200 0.800 0 175 0
2.800 31.200 1.200 0 175 0
2.800 31.200 1.600 0 175 0
2.800 31.200 2.800 0 175 0
2.800 31.600 0.400 0 175 0
2.800 31.600 0.800 0 175 0
2.800 31.600 1.200 0 175 0
2.800 31.600 1.600 0 175 0
2.800 31.600 2.000 0 175 0
2.800 32.000 0.400 0 175 0
2.800 32.000 0.800 0 175 0
2.800 32.000 1.200 0 175 0
2.800 32.000 1.600 0 175 0
2.800 32.000 2.000 0 175 0
2.800 32.000 2.400 0 175 0
2.800 32.000 2.800 0 175 0
2.800 32.400 0.400 0 175 0
2.800 32.400 1.200 0 175 0
2.800 32.400 1.600 0 175 0
2.800 32.400 2.000 0 175 0
2.800 32.400 2.400 0 175 0
2.800 32.400 2.800 0 175 0
2.800 32.800 0.400 150 240 80
2.800 32.800 0.800 0 175 0
2.800 32.800 1.600 0 175 0
2.800 32.800 2.000 0 175 0
2.800 32.800 2.400 0 175 0
2.800 33.200 0.400 150 240 80
2.800 33.200 1.200 0 175 0
2.800 33.200 1.600 0 175 0
2.800 33.200 2.000 0 175 0
2.800 33.200 2.400 0 175 0
2.800 33.600 0.400 150 240 80
2.800 33.600 0.800 0 175 0
2.800 34.000 1.200 0 175 0
2.800 34.400 1.200 0 175 0
2.800 35.200 0.000 150 240 80
2.800 35.200 1.200 0 175 0
2.800 35.600 0.000 150 240 80
2.800 35.600 0.400 0 175 0
2.800 36.000 0.000 150 240 80
2.800 44.400 1.600 0 175 0
2.800 44.400 2.000 0 175 0
2.800 46.000 0.400 0 175 0
2.800 46.000 3.200 0 175 0
2.800 46.400 2.400 0 175 0
2.800 47.600 2.800 0 175 0
3.200 6.800 2.800 255 200 0
3.200 7.200 2.800 255 200 0
3.200 7.600 2.000 255 200 0
3.200 7.600 2.400 255 200 0
3.200 7.600 2.800 255 200 0
3.200 10.000 2.000 255 200 0
3.200 10.000 2.400 255 200 0
3.200 11.600 2.000 255 200 0
3.200 11.600 2.400 255 200 0
3.200 12.000 1.600 255 200 0
3.200 12.000 2.000 255 200 0
3.200 12.000 2.400 255 200 0
3.200 12.000 2.800 255 200 0
3.200 12.400 1.200 255 200 0
3.200 12.400 1.600 255 200 0
3.200 12.800 1.200 255 200 0
3.200 13.200 1.200 255 30 30
3.200 13.600 1.200 255 30 30
3.200 13.600 1.600 255 30 30
3.200 14.400 0.800 255 200 0
3.200 14.800 0.800 75 0 75
3.200 15.200 0.800 75 0 75
3.200 15.200 2.000 255 120 50
3.200 15.200 2.800 255 120 50
3.200 15.600 0.800 75 0 75
3.200 15.600 1.200 255 120 50
3.200 15.600 1.600 255 120 50
3.200 15.600 2.000 255 120 50
3.200 15.600 2.400 255 120 50
3.200 15.600 2.800 255 120 50
3.200 16.000 0.800 0 175 0
3.200 16.000 1.200 255 120 50
3.200 16.000 1.600 255 120 50
3.200 16.000 2.000 255 120 50
3.200 16.000 2.400 255 120 50
3.200 16.000 2.800 255 120 50
3.200 16.400 0.800 0 175 0
3.200 16.400 2.400 255 120 50
3.200 16.400 2.800 255 120 50
3.200 16.800 0.800 150 240 80
3.200 16.800 2.800 255 120 50
3.200 17.200 0.800 150 240 80
3.200 17.600 0.800 150 240 80
3.200 18.000 0.800 150 240 80
3.200 18.000 3.200 0 175 0
3.200 18.400 2.800 0 175 0
3.200 19.600 0.800 150 240 80
3.200 19.600 1.200 135 60 0
3.200 19.600 1.600 135 60 0
3.200 19.600 2.400 135 60 0
3.200 20.000 0.800 150 240 80
3.200 20.000 1.200 135 60 0
3.200 20.000 2.800 135 60 0
3.200 20.000 3.200 135 60 0
3.200 20.400 0.800 135 60 0
3.200 20.800 0.400 0 175 0
3.200 21.200 0.400 0 175 0
3.200 21.200 0.800 0 175 0
3.200 21.200 1.200 0 175 0
3.200 21.600 0.400 75 0 75
3.200 21.600 0.800 0 175 0
3.200 21.600 1.200 0 175 0
3.200 22.000 0.400 75 0 75
3.200 22.400 0.400 75 0 75
3.200 22.800 0.400 75 0 75
3.200 23.200 0.400 75 0 75
3.200 23.600 4.400 0 175 0
3.200 24.400 3.600 0 175 0
3.200 24.400 4.000 0 175 0
3.200 24.800 0.400 100 150 245
3.200 25.600 0.800 100 150 245
3.200 25.600 1.200 100 150 245
3.200 26.000 0.800 100 150 245
3.200 30.000 0.400 150 240 80
3.200 30.400 0.400 0 175 0
3.200 30.400 1.200 0 175 0
3.200 30.400 1.600 0 175 0
3.200 30.800 0.400 0 175 0
3.200 30.800 0.800 0 175 0
3.200 30.800 1.200 0 175 0
3.200 30.800 1.600 0 175 0
3.200 31.200 0.400 0 175 0
3.200 31.200 0.800 0 175 0
3.200 31.200 1.200 0 175 0
3.200 31.200 1.600 0 175 0
3.200 31.600 0.400 0 175 0
3.200 31.600 0.800 0 175 0
3.200 31.600 1.200 0 175 0
3.200 31.600 1.600 0 175 0
3.200 31.600 2.000 0 175 0
3.200 31.600 2.400 0 175 0
3.200 32.000 0.400 0 175 0
3.200 32.000 0.800 0 175 0
3.200 32.000 1.200 0 175 0
3.200 32.000 1.600 0 175 0
3.200 32.000 2.000 0 175 0
3.200 32.000 2.400 0 175 0
3.200 32.000 2.800 0 175 0
3.200 32.400 0.400 150 240 80
3.200 32.400 0.800 0 175 0
3.200 32.400 1.200 0 175 0
3.200 32.400 1.600 0 175 0
3.200 32.400 2.000 0 175 0
3.200 32.400 2.400 0 175 0
3.200 32.400 2.800 0 175 0
3.200 32.800 0.800 0 175 0
3.200 32.800 1.200 0 175 0
3.200 32.800 1.600 0 175 0
3.200 32.800 2.000 0 175 0
3.200 32.800 2.400 0 175 0
3.200 33.200 0.800 0 175 0
3.200 33.200 1.200 0 175 0
3.200 33.200 1.600 0 175 0
3.200 33.200 2.000 0 175 0
3.200 33.200 2.400 0 175 0
3.200 33.600 0.400 150 240 80
3.200 33.600 0.800 0 175 0
3.200 33.600 1.200 0 175 0
3.200 33.600 1.600 0 175 0
3.200 33.600 2.000 0 175 0
3.200 34.000 0.800 0 175 0
3.200 34.000 1.200 0 175 0
3.200 34.000 1.600 0 175 0
3.200 34.400 0.000 150 240 80
3.200 34.800 1.200 0 175 0
3.200 34.800 1.600 0 175 0
3.200 35.200 0.800 0 175 0
3.200 35.200 1.200 0 175 0
3.200 35.200 1.600 0 175 0
3.200 35.600 0.000 150 240 80
3.200 35.600 0.400 0 175 0
3.200 35.600 0.800 0 175 0
3.200 35.600 1.200 0 175 0
3.200 36.000 0.000 150 240 80
3.200 36.000 0.400 0 175 0
3.200 36.000 0.800 0 175 0
3.200 40.400 2.800 135 60 0
3.200 43.600 2.400 0 175 0
3.200 43.600 2.800 0 175 0
3.200 44.000 2.000 0 175 0
3.200 44.400 1.600 0 175 0
3.200 44.800 1.600 0 175 0
3.200 45.200 1.200 0 175 0
3.200 45.600 0.400 0 175 0
3.200 45.600 0.800 0 175 0
3.200 46.000 2.000 0 175 0
3.200 46.000 2.400 0 175 0
3.200 46.400 2.000 0 175 0
3.200 46.400 2.400 0 175 0
3.200 46.400 2.800 0 175 0
3.600 7.200 2.800 255 200 0
3.600 7.600 2.400 255 200 0
3.600 9.600 2.400 255 200 0
3.600 10.400 2.000 255 200 0
3.600 11.600 2.000 255 200 0
3.600 12.000 1.600 255 200 0
3.600 12.000 2.000 255 200 0
3.600 12.000 2.400 255 200 0
3.600 12.000 2.800 255 200 0
3.600 12.400 1.600 255 200 0
3.600 12.400 2.000 255 200 0
3.600 12.400 2.400 255 200 0
3.600 12.800 1.200 255 200 0
3.600 12.800 1.600 255 200 0
3.600 13.200 1.200 255 200 0
3.600 13.200 1.600 255 30 30
3.600 13.200 2.000 255 30 30
3.600 13.600 1.200 255 200 0
3.600 13.600 1.600 255 30 30
3.600 13.600 2.000 255 30 30
3.600 13.600 2.400 255 30 30
3.600 14.000 1.200 255 200 0
3.600 14.000 2.000 255 30 30
3.600 14.800 0.800 255 200 0
3.600 14.800 2.000 255 120 50
3.600 14.800 3.200 0 175 0
3.600 15.200 0.800 75 0 75
3.600 15.200 1.200 255 120 50
3.600 15.200 1.600 255 120 50
3.600 15.200 2.000 255 120 50
3.600 15.200 2.400 255 120 50
3.600 15.200 2.800 255 120 50
3.600 15.600 0.800 150 240 80
3.600 15.600 1.200 255 120 50
3.600 15.600 2.400 255 120 50
3.600 16.000 0.800 0 175 0
3.600 16.400 0.800 0 175 0
3.600 16.800 0.800 0 175 0
3.600 17.200 0.800 150 240 80
3.600 17.600 0.800 150 240 80
3.600 18.000 0.800 150 240 80
3.600 18.000 3.200 0 175 0
3.600 18.400 3.600 0 175 0
3.600 20.000 3.200 135 60 0
3.600 20.000 3.600 135 60 0
3.600 20.000 4.000 135 60 0
3.600 20.400 3.200 135 60 0
3.600 20.800 0.400 0 175 0
3.600 20.800 0.800 0 175 0
3.600 21.200 0.400 0 175 0
3.600 21.200 0.800 0 175 0
3.600 21.200 1.200 0 175 0
3.600 21.600 0.400 75 0 75
3.600 21.600 0.800 0 175 0
3.600 21.600 1.200 0 175 0
3.600 22.000 0.400 75 0 75
3.600 22.000 3.600 0 175 0
3.600 22.400 0.400 75 0 75
3.600 22.800 0.400 75 0 75
3.600 23.200 0.400 75 0 75
3.600 23.600 0.400 75 0 75
3.600 25.200 4.800 0 175 0
3.600 25.600 1.600 100 150 245
3.600 30.000 0.400 150 240 80
3.600 30.400 0.400 0 175 0
3.600 30.400 1.200 0 175 0
3.600 30.400 1.600 0 175 0
3.600 30.400 3.200 0 175 0
3.600 30.800 0.400 0 175 0
3.600 30.800 0.800 0 175 0
3.600 30.800 1.200 0 175 0
3.600 30.800 1.600 0 175 0
3.600 30.800 2.000 0 175 0
3.600 30.800 2.400 0 175 0
3.600 31.200 0.400 0 175 0
3.600 31.200 0.800 0 175 0
3.600 31.200 1.200 0 175 0
3.600 31.200 1.600 0 175 0
3.600 31.200 2.000 0 175 0
3.600 31.200 3.600 0 175 0
3.600 31.600 0.400 0 175 0
3.600 31.600 0.800 0 175 0
3.600 31.600 1.200 0 175 0
3.600 31.600 1.600 0 175 0
3.600 31.600 2.000 0 175 0
3.600 32.000 0.400 150 240 80
3.600 32.000 0.800 0 175 0
3.600 32.000 1.200 0 175 0
3.600 32.000 1.600 0 175 0
3.600 32.000 2.000 0 175 0
3.600 32.400 0.800 0 175 0
3.600 32.400 1.200 0 175 0
3.600 32.400 1.600 0 175 0
3.600 32.400 2.000 0 175 0
3.600 32.800 0.400 150 240 80
3.600 32.800 0.800 0 175 0
3.600 32.800 1.200 0 175 0
3.600 32.800 1.600 0 175 0
3.600 32.800 2.000 0 175 0
3.600 32.800 2.400 0 175 0
3.600 33.200 0.400 150 240 80
3.600 33.200 0.800 0 175 0
3.600 33.200 1.200 0 175 0
3.600 33.200 1.600 0 175 0
3.600 33.200 2.000 0 175 0
3.600 33.200 2.400 0 175 0
3.600 33.600 0.400 150 240 80
3.600 33.600 0.800 0 175 0
3.600 33.600 1.200 0 175 0
3.600 33.600 1.600 0 175 0
3.600 33.600 2.000 0 175 0
3.600 34.000 0.800 0 175 0
3.600 34.000 1.200 0 175 0
3.600 34.400 0.800 0 175 0
3.600 34.400 1.200 0 175 0
3.600 34.400 1.600 0 175 0
3.600 34.400 2.800 0 175 0
3.600 34.800 0.800 0 175 0
3.600 34.800 1.200 0 175 0
3.600 35.200 0.800 0 175 0
3.600 35.200 1.200 0 175 0
3.600 35.600 0.000 150 240 80
3.600 35.600 1.200 0 175 0
3.600 40.000 2.800 0 175 0
3.600 45.600 0.400 0 175 0
3.600 46.000 2.800 0 175 0
4.000 7.600 2.800 255 200 0
4.000 8.000 2.000 255 200 0
4.000 8.000 2.400 255 200 0
4.000 8.000 2.800 255 200 0
4.000 10.000 2.400 255 200 0
4.000 10.400 2.000 255 200 0
4.000 12.000 1.600 255 200 0
4.000 12.000 2.000 255 200 0
4.000 12.000 2.400 255 200 0
4.000 12.800 1.200 255 200 0
4.000 12.800 1.600 255 200 0
4.000 13.200 1.200 255 200 0
4.000 13.600 1.200 255 200 0
4.000 13.600 2.000 255 30 30
4.000 14.400 1.600 255 120 50
4.000 14.800 0.800 255 200 0
4.000 14.800 1.600 255 120 50
4.000 15.200 0.800 150 240 80
4.000 15.200 1.200 255 120 50
4.000 15.200 1.600 255 120 50
4.000 15.600 0.800 0 175 0
4.000 16.000 0.800 0 175 0
4.000 16.400 0.800 0 175 0
4.000 16.800 0.800 0 175 0
4.000 17.200 0.800 150 240 80
4.000 17.600 0.800 150 240 80
4.000 18.000 0.800 150 240 80
4.000 18.400 3.600 0 175 0
4.000 20.000 3.200 135 60 0
4.000 20.000 3.600 135 60 0
4.000 20.000 4.400 0 175 0
4.000 20.400 0.400 150 240 80
4.000 20.400 3.200 135 60 0
4.000 20.800 0.400 0 175 0
4.000 20.800 0.800 0 175 0
4.000 20.800 1.600 0 175 0
4.000 20.800 3.600 135 60 0
4.000 21.200 0.400 0 175 0
4.000 21.200 0.800 0 175 0
4.000 21.200 1.200 0 175 0
4.000 21.600 0.400 75 0 75
4.000 21.600 1.200 0 175 0
4.000 22.000 0.400 75 0 75
4.000 22.400 0.400 75 0 75
4.000 22.800 0.400 75 0 75
4.000 23.200 0.400 75 0 75
4.000 23.600 0.400 75 0 75
4.000 24.800 0.800 100 150 245
4.000 25.200 0.800 100 150 245
4.000 25.600 0.800 100 150 245
4.000 29.600 0.400 150 240 80
4.000 30.000 0.400 150 240 80
4.000 30.400 0.400 0 175 0
4.000 30.400 1.600 0 175 0
4.000 30.400 2.000 0 175 0
4.000 30.800 0.400 0 175 0
4.000 30.800 1.200 0 175 0
4.000 30.800 1.600 0 175 0
4.000 30.800 2.000 0 175 0
4.000 30.800 2.400 0 175 0
4.000 31.200 0.400 0 175 0
4.000 31.200 0.800 0 175 0
4.000 31.200 1.200 0 175 0
4.000 31.200 1.600 0 175 0
4.000 31.200 2.000 0 175 0
4.000 31.600 0.400 0 175 0
4.000 31.600 0.800 0 175 0
4.000 31.600 1.200 0 175 0
4.000 31.600 2.000 0 175 0
4.000 32.000 0.400 150 240 80
4.000 32.000 0.800 0 175 0
4.000 32.000 1.200 0 175 0
4.000 32.000 1.600 0 175 0
4.000 32.000 2.000 0 175 0
4.000 32.400 0.400 150 240 80
4.000 32.400 0.800 0 175 0
4.000 32.400 1.600 0 175 0
4.000 32.400 2.000 0 175 0
4.000 32.800 0.400 150 240 80
4.000 32.800 1.600 0 175 0
4.000 32.800 2.400 0 175 0
4.000 33.200 1.200 0 175 0
4.000 33.600 0.400 150 240 80
4.000 33.600 0.800 0 175 0
4.000 33.600 1.200 0 175 0
4.000 33.600 1.600 0 175 0
4.000 34.000 0.800 0 175 0
4.000 34.000 1.200 0 175 0
4.000 34.000 1.600 0 175 0
4.000 34.400 1.200 0 175 0
4.000 34.400 1.600 0 175 0
4.000 34.400 2.000 0 175 0
4.000 34.800 0.800 0 175 0
4.000 34.800 1.200 0 175 0
4.000 34.800 1.600 0 175 0
4.000 34.800 2.000 0 175 0
4.000 35.200 0.000 150 240 80
4.000 35.200 0.400 0 175 0
4.000 35.200 1.200 0 175 0
4.000 35.600 0.800 0 175 0
4.000 35.600 1.200 0 175 0
4.000 35.600 1.600 0 175 0
4.000 35.600 2.000 0 175 0
4.000 36.000 0.000 150 240 80
4.000 36.000 1.200 0 175 0
4.000 36.000 1.600 0 175 0
4.000 36.000 2.000 0 175 0
4.000 36.000 2.400 0 175 0
4.000 40.000 2.800 135 60 0
4.000 42.400 3.600 0 175 0
4.000 46.400 1.200 0 175 0
4.000 46.400 1.600 0 175 0
4.000 46.800 1.600 0 175 0
4.400 8.000 2.400 255 200 0
4.400 8.000 2.800 255 200 0
4.400 8.400 2.800 255 200 0
4.400 10.400 2.400 255 200 0
4.400 10.800 1.600 255 200 0
4.400 10.800 2.000 255 200 0
4.400 12.800 1.600 255 200 0
4.400 12.800 2.400 255 200 0
4.400 13.200 1.200 255 200 0
4.400 13.200 1.600 255 200 0
4.400 13.200 2.000 255 200 0
4.400 13.200 2.400 255 200 0
4.400 13.200 2.800 255 200 0
4.400 13.600 1.200 255 200 0
4.400 14.400 0.800 255 200 0
4.400 14.800 0.800 150 240 80
4.400 14.800 1.600 255 120 50
4.400 15.200 0.800 150 240 80
4.400 15.200 1.600 255 120 50
4.400 15.600 0.800 0 175 0
4.400 16.000 0.800 0 175 0
4.400 16.400 0.800 0 175 0
4.400 16.800 0.800 0 175 0
4.400 17.200 0.800 150 240 80
4.400 17.600 0.800 150 240 80
4.400 18.000 0.800 150 240 80
4.400 20.000 3.200 0 175 0
4.400 20.000 3.600 0 175 0
4.400 20.400 3.600 0 175 0
4.400 20.800 0.400 0 175 0
4.400 20.800 0.800 0 175 0
4.400 20.800 1.200 0 175 0
4.400 21.200 0.400 0 175 0
4.400 21.200 0.800 0 175 0
4.400 21.200 1.200 0 175 0
4.400 21.200 3.600 0 175 0
4.400 21.600 0.400 75 0 75
4.400 21.600 1.200 0 175 0
4.400 21.600 3.200 0 175 0
4.400 22.000 0.400 75 0 75
4.400 22.000 4.400 0 175 0
4.400 22.400 0.400 75 0 75
4.400 22.800 0.400 75 0 75
4.400 23.200 0.400 75 0 75
4.400 23.600 0.400 75 0 75
4.400 25.200 0.400 100 150 245
4.400 25.600 0.400 100 150 245
4.400 26.000 0.400 100 150 245
4.400 29.600 0.400 150 240 80
4.400 30.000 0.400 150 240 80
4.400 30.400 0.400 0 175 0
4.400 30.400 2.000 0 175 0
4.400 30.400 2.400 0 175 0
4.400 30.400 2.800 0 175 0
4.400 30.400 3.200 0 175 0
4.400 30.800 0.400 0 175 0
4.400 30.800 0.800 0 175 0
4.400 30.800 1.200 0 175 0
4.400 30.800 1.600 0 175 0
4.400 30.800 2.000 0 175 0
4.400 30.800 2.400 0 175 0
4.400 30.800 2.800 0 175 0
4.400 31.200 0.400 0 175 0
4.400 31.200 0.800 0 175 0
4.400 31.200 1.200 0 175 0
4.400 31.200 1.600 0 175 0
4.400 31.200 2.000 0 175 0
4.400 31.200 2.400 0 175 0
4.400 31.200 2.800 0 175 0
4.400 31.600 0.400 0 175 0
4.400 31.600 0.800 0 175 0
4.400 31.600 1.200 0 175 0
4.400 31.600 2.000 0 175 0
4.400 31.600 2.400 0 175 0
4.400 32.000 0.400 0 175 0
4.400 32.000 0.800 0 175 0
4.400 32.000 1.200 0 175 0
4.400 32.000 1.600 0 175 0
4.400 32.000 2.000 0 175 0
4.400 32.000 3.600 0 175 0
4.400 32.000 4.000 0 175 0
4.400 32.400 0.400 150 240 80
4.400 32.400 0.800 0 175 0
4.400 32.400 1.200 0 175 0
4.400 32.400 1.600 0 175 0
4.400 32.400 2.000 0 175 0
4.400 32.800 0.800 0 175 0
4.400 32.800 1.200 0 175 0
4.400 32.800 1.600 0 175 0
4.400 32.800 2.000 0 175 0
4.400 32.800 2.400 0 175 0
4.400 33.200 0.400 150 240 80
4.400 33.200 0.800 0 175 0
4.400 33.200 1.200 0 175 0
4.400 33.200 1.600 0 175 0
4.400 33.600 1.600 0 175 0
4.400 34.000 1.600 0 175 0
4.400 34.400 2.000 0 175 0
4.400 34.400 2.400 0 175 0
4.400 34.800 1.200 0 175 0
4.400 34.800 1.600 0 175 0
4.400 34.800 2.000 0 175 0
4.400 34.800 2.400 0 175 0
4.400 35.200 0.800 0 175 0
4.400 35.200 1.200 0 175 0
4.400 35.200 1.600 0 175 0
4.400 35.200 2.000 0 175 0
4.400 35.600 0.400 0 175 0
4.400 35.600 0.800 0 175 0
4.400 35.600 1.200 0 175 0
4.400 35.600 1.600 0 175 0
4.400 36.000 1.600 0 175 0
4.400 36.400 2.000 0 175 0
4.400 36.800 3.600 0 175 0
4.400 39.200 2.800 135 60 0
4.400 42.400 3.600 0 175 0
4.400 43.200 3.600 0 175 0
4.400 43.600 2.800 0 175 0
4.400 44.000 2.800 0 175 0
4.400 44.800 3.600 0 175 0
4.400 46.400 1.600 0 175 0
4.400 46.400 2.000 0 175 0
4.400 46.400 2.400 0 175 0
4.400 46.400 2.800 0 175 0
4.400 46.800 1.600 0 175 0
4.400 46.800 2.000 0 175 0
4.400 46.800 2.400 0 175 0
4.400 47.200 2.000 0 175 0
4.800 8.000 2.400 255 200 0
4.800 8.000 2.800 255 200 0
4.800 8.400 2.400 255 200 0
4.800 8.400 2.800 255 200 0
4.800 10.400 2.400 255 200 0
4.800 10.800 2.400 255 200 0
4.800 11.200 1.600 255 200 0
4.800 11.200 2.000 255 200 0
4.800 13.600 0.800 255 200 0
4.800 13.600 1.200 255 200 0
4.800 13.600 1.600 255 200 0
4.800 13.600 2.000 255 200 0
4.800 13.600 2.400 255 200 0
4.800 13.600 2.800 255 200 0
4.800 14.000 0.800 150 240 80
4.800 14.400 0.800 150 240 80
4.800 14.800 0.800 150 240 80
4.800 15.200 0.800 150 240 80
4.800 15.200 1.200 0 175 0
4.800 15.200 1.600 0 175 0
4.800 15.600 0.800 0 175 0
4.800 15.600 1.600 0 175 0
4.800 16.000 0.800 0 175 0
4.800 16.400 0.800 0 175 0
4.800 16.800 0.800 0 175 0
4.800 17.200 0.800 150 240 80
4.800 17.600 0.800 150 240 80
4.800 18.000 0.800 150 240 80
4.800 19.200 3.200 0 175 0
4.800 19.600 3.200 0 175 0
4.800 20.000 3.200 0 175 0
4.800 20.400 0.400 150 240 80
4.800 20.400 3.200 0 175 0
4.800 20.800 0.400 0 175 0
4.800 20.800 2.800 0 175 0
4.800 20.800 3.200 0 175 0
4.800 21.200 0.400 0 175 0
4.800 21.200 0.800 0 175 0
4.800 21.200 1.200 0 175 0
4.800 21.200 2.800 0 175 0
4.800 21.600 0.400 75 0 75
4.800 21.600 1.200 0 175 0
4.800 21.600 2.800 0 175 0
4.800 22.000 0.400 75 0 75
4.800 22.400 0.400 75 0 75
4.800 22.800 0.400 75 0 75
4.800 23.200 0.400 75 0 75
4.800 23.600 0.000 75 0 75
4.800 23.600 0.400 75 0 75
4.800 26.400 1.200 100 150 245
4.800 29.600 0.400 150 240 80
4.800 30.000 0.400 150 240 80
4.800 30.400 0.400 0 175 0
4.800 30.400 1.600 0 175 0
4.800 30.400 2.000 0 175 0
4.800 30.400 2.400 0 175 0
4.800 30.400 2.800 0 175 0
4.800 30.400 3.200 0 175 0
4.800 30.800 0.400 0 175 0
4.800 30.800 0.800 0 175 0
4.800 30.800 1.200 0 175 0
4.800 30.800 1.600 0 175 0
4.800 30.800 2.000 0 175 0
4.800 30.800 2.400 0 175 0
4.800 30.800 2.800 0 175 0
4.800 30.800 3.200 0 175 0
4.800 31.200 0.400 0 175 0
4.800 31.200 0.800 0 175 0
4.800 31.200 1.200 0 175 0
4.800 31.200 1.600 0 175 0
4.800 31.200 2.000 0 175 0
4.800 31.200 2.400 0 175 0
4.800 31.200 2.800 0 175 0
4.800 31.200 3.200 0 175 0
4.800 31.200 3.600 0 175 0
4.800 31.600 0.400 0 175 0
4.800 31.600 0.800 0 175 0
4.800 31.600 1.200 0 175 0
4.800 31.600 1.600 0 175 0
4.800 31.600 2.000 0 175 0
4.800 31.600 2.400 0 175 0
4.800 31.600 3.200 0 175 0
4.800 31.600 3.600 0 175 0
4.800 31.600 4.000 0 175 0
4.800 32.000 0.400 150 240 80
4.800 32.000 0.800 0 175 0
4.800 32.000 1.200 0 175 0
4.800 32.000 1.600 0 175 0
4.800 32.000 2.000 0 175 0
4.800 32.000 2.400 0 175 0
4.800 32.400 0.400 150 240 80
4.800 32.400 0.800 0 175 0
4.800 32.400 1.200 0 175 0
4.800 32.400 1.600 0 175 0
4.800 32.400 2.000 0 175 0
4.800 32.400 2.400 0 175 0
4.800 32.800 0.800 0 175 0
4.800 32.800 1.200 0 175 0
4.800 32.800 1.600 0 175 0
4.800 32.800 2.000 0 175 0
4.800 32.800 2.400 0 175 0
4.800 33.200 1.200 0 175 0
4.800 33.200 1.600 0 175 0
4.800 34.400 2.400 0 175 0
4.800 34.400 2.800 0 175 0
4.800 34.800 1.600 0 175 0
4.800 34.800 2.000 0 175 0
4.800 34.800 2.400 0 175 0
4.800 35.200 0.800 0 175 0
4.800 35.200 1.200 0 175 0
4.800 35.200 1.600 0 175 0
4.800 35.200 2.000 0 175 0
4.800 37.600 0.000 150 240 80
4.800 37.600 0.400 135 60 0
4.800 37.600 0.800 135 60 0
4.800 37.600 1.200 135 60 0
4.800 37.600 1.600 135 60 0
4.800 37.600 2.400 135 60 0
4.800 38.000 1.600 135 60 0
4.800 38.000 2.000 135 60 0
4.800 38.000 2.400 135 60 0
4.800 38.400 2.400 135 60 0
4.800 38.800 2.400 0 175 0
4.800 39.200 2.400 0 175 0
4.800 46.400 2.400 0 175 0
4.800 46.400 2.800 0 175 0
4.800 46.800 1.600 0 175 0
4.800 46.800 2.000 0 175 0
4.800 46.800 2.400 0 175 0
4.800 46.800 3.600 0 175 0
4.800 47.200 2.000 0 175 0
5.200 8.400 2.800 255 200 0
5.200 9.200 1.600 255 200 0
5.200 13.600 0.800 255 200 0
5.200 13.600 1.200 255 200 0
5.200 13.600 1.600 255 200 0
5.200 13.600 2.000 255 200 0
5.200 13.600 2.400 255 200 0
5.200 13.600 2.800 255 200 0
5.200 14.000 0.800 150 240 80
5.200 14.000 2.400 255 200 0
5.200 14.400 0.800 150 240 80
5.200 14.800 0.800 150 240 80
5.200 15.200 0.800 0 175 0
5.200 15.200 1.600 0 175 0
5.200 15.600 0.800 0 175 0
5.200 15.600 1.200 0 175 0
5.200 15.600 1.600 0 175 0
5.200 16.000 0.800 0 175 0
5.200 16.000 1.600 0 175 0
5.200 16.400 0.800 0 175 0
5.200 16.800 0.800 0 175 0
5.200 17.200 0.800 150 240 80
5.200 17.600 0.800 150 240 80
5.200 18.000 0.800 150 240 80
5.200 18.800 3.200 0 175 0
5.200 20.400 2.400 0 175 0
5.200 20.400 2.800 0 175 0
5.200 20.400 3.200 0 175 0
5.200 20.800 0.400 0 175 0
5.200 20.800 0.800 0 175 0
5.200 20.800 2.400 0 175 0
5.200 20.800 2.800 0 175 0
5.200 20.800 3.200 0 175 0
5.200 20.800 4.400 0 175 0
5.200 21.200 0.400 0 175 0
5.200 21.200 0.800 0 175 0
5.200 21.200 1.200 0 175 0
5.200 21.200 2.800 0 175 0
5.200 21.200 3.200 0 175 0
5.200 21.600 0.400 75 0 75
5.200 21.600 1.200 0 175 0
5.200 22.000 0.400 75 0 75
5.200 22.400 0.400 75 0 75
5.200 22.800 0.400 75 0 75
5.200 23.200 0.400 75 0 75
5.200 23.200 3.600 0 175 0
5.200 23.600 0.400 75 0 75
5.200 25.200 0.400 100 150 245
5.200 25.600 0.400 100 150 245
5.200 26.000 0.400 100 150 245
5.200 26.000 0.800 100 150 245
5.200 29.600 0.400 150 240 80
5.200 30.000 0.400 0 175 0
5.200 30.400 0.400 0 175 0
5.200 30.400 1.600 0 175 0
5.200 30.800 0.400 0 175 0
5.200 30.800 0.800 0 175 0
5.200 30.800 1.200 0 175 0
5.200 30.800 1.600 0 175 0
5.200 30.800 2.400 0 175 0
5.200 30.800 2.800 0 175 0
5.200 30.800 3.200 0 175 0
5.200 31.200 0.400 0 175 0
5.200 31.200 1.200 0 175 0
5.200 31.200 2.000 0 175 0
5.200 31.200 2.400 0 175 0
5.200 31.600 0.800 0 175 0
5.200 31.600 1.200 0 175 0
5.200 31.600 1.600 0 175 0
5.200 31.600 2.000 0 175 0
5.200 31.600 2.400 0 175 0
5.200 31.600 3.600 0 175 0
5.200 32.000 0.400 0 175 0
5.200 32.000 0.800 0 175 0
5.200 32.000 1.200 0 175 0
5.200 32.000 1.600 0 175 0
5.200 32.000 2.000 0 175 0
5.200 32.000 2.400 0 175 0
5.200 32.400 0.800 0 175 0
5.200 32.400 1.200 0 175 0
5.200 32.400 1.600 0 175 0
5.200 32.400 2.000 0 175 0
5.200 32.400 2.400 0 175 0
5.200 32.800 0.800 0 175 0
5.200 32.800 1.200 0 175 0
5.200 32.800 1.600 0 175 0
5.200 32.800 2.000 0 175 0
5.200 32.800 2.400 0 175 0
5.200 32.800 2.800 0 175 0
5.200 33.200 0.800 0 175 0
5.200 33.200 1.200 0 175 0
5.200 33.200 2.800 0 175 0
5.200 33.600 1.200 0 175 0
5.200 34.000 0.400 150 240 80
5.200 34.000 0.800 0 175 0
5.200 34.000 1.200 0 175 0
5.200 34.000 2.800 0 175 0
5.200 34.400 2.000 0 175 0
5.200 34.800 0.400 0 175 0
5.200 34.800 0.800 0 175 0
5.200 34.800 2.000 0 175 0
5.200 34.800 2.400 0 175 0
5.200 35.200 0.800 0 175 0
5.200 35.200 1.200 0 175 0
5.200 35.200 1.600 0 175 0
5.200 35.200 2.400 0 175 0
5.200 35.600 1.600 0 175 0
5.200 35.600 2.400 0 175 0
5.200 36.000 0.800 0 175 0
5.200 36.400 0.400 0 175 0
5.200 37.200 0.000 135 60 0
5.200 37.600 0.000 135 60 0
5.200 37.600 0.800 135 60 0
5.200 37.600 1.200 135 60 0
5.200 37.600 1.600 135 60 0
5.200 37.600 2.000 135 60 0
5.200 37.600 2.400 135 60 0
5.200 37.600 2.800 135 60 0
5.200 37.600 3.200 135 60 0
5.200 38.000 2.000 135 60 0
5.200 38.800 2.800 135 60 0
5.200 46.400 2.400 0 175 0
5.200 46.400 2.800 0 175 0
5.200 46.800 2.000 0 175 0
5.200 46.800 2.400 0 175 0
5.200 46.800 3.600 0 175 0
5.200 47.200 3.600 0 175 0
5.200 48.000 0.400 0 175 0
5.600 8.800 2.800 255 200 0
5.600 9.200 2.400 255 200 0
5.600 10.400 2.400 255 200 0
5.600 11.600 2.400 255 200 0
5.600 11.600 2.800 255 200 0
5.600 13.600 0.800 255 200 0
5.600 13.600 1.200 255 200 0
5.600 14.000 0.800 255 200 0
5.600 14.000 1.200 255 200 0
5.600 14.000 1.600 255 200 0
5.600 14.000 2.000 255 200 0
5.600 14.000 2.400 255 200 0
5.600 14.000 2.800 255 200 0
5.600 14.000 3.200 255 200 0
5.600 14.400 0.800 150 240 80
5.600 14.800 0.800 150 240 80
5.600 15.200 0.800 150 240 80
5.600 15.600 0.800 0 175 0
5.600 15.600 1.200 0 175 0
5.600 15.600 1.600 0 175 0
5.600 16.000 0.800 0 175 0
5.600 16.000 1.200 0 175 0
5.600 16.400 0.800 0 175 0
5.600 16.800 0.800 0 175 0
5.600 17.200 0.800 150 240 80
5.600 17.600 0.800 150 240 80
5.600 18.000 0.800 150 240 80
5.600 18.400 0.800 150 240 80
5.600 20.400 2.400 0 175 0
5.600 20.800 0.400 0 175 0
5.600 20.800 0.800 0 175 0
5.600 21.200 0.400 0 175 0
5.600 21.200 0.800 0 175 0
5.600 21.200 1.200 0 175 0
5.600 21.200 3.200 0 175 0
5.600 21.200 4.000 0 175 0
5.600 21.600 0.400 75 0 75
5.600 21.600 4.400 0 175 0
5.600 22.000 0.400 75 0 75
5.600 22.400 0.400 75 0 75
5.600 22.800 0.400 75 0 75
5.600 23.200 0.400 75 0 75
5.600 23.600 0.400 75 0 75
5.600 28.800 4.800 0 175 0
5.600 29.600 0.400 150 240 80
5.600 30.000 0.400 0 175 0
5.600 30.400 0.400 0 175 0
5.600 30.800 0.400 0 175 0
5.600 30.800 2.400 0 175 0
5.600 31.200 0.400 0 175 0
5.600 31.200 0.800 0 175 0
5.600 31.200 2.400 0 175 0
5.600 31.200 3.200 0 175 0
5.600 31.600 0.400 0 175 0
5.600 31.600 0.800 0 175 0
5.600 31.600 2.000 0 175 0
5.600 31.600 2.400 0 175 0
5.600 32.000 0.400 0 175 0
5.600 32.000 0.800 0 175 0
5.600 32.000 1.200 0 175 0
5.600 32.000 2.000 0 175 0
5.600 32.000 2.400 0 175 0
5.600 32.000 2.800 0 175 0
5.600 32.000 3.200 0 175 0
5.600 32.000 3.600 0 175 0
5.600 32.400 0.400 150 240 80
5.600 32.400 0.800 0 175 0
5.600 32.400 1.200 0 175 0
5.600 32.400 2.000 0 175 0
5.600 32.400 2.400 0 175 0
5.600 32.800 0.400 150 240 80
5.600 32.800 2.400 0 175 0
5.600 32.800 2.800 0 175 0
5.600 33.200 0.400 150 240 80
5.600 33.200 1.200 0 175 0
5.600 33.200 2.400 0 175 0
5.600 33.600 1.200 0 175 0
5.600 34.000 0.400 150 240 80
5.600 34.000 0.800 0 175 0
5.600 34.000 1.200 0 175 0
5.600 34.000 1.600 0 175 0
5.600 34.400 0.400 150 240 80
5.600 34.400 0.800 0 175 0
5.600 34.400 1.200 0 175 0
5.600 34.800 0.400 0 175 0
5.600 34.800 1.200 0 175 0
5.600 35.200 0.400 0 175 0
5.600 35.200 0.800 0 175 0
5.600 35.200 1.200 0 175 0
5.600 35.600 0.400 0 175 0
5.600 35.600 0.800 0 175 0
5.600 35.600 1.600 0 175 0
5.600 36.000 0.400 150 240 80
5.600 36.000 0.800 0 175 0
5.600 37.600 0.000 135 60 0
5.600 38.000 1.600 135 60 0
5.600 38.000 2.000 135 60 0
5.600 38.000 2.400 135 60 0
5.600 39.200 2.800 0 175 0
5.600 39.600 2.800 135 60 0
5.600 41.200 2.800 0 175 0
5.600 42.000 2.800 0 175 0
5.600 45.600 3.200 0 175 0
5.600 46.400 2.000 0 175 0
5.600 46.400 2.400 0 175 0
5.600 46.400 2.800 0 175 0
5.600 46.400 3.200 0 175 0
5.600 46.800 1.200 0 175 0
5.600 46.800 1.600 0 175 0
5.600 46.800 2.400 0 175 0
5.600 47.200 0.800 0 175 0
5.600 47.200 2.000 0 175 0
5.600 47.200 2.400 0 175 0
5.600 47.600 0.800 0 175 0
6.000 8.800 2.800 255 200 0
6.000 10.800 2.400 255 200 0
6.000 11.200 2.400 255 200 0
6.000 11.200 2.800 255 200 0
6.000 11.200 3.200 255 200 0
6.000 11.600 2.400 255 200 0
6.000 11.600 2.800 255 200 0
6.000 12.000 2.800 255 200 0
6.000 12.800 2.400 255 200 0
6.000 12.800 2.800 255 200 0
6.000 13.600 2.400 255 200 0
6.000 13.600 2.800 255 200 0
6.000 14.000 1.200 255 200 0
6.000 14.000 1.600 255 200 0
6.000 14.000 2.000 255 200 0
6.000 14.000 2.400 255 200 0
6.000 14.000 2.800 255 200 0
6.000 14.000 3.200 255 200 0
6.000 14.400 0.800 150 240 80
6.000 14.400 1.200 255 200 0
6.000 14.400 1.600 255 200 0
6.000 14.400 2.000 255 200 0
6.000 14.800 0.800 150 240 80
6.000 15.200 0.800 150 240 80
6.000 15.600 0.800 0 175 0
6.000 15.600 1.200 0 175 0
6.000 15.600 1.600 0 175 0
6.000 16.000 0.800 0 175 0
6.000 16.000 1.200 0 175 0
6.000 16.000 1.600 0 175 0
6.000 16.400 0.800 0 175 0
6.000 16.800 0.800 0 175 0
6.000 17.200 0.800 150 240 80
6.000 17.600 0.800 150 240 80
6.000 18.000 0.800 150 240 80
6.000 18.400 0.800 150 240 80
6.000 20.800 0.400 0 175 0
6.000 20.800 0.800 0 175 0
6.000 21.200 0.400 0 175 0
6.000 21.200 0.800 0 175 0
6.000 21.200 1.200 0 175 0
6.000 21.600 0.400 75 0 75
6.000 22.000 0.400 75 0 75
6.000 22.400 0.400 75 0 75
6.000 22.800 0.400 75 0 75
6.000 23.200 0.400 75 0 75
6.000 23.600 0.400 75 0 75
6.000 24.000 4.400 0 175 0
6.000 24.400 4.000 0 175 0
6.000 24.800 0.400 100 150 245
6.000 24.800 0.800 100 150 245
6.000 25.200 0.400 100 150 245
6.000 25.200 0.800 100 150 245
6.000 25.600 0.400 100 150 245
6.000 25.600 0.800 100 150 245
6.000 26.000 0.400 100 150 245
6.000 26.000 0.800 100 150 245
6.000 29.600 0.400 150 240 80
6.000 30.000 0.400 0 175 0
6.000 30.400 0.400 0 175 0
6.000 30.800 0.400 0 175 0
6.000 31.200 0.400 0 175 0
6.000 31.200 0.800 0 175 0
6.000 31.200 2.000 0 175 0
6.000 31.200 2.400 0 175 0
6.000 31.600 0.400 0 175 0
6.000 31.600 0.800 0 175 0
6.000 31.600 1.200 0 175 0
6.000 31.600 1.600 0 175 0
6.000 31.600 2.000 0 175 0
6.000 31.600 2.400 0 175 0
6.000 32.000 0.400 0 175 0
6.000 32.000 0.800 0 175 0
6.000 32.000 1.200 0 175 0
6.000 32.000 2.400 0 175 0
6.000 32.400 0.400 150 240 80
6.000 32.400 0.800 0 175 0
6.000 32.800 0.400 150 240 80
6.000 32.800 0.800 0 175 0
6.000 33.200 0.400 150 240 80
6.000 33.200 0.800 0 175 0
6.000 33.600 0.400 150 240 80
6.000 33.600 0.800 0 175 0
6.000 34.000 0.400 150 240 80
6.000 34.000 0.800 0 175 0
6.000 34.000 1.200 0 175 0
6.000 34.000 1.600 0 175 0
6.000 34.400 0.400 0 175 0
6.000 34.400 0.800 0 175 0
6.000 34.400 1.200 0 175 0
6.000 34.400 1.600 0 175 0
6.000 34.400 2.000 0 175 0
6.000 34.800 0.400 150 240 80
6.000 34.800 0.800 0 175 0
6.000 34.800 1.200 0 175 0
6.000 35.200 0.000 150 240 80
6.000 35.200 0.400 0 175 0
6.000 35.200 0.800 0 175 0
6.000 35.200 1.200 0 175 0
6.000 35.200 1.600 0 175 0
6.000 35.600 0.800 0 175 0
6.000 36.000 0.800 0 175 0
6.000 36.000 1.200 0 175 0
6.000 36.400 1.200 0 175 0
6.000 36.400 2.000 0 175 0
6.000 36.800 0.800 0 175 0
6.000 36.800 2.000 0 175 0
6.000 41.200 2.800 0 175 0
6.000 41.600 2.800 0 175 0
6.000 42.800 2.400 0 175 0
6.000 42.800 2.800 0 175 0
6.000 43.200 2.400 0 175 0
6.000 43.600 2.400 0 175 0
6.000 44.000 2.000 0 175 0
6.000 45.200 3.600 0 175 0
6.000 45.600 3.200 0 175 0
6.000 46.000 2.800 0 175 0
6.000 46.400 2.800 0 175 0
6.000 46.800 1.200 0 175 0
6.000 46.800 1.600 0 175 0
6.000 46.800 2.400 0 175 0
6.000 47.200 0.800 0 175 0
6.000 47.200 1.200 0 175 0
6.000 47.600 0.000 0 175 0
6.400 8.800 2.800 255 200 0
6.400 9.200 2.400 255 200 0
6.400 9.200 2.800 255 200 0
6.400 10.800 2.400 255 200 0
6.400 10.800 2.800 255 200 0
6.400 10.800 3.200 255 200 0
6.400 10.800 3.600 255 200 0
6.400 14.000 2.800 255 200 0
6.400 14.400 0.800 255 200 0
6.400 14.400 1.200 255 200 0
6.400 14.400 1.600 255 200 0
6.400 14.400 2.000 255 200 0
6.400 14.800 0.800 150 240 80
6.400 15.200 0.800 150 240 80
6.400 15.600 0.800 150 240 80
6.400 16.000 0.800 0 175 0
6.400 16.000 1.200 0 175 0
6.400 16.400 0.800 0 175 0
6.400 16.800 0.800 150 240 80
6.400 17.200 0.800 150 240 80
6.400 17.600 0.800 150 240 80
6.400 18.000 0.800 150 240 80
6.400 18.400 0.800 150 240 80
6.400 18.800 0.800 150 240 80
6.400 19.200 0.800 0 175 0
6.400 19.600 0.800 0 175 0
6.400 20.000 0.800 0 175 0
6.400 20.000 1.200 0 175 0
6.400 20.400 0.800 0 175 0
6.400 20.800 0.400 0 175 0
6.400 20.800 0.800 0 175 0
6.400 20.800 1.200 0 175 0
6.400 20.800 1.600 0 175 0
6.400 21.200 0.400 0 175 0
6.400 21.200 0.800 0 175 0
6.400 21.200 1.200 0 175 0
6.400 21.200 4.400 0 175 0
6.400 21.600 0.400 75 0 75
6.400 21.600 4.400 0 175 0
6.400 22.000 0.400 75 0 75
6.400 22.400 0.400 75 0 75
6.400 22.800 0.400 75 0 75
6.400 23.200 0.400 75 0 75
6.400 23.600 0.400 75 0 75
6.400 24.000 3.600 0 175 0
6.400 24.000 4.800 0 175 0
6.400 24.400 3.600 0 175 0
6.400 24.400 4.400 0 175 0
6.400 24.800 4.400 0 175 0
6.400 25.600 0.800 100 150 245
6.400 29.200 4.800 0 175 0
6.400 29.600 0.400 150 240 80
6.400 29.600 4.800 0 175 0
6.400 30.000 0.400 0 175 0
6.400 30.400 0.400 0 175 0
6.400 30.800 0.400 0 175 0
6.400 30.800 2.000 0 175 0
6.400 30.800 2.800 0 175 0
6.400 31.200 0.400 0 175 0
6.400 31.200 0.800 0 175 0
6.400 31.200 1.200 0 175 0
6.400 31.200 1.600 0 175 0
6.400 31.200 2.000 0 175 0
6.400 31.200 2.400 0 175 0
6.400 31.600 0.800 0 175 0
6.400 31.600 1.200 0 175 0
6.400 31.600 1.600 0 175 0
6.400 31.600 2.000 0 175 0
6.400 31.600 2.400 0 175 0
6.400 32.000 0.800 0 175 0
6.400 32.000 1.200 0 175 0
6.400 32.000 1.600 0 175 0
6.400 32.000 2.000 0 175 0
6.400 32.000 2.400 0 175 0
6.400 32.400 0.400 150 240 80
6.400 32.400 0.800 0 175 0
6.400 32.800 0.400 150 240 80
6.400 32.800 0.800 0 175 0
6.400 33.200 0.800 0 175 0
6.400 33.600 0.400 150 240 80
6.400 33.600 0.800 0 175 0
6.400 34.000 0.400 150 240 80
6.400 34.000 0.800 0 175 0
6.400 34.000 1.200 0 175 0
6.400 34.400 0.400 150 240 80
6.400 34.400 0.800 0 175 0
6.400 34.400 1.200 0 175 0
6.400 34.400 2.000 0 175 0
6.400 34.800 0.400 150 240 80
6.400 34.800 0.800 0 175 0
6.400 34.800 1.200 0 175 0
6.400 34.800 1.600 0 175 0
6.400 34.800 2.000 0 175 0
6.400 35.200 0.400 0 175 0
6.400 35.200 0.800 0 175 0
6.400 35.200 1.200 0 175 0
6.400 35.200 1.600 0 175 0
6.400 35.600 0.000 150 240 80
6.400 35.600 0.400 0 175 0
6.400 35.600 0.800 0 175 0
6.400 35.600 1.200 0 175 0
6.400 35.600 1.600 0 175 0
6.400 36.000 0.800 0 175 0
6.400 36.000 1.200 0 175 0
6.400 36.000 1.600 0 175 0
6.400 36.400 2.000 0 175 0
6.400 43.200 2.400 0 175 0
6.400 43.600 2.400 0 175 0
6.400 44.000 2.000 0 175 0
6.400 44.000 2.400 0 175 0
6.400 46.000 3.200 0 175 0
6.400 46.400 2.800 0 175 0
6.400 46.800 1.200 0 175 0
6.400 46.800 2.000 0 175 0
6.400 46.800 2.400 0 175 0
6.400 47.200 0.400 0 175 0
6.400 47.200 0.800 0 175 0
6.400 47.200 2.000 0 175 0
6.400 47.600 0.000 0 175 0
6.400 47.600 0.400 0 175 0
6.400 47.600 0.800 0 175 0
6.400 47.600 1.200 0 175 0
6.400 47.600 1.600 0 175 0
6.400 47.600 2.000 0 175 0
6.400 48.000 0.800 0 175 0
6.400 48.000 1.600 0 175 0
6.800 10.000 2.400 255 200 0
6.800 10.000 2.800 255 200 0
6.800 14.400 2.000 255 200 0
6.800 14.400 2.400 255 200 0
6.800 14.400 2.800 255 200 0
6.800 14.800 0.800 255 200 0
6.800 14.800 1.200 255 200 0
6.800 14.800 1.600 255 200 0
6.800 14.800 2.000 255 200 0
6.800 15.200 0.800 150 240 80
6.800 15.600 0.800 150 240 80
6.800 16.000 0.800 150 240 80
6.800 16.400 0.800 0 175 0
6.800 16.800 0.800 150 240 80
6.800 16.800 1.200 0 175 0
6.800 17.200 0.800 150 240 80
6.800 17.600 0.800 150 240 80
6.800 18.400 0.800 150 240 80
6.800 18.800 0.800 0 175 0
6.800 19.200 0.800 0 175 0
6.800 19.200 1.200 0 175 0
6.800 19.600 0.400 0 175 0
6.800 19.600 0.800 0 175 0
6.800 19.600 1.200 0 175 0
6.800 20.000 0.400 0 175 0
6.800 20.000 0.800 0 175 0
6.800 20.000 1.200 0 175 0
6.800 20.400 0.400 0 175 0
6.800 20.400 0.800 0 175 0
6.800 20.800 0.400 0 175 0
6.800 20.800 0.800 0 175 0
6.800 20.800 1.200 0 175 0
6.800 20.800 1.600 0 175 0
6.800 21.200 0.400 75 0 75
6.800 21.200 0.800 0 175 0
6.800 21.200 1.200 0 175 0
6.800 21.600 0.400 75 0 75
6.800 21.600 3.200 0 175 0
6.800 22.000 0.400 75 0 75
6.800 22.400 0.400 75 0 75
6.800 22.800 0.400 75 0 75
6.800 23.200 0.400 75 0 75
6.800 23.200 3.600 0 175 0
6.800 23.600 0.400 75 0 75
6.800 23.600 4.800 0 175 0
6.800 24.800 0.400 100 150 245
6.800 24.800 0.800 100 150 245
6.800 25.600 1.600 100 150 245
6.800 26.000 0.400 100 150 245
6.800 29.600 0.400 150 240 80
6.800 29.600 4.400 0 175 0
6.800 29.600 4.800 0 175 0
6.800 30.000 0.400 0 175 0
6.800 30.400 0.400 0 175 0
6.800 30.400 2.400 0 175 0
6.800 30.800 0.400 0 175 0
6.800 30.800 2.400 0 175 0
6.800 31.200 0.400 0 175 0
6.800 31.200 0.800 0 175 0
6.800 31.200 1.200 0 175 0
6.800 31.200 1.600 0 175 0
6.800 31.200 2.000 0 175 0
6.800 31.200 2.400 0 175 0
6.800 31.200 2.800 0 175 0
6.800 31.200 3.600 0 175 0
6.800 31.600 0.800 0 175 0
6.800 31.600 1.200 0 175 0
6.800 31.600 1.600 0 175 0
6.800 31.600 2.000 0 175 0
6.800 31.600 2.400 0 175 0
6.800 31.600 3.200 0 175 0
6.800 32.000 0.800 0 175 0
6.800 32.000 1.200 0 175 0
6.800 32.000 1.600 0 175 0
6.800 32.000 2.000 0 175 0
6.800 32.000 2.400 0 175 0
6.800 32.400 0.800 0 175 0
6.800 32.400 2.000 0 175 0
6.800 32.800 0.400 150 240 80
6.800 32.800 0.800 0 175 0
6.800 32.800 1.200 0 175 0
6.800 33.200 0.400 150 240 80
6.800 33.200 0.800 0 175 0
6.800 33.200 1.200 0 175 0
6.800 33.600 0.400 150 240 80
6.800 34.000 0.400 150 240 80
6.800 34.400 0.400 150 240 80
6.800 34.400 1.600 0 175 0
6.800 34.800 0.400 0 175 0
6.800 34.800 0.800 0 175 0
6.800 34.800 1.200 0 175 0
6.800 34.800 1.600 0 175 0
6.800 35.200 0.000 150 240 80
6.800 35.200 0.400 0 175 0
6.800 35.200 0.800 0 175 0
6.800 35.200 1.200 0 175 0
6.800 35.200 1.600 0 175 0
6.800 35.200 2.000 0 175 0
6.800 35.600 0.800 0 175 0
6.800 35.600 1.600 0 175 0
6.800 35.600 2.000 0 175 0
6.800 36.000 0.800 0 175 0
6.800 36.000 1.600 0 175 0
6.800 36.400 0.800 0 175 0
6.800 36.800 0.800 0 175 0
6.800 40.800 2.800 0 175 0
6.800 42.800 2.400 0 175 0
6.800 44.800 1.600 0 175 0
6.800 45.200 1.600 0 175 0
6.800 45.600 1.600 0 175 0
6.800 46.000 1.600 0 175 0
6.800 46.000 2.400 0 175 0
6.800 46.400 1.200 0 175 0
6.800 46.400 2.400 0 175 0
6.800 46.400 2.800 0 175 0
6.800 46.800 0.800 0 175 0
6.800 46.800 1.200 0 175 0
6.800 46.800 2.000 0 175 0
6.800 46.800 2.400 0 175 0
6.800 47.200 0.400 0 175 0
6.800 47.200 0.800 0 175 0
6.800 47.600 0.000 0 175 0
6.800 47.600 0.400 0 175 0
6.800 48.000 0.400 0 175 0
7.200 9.200 2.800 255 200 0
7.200 9.600 2.800 255 200 0
7.200 9.600 3.200 255 200 0
7.200 10.000 2.400 255 200 0
7.200 10.000 2.800 255 200 0
7.200 14.800 0.800 255 200 0
7.200 14.800 1.200 255 200 0
7.200 14.800 1.600 255 200 0
7.200 14.800 2.000 255 200 0
7.200 14.800 2.400 255 200 0
7.200 15.200 0.800 150 240 80
7.200 15.200 2.400 255 200 0
7.200 15.600 0.800 150 240 80
7.200 16.000 0.800 150 240 80
7.200 16.400 0.800 0 175 0
7.200 16.800 0.800 0 175 0
7.200 16.800 1.200 0 175 0
7.200 16.800 1.600 0 175 0
7.200 17.200 0.800 150 240 80
7.200 17.600 0.800 150 240 80
7.200 18.000 0.800 150 240 80
7.200 18.400 0.800 0 175 0
7.200 18.400 2.000 0 175 0
7.200 18.800 0.800 0 175 0
7.200 18.800 1.200 0 175 0
7.200 18.800 1.600 0 175 0
7.200 19.200 0.800 0 175 0
7.200 19.200 1.200 0 175 0
7.200 19.600 0.400 0 175 0
7.200 19.600 0.800 0 175 0
7.200 20.000 0.400 75 0 75
7.200 20.400 0.400 75 0 75
7.200 20.400 0.800 0 175 0
7.200 20.400 1.200 0 175 0
7.200 20.800 0.400 75 0 75
7.200 20.800 0.800 0 175 0
7.200 20.800 1.200 0 175 0
7.200 21.200 0.400 75 0 75
7.200 21.200 4.400 0 175 0
7.200 21.600 0.400 75 0 75
7.200 21.600 3.200 0 175 0
7.200 22.000 0.400 75 0 75
7.200 22.400 0.400 75 0 75
7.200 22.800 0.400 75 0 75
7.200 22.800 4.400 0 175 0
7.200 23.200 0.400 75 0 75
7.200 23.200 2.800 0 175 0
7.200 23.200 3.200 0 175 0
7.200 23.200 3.600 0 175 0
7.200 23.200 4.400 0 175 0
7.200 23.200 4.800 0 175 0
7.200 23.600 0.400 75 0 75
7.200 23.600 3.600 0 175 0
7.200 23.600 4.400 0 175 0
7.200 24.000 3.600 0 175 0
7.200 24.800 0.400 255 0 255
7.200 29.600 0.400 150 240 80
7.200 30.000 0.400 0 175 0
7.200 30.000 3.200 0 175 0
7.200 30.400 0.400 0 175 0
7.200 30.400 2.400 0 175 0
7.200 30.800 0.400 0 175 0
7.200 30.800 2.800 0 175 0
7.200 31.200 0.400 0 175 0
7.200 31.200 0.800 0 175 0
7.200 31.200 1.200 0 175 0
7.200 31.200 1.600 0 175 0
7.200 31.200 2.000 0 175 0
7.200 31.200 2.400 0 175 0
7.200 31.600 0.800 0 175 0
7.200 31.600 1.200 0 175 0
7.200 31.600 1.600 0 175 0
7.200 31.600 2.000 0 175 0
7.200 31.600 2.400 0 175 0
7.200 31.600 2.800 0 175 0
7.200 32.000 0.800 0 175 0
7.200 32.000 1.200 0 175 0
7.200 32.000 1.600 0 175 0
7.200 32.000 2.000 0 175 0
7.200 32.400 0.400 150 240 80
7.200 32.400 2.400 0 175 0
7.200 32.800 0.400 150 240 80
7.200 32.800 0.800 0 175 0
7.200 33.200 0.400 150 240 80
7.200 33.200 0.800 0 175 0
7.200 33.600 0.400 150 240 80
7.200 33.600 2.400 0 175 0
7.200 34.000 0.400 150 240 80
7.200 34.000 2.400 0 175 0
7.200 34.400 0.400 0 175 0
7.200 34.400 0.800 0 175 0
7.200 34.800 0.000 150 240 80
7.200 34.800 0.400 0 175 0
7.200 34.800 0.800 0 175 0
7.200 35.200 0.000 150 240 80
7.200 35.200 0.400 0 175 0
7.200 35.200 0.800 0 175 0
7.200 35.200 2.000 0 175 0
7.200 35.600 0.000 150 240 80
7.200 35.600 0.800 0 175 0
7.200 35.600 1.200 0 175 0
7.200 35.600 2.000 0 175 0
7.200 36.000 0.800 0 175 0
7.200 36.400 0.800 0 175 0
7.200 37.200 0.400 150 240 80
7.200 45.200 3.600 0 175 0
7.200 45.600 2.800 0 175 0
7.200 45.600 3.200 0 175 0
7.200 46.000 1.200 0 175 0
7.200 46.000 2.800 0 175 0
7.200 46.400 1.200 0 175 0
7.200 46.400 2.400 0 175 0
7.200 46.800 0.800 0 175 0
7.200 46.800 1.200 0 175 0
7.200 46.800 1.600 0 175 0
7.200 46.800 2.000 0 175 0
7.200 46.800 2.400 0 175 0
7.200 47.200 0.000 0 175 0
7.200 47.200 0.400 0 175 0
7.200 47.200 1.600 0 175 0
7.200 47.600 0.000 0 175 0
7.600 8.800 2.800 255 200 0
7.600 8.800 3.200 255 200 0
7.600 9.200 2.400 255 200 0
7.600 9.200 2.800 255 200 0
7.600 9.600 2.400 255 200 0
7.600 10.400 2.400 255 200 0
7.600 10.400 2.800 255 200 0
7.600 10.400 3.200 255 200 0
7.600 15.200 0.800 255 200 0
7.600 15.200 1.200 255 200 0
7.600 15.200 1.600 255 200 0
7.600 15.200 2.000 255 200 0
7.600 15.200 2.400 255 200 0
7.600 15.200 2.800 255 200 0
7.600 15.600 0.800 150 240 80
7.600 16.000 0.800 150 240 80
7.600 16.400 0.800 150 240 80
7.600 16.800 0.800 0 175 0
7.600 16.800 1.200 0 175 0
7.600 17.200 1.200 0 175 0
7.600 17.200 1.600 0 175 0
7.600 17.200 2.000 0 175 0
7.600 17.600 0.800 150 240 80
7.600 17.600 1.200 0 175 0
7.600 17.600 1.600 0 175 0
7.600 18.000 0.800 150 240 80
7.600 18.000 1.200 0 175 0
7.600 18.000 1.600 0 175 0
7.600 18.400 0.800 0 175 0
7.600 18.400 1.200 0 175 0
7.600 18.400 1.600 0 175 0
7.600 18.400 2.000 0 175 0
7.600 18.800 0.400 0 175 0
7.600 18.800 0.800 0 175 0
7.600 18.800 1.200 0 175 0
7.600 18.800 1.600 0 175 0
7.600 18.800 2.000 0 175 0
7.600 19.200 0.400 75 0 75
7.600 19.200 0.800 0 175 0
7.600 19.200 1.200 0 175 0
7.600 19.600 0.400 75 0 75
7.600 20.000 0.400 75 0 75
7.600 20.400 0.400 75 0 75
7.600 20.800 0.400 75 0 75
7.600 21.200 0.400 75 0 75
7.600 21.600 0.400 75 0 75
7.600 21.600 4.000 0 175 0
7.600 22.000 0.400 75 0 75
7.600 22.400 0.400 75 0 75
7.600 22.800 0.400 75 0 75
7.600 22.800 4.400 0 175 0
7.600 23.200 0.400 75 0 75
7.600 23.200 2.800 0 175 0
7.600 23.200 3.200 0 175 0
7.600 23.200 3.600 0 175 0
7.600 23.200 4.400 0 175 0
7.600 23.600 0.400 75 0 75
7.600 23.600 2.800 0 175 0
7.600 23.600 3.200 0 175 0
7.600 23.600 4.800 0 175 0
7.600 24.000 3.200 0 175 0
7.600 24.800 0.800 100 150 245
7.600 24.800 4.800 0 175 0
7.600 25.600 1.600 100 150 245
7.600 26.000 0.800 100 150 245
7.600 26.400 0.400 255 0 255
7.600 29.600 0.400 150 240 80
7.600 30.000 0.400 0 175 0
7.600 30.000 2.000 0 175 0
7.600 30.400 0.400 0 175 0
7.600 30.400 3.200 0 175 0
7.600 30.800 0.400 0 175 0
7.600 30.800 2.400 0 175 0
7.600 30.800 2.800 0 175 0
7.600 31.200 0.400 0 175 0
7.600 31.200 0.800 0 175 0
7.600 31.200 2.000 0 175 0
7.600 31.200 2.400 0 175 0
7.600 31.600 0.400 0 175 0
7.600 31.600 0.800 0 175 0
7.600 31.600 1.200 0 175 0
7.600 31.600 2.000 0 175 0
7.600 31.600 2.400 0 175 0
7.600 32.000 0.400 0 175 0
7.600 32.000 0.800 0 175 0
7.600 32.000 1.200 0 175 0
7.600 32.000 2.400 0 175 0
7.600 32.400 0.400 150 240 80
7.600 32.400 1.200 0 175 0
7.600 32.400 2.400 0 175 0
7.600 32.800 2.400 0 175 0
7.600 33.200 0.400 150 240 80
7.600 33.200 3.200 0 175 0
7.600 33.600 0.400 150 240 80
7.600 34.000 0.400 150 240 80
7.600 34.000 2.000 0 175 0
7.600 34.000 2.400 0 175 0
7.600 34.400 2.800 0 175 0
7.600 34.800 0.000 150 240 80
7.600 34.800 0.400 0 175 0
7.600 35.200 0.000 150 240 80
7.600 35.200 2.000 0 175 0
7.600 35.600 0.000 150 240 80
7.600 46.000 1.200 0 175 0
7.600 46.000 2.000 0 175 0
7.600 46.000 2.400 0 175 0
7.600 46.400 1.200 0 175 0
7.600 46.800 0.800 0 175 0
7.600 46.800 1.200 0 175 0
7.600 46.800 2.400 0 175 0
7.600 46.800 2.800 0 175 0
7.600 47.200 0.800 0 175 0
8.000 8.000 2.400 255 200 0
8.000 8.000 2.800 255 200 0
8.000 8.000 3.200 255 200 0
8.000 8.400 2.400 255 200 0
8.000 8.400 2.800 255 200 0
8.000 8.400 3.200 255 200 0
8.000 9.200 2.400 255 200 0
8.000 15.200 1.200 255 200 0
8.000 15.200 1.600 255 200 0
8.000 15.200 2.000 255 200 0
8.000 15.600 0.800 150 240 80
8.000 15.600 1.200 255 200 0
8.000 15.600 1.600 255 200 0
8.000 15.600 2.000 255 200 0
8.000 15.600 2.400 255 200 0
8.000 15.600 2.800 255 200 0
8.000 16.000 0.800 150 240 80
8.000 16.400 0.800 150 240 80
8.000 16.400 1.200 0 175 0
8.000 16.800 0.800 150 240 80
8.000 16.800 1.600 0 175 0
8.000 17.200 0.800 150 240 80
8.000 17.200 1.200 0 175 0
8.000 17.200 1.600 0 175 0
8.000 17.200 2.000 0 175 0
8.000 17.600 0.800 150 240 80
8.000 17.600 1.200 0 175 0
8.000 17.600 1.600 0 175 0
8.000 18.000 0.800 0 175 0
8.000 18.000 1.200 0 175 0
8.000 18.000 1.600 0 175 0
8.000 18.000 2.000 0 175 0
8.000 18.400 0.400 75 0 75
8.000 18.400 0.800 0 175 0
8.000 18.400 1.200 0 175 0
8.000 18.400 1.600 0 175 0
8.000 18.800 0.400 75 0 75
8.000 18.800 0.800 0 175 0
8.000 19.200 0.400 75 0 75
8.000 19.600 0.400 75 0 75
8.000 20.000 0.400 75 0 75
8.000 20.400 0.400 75 0 75
8.000 20.800 0.400 75 0 75
8.000 21.200 0.400 75 0 75
8.000 21.600 0.400 75 0 75
8.000 21.600 3.600 0 175 0
8.000 22.000 0.400 75 0 75
8.000 22.000 3.600 0 175 0
8.000 22.000 4.000 0 175 0
8.000 22.400 0.400 75 0 75
8.000 22.400 3.200 0 175 0
8.000 22.400 3.600 0 175 0
8.000 22.400 4.000 0 175 0
8.000 22.400 4.400 0 175 0
8.000 22.800 0.400 75 0 75
8.000 22.800 3.200 0 175 0
8.000 22.800 3.600 0 175 0
8.000 22.800 4.000 0 175 0
8.000 22.800 4.400 0 175 0
8.000 23.200 0.400 75 0 75
8.000 23.200 2.800 0 175 0
8.000 23.200 3.200 0 175 0
8.000 23.200 3.600 0 175 0
8.000 23.200 4.400 0 175 0
8.000 23.600 0.400 75 0 75
8.000 23.600 3.600 0 175 0
8.000 23.600 4.400 0 175 0
8.000 23.600 4.800 0 175 0
8.000 24.000 4.400 0 175 0
8.000 24.400 4.800 0 175 0
8.000 24.800 4.400 0 175 0
8.000 25.200 0.800 100 150 245
8.000 25.600 0.800 100 150 245
8.000 29.200 2.800 0 175 0
8.000 29.600 0.400 150 240 80
8.000 29.600 2.800 0 175 0
8.000 29.600 3.600 0 175 0
8.000 30.000 0.400 0 175 0
8.000 30.000 2.000 0 175 0
8.000 30.000 3.200 0 175 0
8.000 30.400 0.400 0 175 0
8.000 30.400 2.400 0 175 0
8.000 30.400 2.800 0 175 0
8.000 30.400 3.200 0 175 0
8.000 30.800 0.400 0 175 0
8.000 30.800 1.600 0 175 0
8.000 30.800 2.000 0 175 0
8.000 30.800 2.400 0 175 0
8.000 30.800 2.800 0 175 0
8.000 30.800 3.200 0 175 0
8.000 30.800 4.400 0 175 0
8.000 31.200 0.400 0 175 0
8.000 31.200 0.800 0 175 0
8.000 31.200 1.600 0 175 0
8.000 31.200 2.000 0 175 0
8.000 31.200 2.400 0 175 0
8.000 31.200 2.800 0 175 0
8.000 31.200 3.200 0 175 0
8.000 31.600 0.400 0 175 0
8.000 31.600 1.200 0 175 0
8.000 31.600 1.600 0 175 0
8.000 31.600 2.000 0 175 0
8.000 31.600 2.400 0 175 0
8.000 32.000 1.200 0 175 0
8.000 32.000 1.600 0 175 0
8.000 32.000 2.000 0 175 0
8.000 32.400 0.400 150 240 80
8.000 32.400 1.200 0 175 0
8.000 32.400 2.000 0 175 0
8.000 32.400 2.400 0 175 0
8.000 32.800 0.400 150 240 80
8.000 32.800 1.200 0 175 0
8.000 32.800 1.600 0 175 0
8.000 32.800 2.000 0 175 0
8.000 32.800 2.400 0 175 0
8.000 33.200 0.400 150 240 80
8.000 33.200 0.800 0 175 0
8.000 33.200 1.200 0 175 0
8.000 33.200 1.600 0 175 0
8.000 33.200 2.000 0 175 0
8.000 33.200 2.400 0 175 0
8.000 33.200 2.800 0 175 0
8.000 33.600 0.800 0 175 0
8.000 33.600 1.600 0 175 0
8.000 33.600 2.000 0 175 0
8.000 33.600 2.400 0 175 0
8.000 34.000 0.400 150 240 80
8.000 34.000 1.600 0 175 0
8.000 34.000 2.000 0 175 0
8.000 34.000 2.400 0 175 0
8.000 34.400 2.400 0 175 0
8.000 38.800 0.000 0 175 0
8.000 42.400 2.800 0 175 0
8.000 42.800 2.800 0 175 0
8.000 44.400 3.600 0 175 0
8.000 45.600 2.000 0 175 0
8.000 46.000 1.600 0 175 0
8.000 46.400 1.600 0 175 0
8.000 46.800 0.800 0 175 0
8.000 46.800 1.200 0 175 0
8.000 46.800 2.400 0 175 0
8.000 46.800 2.800 0 175 0
8.000 47.200 0.800 0 175 0
8.400 7.200 2.400 255 200 0
8.400 7.200 2.800 255 200 0
8.400 7.600 2.400 255 200 0
8.400 7.600 2.800 255 200 0
8.400 7.600 3.200 255 200 0
8.400 15.600 0.800 255 200 0
8.400 15.600 1.200 255 200 0
8.400 15.600 1.600 255 200 0
8.400 15.600 2.000 255 200 0
8.400 15.600 2.400 255 200 0
8.400 15.600 2.800 255 200 0
8.400 16.000 0.800 150 240 80
8.400 16.000 1.200 255 200 0
8.400 16.000 1.600 255 200 0
8.400 16.400 0.800 150 240 80
8.400 16.800 0.800 150 240 80
8.400 16.800 2.000 0 175 0
8.400 17.200 0.800 150 240 80
8.400 17.200 1.200 0 175 0
8.400 17.200 1.600 0 175 0
8.400 17.200 2.000 0 175 0
8.400 17.600 0.800 0 175 0
8.400 17.600 1.200 0 175 0
8.400 17.600 1.600 0 175 0
8.400 17.600 2.000 0 175 0
8.400 18.000 1.200 0 175 0
8.400 18.000 1.600 0 175 0
8.400 18.400 0.400 75 0 75
8.400 18.400 1.200 0 175 0
8.400 18.400 1.600 0 175 0
8.400 18.800 0.400 75 0 75
8.400 19.200 0.400 75 0 75
8.400 19.600 0.400 75 0 75
8.400 20.000 0.400 75 0 75
8.400 20.400 0.400 75 0 75
8.400 20.800 0.400 0 175 0
8.400 21.200 0.400 75 0 75
8.400 21.200 4.400 0 175 0
8.400 21.600 0.400 75 0 75
8.400 21.600 4.400 0 175 0
8.400 22.000 0.400 75 0 75
8.400 22.000 3.600 0 175 0
8.400 22.000 4.000 0 175 0
8.400 22.000 4.400 0 175 0
8.400 22.400 0.400 75 0 75
8.400 22.400 3.200 0 175 0
8.400 22.400 3.600 0 175 0
8.400 22.400 4.000 0 175 0
8.400 22.400 4.400 0 175 0
8.400 22.800 0.400 75 0 75
8.400 22.800 3.200 0 175 0
8.400 22.800 4.000 0 175 0
8.400 22.800 4.400 0 175 0
8.400 23.200 0.400 75 0 75
8.400 23.200 3.200 0 175 0
8.400 23.200 4.000 0 175 0
8.400 23.600 0.400 75 0 75
8.400 23.600 3.200 0 175 0
8.400 23.600 4.000 0 175 0
8.400 24.000 4.000 0 175 0
8.400 25.200 1.200 100 150 245
8.400 26.000 0.400 255 0 255
8.400 29.200 2.800 0 175 0
8.400 29.600 0.400 150 240 80
8.400 29.600 2.400 0 175 0
8.400 29.600 2.800 0 175 0
8.400 30.000 0.400 0 175 0
8.400 30.000 2.000 0 175 0
8.400 30.000 2.800 0 175 0
8.400 30.000 3.200 0 175 0
8.400 30.000 3.600 0 175 0
8.400 30.400 0.400 0 175 0
8.400 30.400 2.400 0 175 0
8.400 30.400 2.800 0 175 0
8.400 30.400 3.200 0 175 0
8.400 30.400 3.600 0 175 0
8.400 30.800 0.400 0 175 0
8.400 30.800 1.600 0 175 0
8.400 30.800 2.000 0 175 0
8.400 30.800 2.400 0 175 0
8.400 30.800 2.800 0 175 0
8.400 30.800 3.200 0 175 0
8.400 30.800 3.600 0 175 0
8.400 31.200 0.400 0 175 0
8.400 31.200 0.800 0 175 0
8.400 31.200 1.600 0 175 0
8.400 31.200 2.000 0 175 0
8.400 31.200 2.400 0 175 0
8.400 31.200 2.800 0 175 0
8.400 31.200 3.600 0 175 0
8.400 31.600 0.400 0 175 0
8.400 31.600 0.800 0 175 0
8.400 31.600 1.200 0 175 0
8.400 31.600 1.600 0 175 0
8.400 31.600 2.000 0 175 0
8.400 31.600 2.400 0 175 0
8.400 32.000 0.800 0 175 0
8.400 32.000 1.200 0 175 0
8.400 32.000 1.600 0 175 0
8.400 32.000 2.000 0 175 0
8.400 32.400 0.800 0 175 0
8.400 32.400 1.200 0 175 0
8.400 32.400 1.600 0 175 0
8.400 32.400 2.000 0 175 0
8.400 32.400 2.400 0 175 0
8.400 32.800 0.400 150 240 80
8.400 32.800 0.800 0 175 0
8.400 32.800 1.200 0 175 0
8.400 32.800 2.000 0 175 0
8.400 33.200 0.800 0 175 0
8.400 33.200 1.200 0 175 0
8.400 33.200 1.600 0 175 0
8.400 33.200 2.000 0 175 0
8.400 33.200 2.400 0 175 0
8.400 33.200 2.800 0 175 0
8.400 33.600 0.800 0 175 0
8.400 33.600 1.200 0 175 0
8.400 33.600 1.600 0 175 0
8.400 33.600 2.800 0 175 0
8.400 34.000 0.800 0 175 0
8.400 34.000 1.200 0 175 0
8.400 34.000 1.600 0 175 0
8.400 34.400 0.000 150 240 80
8.400 34.400 0.400 0 175 0
8.400 34.400 1.200 0 175 0
8.400 34.400 1.600 0 175 0
8.400 34.400 2.400 0 175 0
8.400 34.400 4.000 0 175 0
8.400 34.800 0.000 150 240 80
8.400 34.800 0.400 0 175 0
8.400 34.800 0.800 0 175 0
8.400 34.800 1.200 0 175 0
8.400 35.200 0.400 0 175 0
8.400 35.200 1.200 0 175 0
8.400 35.600 0.400 150 240 80
8.400 38.800 0.000 0 175 0
8.400 42.800 2.800 0 175 0
8.400 44.400 3.200 0 175 0
8.400 45.200 2.000 0 175 0
8.400 45.200 2.800 0 175 0
8.400 45.600 2.000 0 175 0
8.400 45.600 2.400 0 175 0
8.400 46.000 1.200 0 175 0
8.400 46.000 1.600 0 175 0
8.400 46.000 2.000 0 175 0
8.400 46.400 0.400 0 175 0
8.400 46.400 0.800 0 175 0
8.400 46.400 1.200 0 175 0
8.400 46.400 1.600 0 175 0
8.400 47.200 2.400 0 175 0
8.400 47.200 3.600 0 175 0
8.800 6.800 2.400 255 200 0
8.800 6.800 2.800 255 200 0
8.800 6.800 3.200 255 200 0
8.800 7.200 2.800 255 200 0
8.800 16.000 0.800 255 200 0
8.800 16.000 1.200 255 200 0
8.800 16.000 1.600 255 200 0
8.800 16.000 2.000 255 200 0
8.800 16.000 2.400 255 200 0
8.800 16.000 2.800 255 200 0
8.800 16.000 3.200 255 200 0
8.800 16.400 0.800 150 240 80
8.800 16.800 0.800 150 240 80
8.800 17.200 0.800 75 0 75
8.800 17.600 2.000 0 175 0
8.800 18.400 0.400 75 0 75
8.800 18.800 0.400 75 0 75
8.800 19.200 0.400 75 0 75
8.800 19.600 0.400 75 0 75
8.800 20.000 0.400 75 0 75
8.800 20.400 0.400 0 175 0
8.800 20.400 0.800 0 175 0
8.800 20.400 1.200 0 175 0
8.800 20.400 1.600 0 175 0
8.800 20.400 2.000 0 175 0
8.800 20.800 0.400 0 175 0
8.800 20.800 0.800 0 175 0
8.800 20.800 1.200 0 175 0
8.800 20.800 1.600 0 175 0
8.800 20.800 2.000 0 175 0
8.800 21.200 0.400 0 175 0
8.800 21.200 1.600 0 175 0
8.800 21.200 3.200 0 175 0
8.800 21.200 4.000 0 175 0
8.800 21.200 4.400 0 175 0
8.800 21.600 0.400 75 0 75
8.800 21.600 3.200 0 175 0
8.800 21.600 4.400 0 175 0
8.800 22.000 0.400 75 0 75
8.800 22.000 3.200 0 175 0
8.800 22.400 0.400 75 0 75
8.800 22.400 3.200 0 175 0
8.800 22.800 0.400 75 0 75
8.800 22.800 3.600 0 175 0
8.800 23.200 0.400 75 0 75
8.800 23.200 3.600 0 175 0
8.800 23.600 0.400 75 0 75
8.800 23.600 3.600 0 175 0
8.800 24.800 0.800 100 150 245
8.800 25.200 0.800 100 150 245
8.800 25.600 0.800 100 150 245
8.800 26.000 0.800 100 150 245
8.800 26.000 1.200 100 150 245
8.800 29.600 0.400 150 240 80
8.800 29.600 2.400 0 175 0
8.800 30.000 0.400 0 175 0
8.800 30.400 0.400 0 175 0
8.800 30.400 1.600 0 175 0
8.800 30.400 2.000 0 175 0
8.800 30.400 2.400 0 175 0
8.800 30.400 2.800 0 175 0
8.800 30.400 3.200 0 175 0
8.800 30.800 0.400 0 175 0
8.800 30.800 1.600 0 175 0
8.800 30.800 2.000 0 175 0
8.800 30.800 2.400 0 175 0
8.800 30.800 2.800 0 175 0
8.800 30.800 3.200 0 175 0
8.800 31.200 0.400 0 175 0
8.800 31.200 1.600 0 175 0
8.800 31.200 2.000 0 175 0
8.800 31.200 2.400 0 175 0
8.800 31.200 2.800 0 175 0
8.800 31.200 3.200 0 175 0
8.800 31.600 0.800 0 175 0
8.800 31.600 2.000 0 175 0
8.800 31.600 2.400 0 175 0
8.800 31.600 2.800 0 175 0
8.800 32.000 0.400 0 175 0
8.800 32.000 0.800 0 175 0
8.800 32.000 1.200 0 175 0
8.800 32.000 1.600 0 175 0
8.800 32.000 2.000 0 175 0
8.800 32.000 2.400 0 175 0
8.800 32.400 0.800 150 240 80
8.800 32.400 1.200 0 175 0
8.800 32.400 1.600 0 175 0
8.800 32.400 2.000 0 175 0
8.800 32.400 2.400 0 175 0
8.800 32.400 2.800 0 175 0
8.800 32.800 0.400 150 240 80
8.800 32.800 0.800 0 175 0
8.800 32.800 1.600 0 175 0
8.800 32.800 2.000 0 175 0
8.800 32.800 2.400 0 175 0
8.800 32.800 2.800 0 175 0
8.800 33.200 0.400 150 240 80
8.800 33.200 0.800 0 175 0
8.800 33.200 1.200 0 175 0
8.800 33.600 0.000 150 240 80
8.800 33.600 0.400 0 175 0
8.800 33.600 0.800 0 175 0
8.800 33.600 1.200 0 175 0
8.800 33.600 1.600 0 175 0
8.800 33.600 2.400 0 175 0
8.800 33.600 3.200 0 175 0
8.800 34.000 0.800 0 175 0
8.800 34.000 1.600 0 175 0
8.800 34.000 2.400 0 175 0
8.800 34.000 4.000 0 175 0
8.800 34.400 0.000 150 240 80
8.800 34.400 0.400 0 175 0
8.800 34.400 0.800 0 175 0
8.800 34.400 1.200 0 175 0
8.800 34.400 1.600 0 175 0
8.800 34.800 0.400 0 175 0
8.800 34.800 0.800 0 175 0
8.800 34.800 1.200 0 175 0
8.800 34.800 1.600 0 175 0
8.800 35.200 0.000 150 240 80
8.800 35.200 0.400 0 175 0
8.800 35.200 1.200 0 175 0
8.800 35.600 1.200 0 175 0
8.800 36.000 0.800 0 175 0
8.800 38.800 0.000 0 175 0
8.800 43.600 2.800 0 175 0
8.800 44.000 2.800 0 175 0
8.800 44.400 3.200 0 175 0
8.800 44.800 2.400 0 175 0
8.800 45.200 2.400 0 175 0
8.800 45.200 2.800 0 175 0
8.800 45.600 1.600 0 175 0
8.800 45.600 2.000 0 175 0
8.800 45.600 2.400 0 175 0
8.800 46.000 0.400 0 175 0
8.800 46.000 1.200 0 175 0
8.800 46.000 1.600 0 175 0
8.800 46.400 1.200 0 175 0
8.800 46.400 1.600 0 175 0
8.800 46.800 1.200 0 175 0
8.800 46.800 1.600 0 175 0
8.800 47.600 3.200 0 175 0
9.200 4.400 4.000 255 200 0
9.200 6.400 2.400 255 200 0
9.200 6.400 2.800 255 200 0
9.200 6.800 2.400 255 200 0
9.200 16.000 0.800 255 200 0
9.200 16.000 1.200 255 200 0
9.200 16.000 1.600 255 200 0
9.200 16.000 2.000 255 200 0
9.200 16.000 2.400 255 200 0
9.200 16.000 3.200 255 200 0
9.200 16.000 3.600 255 200 0
9.200 16.400 0.800 150 240 80
9.200 16.400 1.600 255 200 0
9.200 16.400 2.400 255 200 0
9.200 18.400 0.400 75 0 75
9.200 18.800 0.400 75 0 75
9.200 19.200 0.400 75 0 75
9.200 20.000 0.800 0 175 0
9.200 20.000 1.600 0 175 0
9.200 20.000 2.000 0 175 0
9.200 20.400 0.800 0 175 0
9.200 20.400 1.200 0 175 0
9.200 20.400 1.600 0 175 0
9.200 20.400 2.000 0 175 0
9.200 20.800 0.400 0 175 0
9.200 20.800 0.800 0 175 0
9.200 20.800 1.200 0 175 0
9.200 20.800 1.600 0 175 0
9.200 20.800 2.000 0 175 0
9.200 20.800 4.000 0 175 0
9.200 20.800 4.800 0 175 0
9.200 21.200 0.400 0 175 0
9.200 21.200 1.200 0 175 0
9.200 21.200 1.600 0 175 0
9.200 21.200 4.000 0 175 0
9.200 21.200 4.400 0 175 0
9.200 21.200 4.800 0 175 0
9.200 21.600 0.400 75 0 75
9.200 21.600 4.000 0 175 0
9.200 22.000 0.400 75 0 75
9.200 22.000 3.200 0 175 0
9.200 22.000 3.600 0 175 0
9.200 22.400 0.400 75 0 75
9.200 22.400 3.600 0 175 0
9.200 22.400 4.800 0 175 0
9.200 22.800 0.400 75 0 75
9.200 22.800 3.600 0 175 0
9.200 22.800 4.800 0 175 0
9.200 23.200 0.400 75 0 75
9.200 23.600 0.400 75 0 75
9.200 23.600 4.400 0 175 0
9.200 25.600 0.800 100 150 245
9.200 26.000 0.400 100 150 245
9.200 26.400 0.400 255 0 255
9.200 26.800 0.400 255 0 255
9.200 29.600 0.400 150 240 80
9.200 29.600 1.600 0 175 0
9.200 30.000 0.400 0 175 0
9.200 30.000 1.600 0 175 0
9.200 30.000 2.000 0 175 0
9.200 30.000 2.400 0 175 0
9.200 30.400 0.400 0 175 0
9.200 30.400 1.600 0 175 0
9.200 30.400 2.000 0 175 0
9.200 30.400 2.400 0 175 0
9.200 30.800 0.400 0 175 0
9.200 30.800 0.800 0 175 0
9.200 30.800 1.600 0 175 0
9.200 30.800 2.000 0 175 0
9.200 30.800 2.400 0 175 0
9.200 30.800 2.800 0 175 0
9.200 30.800 3.200 0 175 0
9.200 31.200 0.400 0 175 0
9.200 31.200 2.000 0 175 0
9.200 31.200 2.400 0 175 0
9.200 31.200 3.200 0 175 0
9.200 31.600 0.400 0 175 0
9.200 31.600 0.800 0 175 0
9.200 31.600 1.200 0 175 0
9.200 31.600 1.600 0 175 0
9.200 31.600 2.000 0 175 0
9.200 32.000 0.400 0 175 0
9.200 32.000 0.800 0 175 0
9.200 32.000 1.200 0 175 0
9.200 32.000 2.000 0 175 0
9.200 32.000 2.400 0 175 0
9.200 32.400 0.400 150 240 80
9.200 32.400 0.800 0 175 0
9.200 32.400 2.000 0 175 0
9.200 32.400 2.400 0 175 0
9.200 32.800 2.000 0 175 0
9.200 33.200 0.400 150 240 80
9.200 33.200 0.800 0 175 0
9.200 33.600 0.000 150 240 80
9.200 33.600 1.600 0 175 0
9.200 33.600 4.000 0 175 0
9.200 34.000 0.000 150 240 80
9.200 34.000 1.600 0 175 0
9.200 34.000 4.000 0 175 0
9.200 34.400 0.000 150 240 80
9.200 34.400 0.400 0 175 0
9.200 34.400 1.600 0 175 0
9.200 34.400 2.000 0 175 0
9.200 34.400 2.400 0 175 0
9.200 34.800 0.000 150 240 80
9.200 34.800 0.400 0 175 0
9.200 34.800 1.600 0 175 0
9.200 34.800 2.400 0 175 0
9.200 35.200 0.000 150 240 80
9.200 35.200 0.400 0 175 0
9.200 35.200 0.800 0 175 0
9.200 35.200 2.400 0 175 0
9.200 35.600 1.200 0 175 0
9.200 35.600 1.600 0 175 0
9.200 35.600 2.400 0 175 0
9.200 36.000 0.800 0 175 0
9.200 36.000 1.200 0 175 0
9.200 36.000 1.600 0 175 0
9.200 36.400 0.800 0 175 0
9.200 36.400 1.200 0 175 0
9.200 38.800 0.000 0 175 0
9.200 44.400 2.400 0 175 0
9.200 44.400 2.800 0 175 0
9.200 44.800 2.400 0 175 0
9.200 44.800 2.800 0 175 0
9.200 45.200 2.400 0 175 0
9.200 45.600 0.400 0 175 0
9.200 45.600 1.600 0 175 0
9.200 45.600 2.400 0 175 0
9.200 46.000 0.400 0 175 0
9.200 46.000 0.800 0 175 0
9.200 46.000 1.200 0 175 0
9.200 46.000 1.600 0 175 0
9.200 46.000 2.000 0 175 0
9.200 46.000 2.400 0 175 0
9.200 46.400 1.600 0 175 0
9.200 46.800 1.600 0 175 0
9.200 47.200 1.200 0 175 0
9.600 6.800 2.800 255 200 0
9.600 7.200 2.400 255 200 0
9.600 15.200 2.000 255 200 0
9.600 15.600 0.800 75 0 75
9.600 15.600 1.200 255 200 0
9.600 15.600 1.600 255 200 0
9.600 15.600 2.000 255 200 0
9.600 15.600 2.400 255 200 0
9.600 15.600 2.800 255 200 0
9.600 15.600 3.200 255 200 0
9.600 16.000 1.600 255 200 0
9.600 16.000 2.000 255 200 0
9.600 16.000 2.400 255 200 0
9.600 16.000 2.800 255 200 0
9.600 16.000 3.200 255 200 0
9.600 18.000 0.400 75 0 75
9.600 18.400 0.400 75 0 75
9.600 18.800 0.400 75 0 75
9.600 18.800 0.800 150 240 80
9.600 20.000 0.800 0 175 0
9.600 20.400 0.800 0 175 0
9.600 20.400 1.200 0 175 0
9.600 20.400 1.600 0 175 0
9.600 20.400 2.000 0 175 0
9.600 20.800 0.400 0 175 0
9.600 20.800 0.800 0 175 0
9.600 20.800 1.200 0 175 0
9.600 20.800 1.600 0 175 0
9.600 20.800 2.000 0 175 0
9.600 20.800 4.000 0 175 0
9.600 21.200 0.400 0 175 0
9.600 21.200 0.800 0 175 0
9.600 21.200 1.200 0 175 0
9.600 21.200 1.600 0 175 0
9.600 21.200 3.200 0 175 0
9.600 21.200 3.600 0 175 0
9.600 21.200 4.000 0 175 0
9.600 21.600 0.400 75 0 75
9.600 22.000 0.400 75 0 75
9.600 22.400 0.400 75 0 75
9.600 22.800 0.400 75 0 75
9.600 23.200 0.400 75 0 75
9.600 23.200 3.600 0 175 0
9.600 23.600 0.400 75 0 75
9.600 23.600 3.600 0 175 0
9.600 24.800 0.400 100 150 245
9.600 24.800 0.800 100 150 245
9.600 25.200 0.400 100 150 245
9.600 25.600 0.400 100 150 245
9.600 25.600 0.800 100 150 245
9.600 25.600 1.600 100 150 245
9.600 26.000 0.400 255 0 255
9.600 26.000 0.800 100 150 245
9.600 27.200 0.400 255 0 255
9.600 27.600 0.400 255 0 255
9.600 29.600 0.400 150 240 80
9.600 30.000 0.400 0 175 0
9.600 30.000 1.600 0 175 0
9.600 30.000 2.400 0 175 0
9.600 30.000 3.200 0 175 0
9.600 30.400 0.400 0 175 0
9.600 30.400 2.400 0 175 0
9.600 30.400 3.200 0 175 0
9.600 30.800 0.400 0 175 0
9.600 30.800 0.800 0 175 0
9.600 30.800 1.600 0 175 0
9.600 30.800 2.000 0 175 0
9.600 30.800 2.400 0 175 0
9.600 30.800 2.800 0 175 0
9.600 30.800 3.200 0 175 0
9.600 31.200 0.400 0 175 0
9.600 31.200 0.800 0 175 0
9.600 31.200 1.200 0 175 0
9.600 31.200 1.600 0 175 0
9.600 31.200 2.000 0 175 0
9.600 31.200 2.400 0 175 0
9.600 31.200 2.800 0 175 0
9.600 31.200 3.200 0 175 0
9.600 31.600 0.400 0 175 0
9.600 31.600 0.800 0 175 0
9.600 31.600 1.200 0 175 0
9.600 31.600 1.600 0 175 0
9.600 31.600 2.000 0 175 0
9.600 31.600 2.400 0 175 0
9.600 32.000 0.400 0 175 0
9.600 32.000 0.800 0 175 0
9.600 32.000 2.000 0 175 0
9.600 32.000 2.400 0 175 0
9.600 32.400 0.400 150 240 80
9.600 32.400 0.800 0 175 0
9.600 32.400 2.000 0 175 0
9.600 32.400 2.400 0 175 0
9.600 32.800 0.400 150 240 80
9.600 32.800 0.800 0 175 0
9.600 32.800 1.200 0 175 0
9.600 32.800 1.600 0 175 0
9.600 32.800 2.000 0 175 0
9.600 32.800 2.400 0 175 0
9.600 33.200 0.400 150 240 80
9.600 33.200 0.800 0 175 0
9.600 33.200 1.200 0 175 0
9.600 33.200 1.600 0 175 0
9.600 33.200 2.000 0 175 0
9.600 33.200 4.000 0 175 0
9.600 33.600 0.400 150 240 80
9.600 33.600 1.200 0 175 0
9.600 33.600 1.600 0 175 0
9.600 33.600 2.000 0 175 0
9.600 33.600 3.600 0 175 0
9.600 33.600 4.000 0 175 0
9.600 34.000 1.200 0 175 0
9.600 34.000 2.000 0 175 0
9.600 34.400 0.000 150 240 80
9.600 34.400 1.200 0 175 0
9.600 34.800 2.400 0 175 0
9.600 34.800 2.800 0 175 0
9.600 35.200 1.600 0 175 0
9.600 35.200 2.000 0 175 0
9.600 35.200 2.400 0 175 0
9.600 35.600 0.800 0 175 0
9.600 35.600 1.200 0 175 0
9.600 35.600 1.600 0 175 0
9.600 35.600 2.400 0 175 0
9.600 36.000 1.200 0 175 0
9.600 36.000 1.600 0 175 0
9.600 36.400 0.800 0 175 0
9.600 38.800 0.000 0 175 0
9.600 43.600 3.200 0 175 0
9.600 44.000 2.800 0 175 0
9.600 44.400 2.400 0 175 0
9.600 44.800 2.400 0 175 0
9.600 45.200 2.400 0 175 0
9.600 45.600 0.400 0 175 0
9.600 45.600 0.800 0 175 0
9.600 45.600 1.600 0 175 0
9.600 45.600 2.000 0 175 0
9.600 46.000 1.200 0 175 0
9.600 46.000 1.600 0 175 0
9.600 46.000 2.000 0 175 0
9.600 46.400 0.800 0 175 0
9.600 46.400 1.200 0 175 0
9.600 46.400 1.600 0 175 0
9.600 46.400 2.400 0 175 0
9.600 46.800 1.600 0 175 0
9.600 46.800 2.400 0 175 0
9.600 47.200 2.400 0 175 0
10.000 6.800 2.400 255 200 0
10.000 6.800 2.800 255 200 0
10.000 7.200 2.400 255 200 0
10.000 14.400 3.200 255 200 0
10.000 14.800 0.800 255 200 0
10.000 14.800 1.200 255 200 0
10.000 14.800 1.600 255 200 0
10.000 14.800 2.000 255 200 0
10.000 14.800 2.400 255 200 0
10.000 14.800 2.800 255 200 0
10.000 14.800 3.200 255 200 0
10.000 14.800 3.600 255 200 0
10.000 15.200 0.800 75 0 75
10.000 15.200 1.200 255 200 0
10.000 15.200 1.600 255 200 0
10.000 15.200 2.000 255 200 0
10.000 15.200 2.400 255 200 0
10.000 15.200 2.800 255 200 0
10.000 15.200 3.200 255 200 0
10.000 17.200 0.400 75 0 75
10.000 18.400 0.800 150 240 80
10.000 18.800 0.800 150 240 80
10.000 20.000 0.800 0 175 0
10.000 20.400 0.800 0 175 0
10.000 20.400 1.200 0 175 0
10.000 20.400 1.600 0 175 0
10.000 20.400 2.000 0 175 0
10.000 20.800 0.400 0 175 0
10.000 20.800 0.800 0 175 0
10.000 20.800 1.200 0 175 0
10.000 20.800 1.600 0 175 0
10.000 20.800 2.000 0 175 0
10.000 21.200 0.400 0 175 0
10.000 21.200 0.800 0 175 0
10.000 21.200 1.200 0 175 0
10.000 21.200 1.600 0 175 0
10.000 21.600 0.400 75 0 75
10.000 22.000 0.400 75 0 75
10.000 22.000 4.800 0 175 0
10.000 22.400 0.400 75 0 75
10.000 22.800 0.400 75 0 75
10.000 23.200 0.400 75 0 75
10.000 23.600 0.400 75 0 75
10.000 26.000 0.400 255 0 255
10.000 26.400 0.400 255 0 255
10.000 26.800 0.400 255 0 255
10.000 28.000 0.400 255 0 255
10.000 29.600 0.400 150 240 80
10.000 30.000 0.400 0 175 0
10.000 30.000 3.200 0 175 0
10.000 30.400 0.400 0 175 0
10.000 30.400 2.400 0 175 0
10.000 30.400 3.200 0 175 0
10.000 30.400 3.600 0 175 0
10.000 30.800 0.400 0 175 0
10.000 30.800 1.600 0 175 0
10.000 30.800 2.000 0 175 0
10.000 30.800 2.400 0 175 0
10.000 30.800 3.200 0 175 0
10.000 30.800 3.600 0 175 0
10.000 31.200 0.400 0 175 0
10.000 31.200 0.800 0 175 0
10.000 31.200 1.200 0 175 0
10.000 31.200 1.600 0 175 0
10.000 31.200 2.000 0 175 0
10.000 31.200 2.400 0 175 0
10.000 31.200 2.800 0 175 0
10.000 31.600 0.400 0 175 0
10.000 31.600 0.800 0 175 0
10.000 31.600 1.200 0 175 0
10.000 31.600 1.600 0 175 0
10.000 31.600 2.000 0 175 0
10.000 31.600 2.400 0 175 0
10.000 31.600 2.800 0 175 0
10.000 31.600 3.600 0 175 0
10.000 31.600 4.000 0 175 0
10.000 32.000 0.400 0 175 0
10.000 32.000 0.800 0 175 0
10.000 32.000 1.200 0 175 0
10.000 32.000 1.600 0 175 0
10.000 32.000 2.000 0 175 0
10.000 32.000 2.400 0 175 0
10.000 32.400 0.400 150 240 80
10.000 32.400 0.800 0 175 0
10.000 32.400 1.200 0 175 0
10.000 32.400 2.000 0 175 0
10.000 32.400 2.400 0 175 0
10.000 32.400 2.800 0 175 0
10.000 32.800 0.400 150 240 80
10.000 32.800 0.800 0 175 0
10.000 32.800 1.200 0 175 0
10.000 32.800 1.600 0 175 0
10.000 32.800 2.000 0 175 0
10.000 32.800 2.400 0 175 0
10.000 33.200 0.400 150 240 80
10.000 33.200 0.800 0 175 0
10.000 33.200 1.200 0 175 0
10.000 33.200 1.600 0 175 0
10.000 33.200 2.000 0 175 0
10.000 33.200 2.400 0 175 0
10.000 33.600 0.400 150 240 80
10.000 33.600 0.800 0 175 0
10.000 33.600 1.200 0 175 0
10.000 33.600 2.000 0 175 0
10.000 33.600 3.600 0 175 0
10.000 34.000 0.800 0 175 0
10.000 34.000 1.600 0 175 0
10.000 34.000 2.000 0 175 0
10.000 34.400 1.200 0 175 0
10.000 34.400 1.600 0 175 0
10.000 34.800 0.800 0 175 0
10.000 34.800 1.200 0 175 0
10.000 35.200 0.000 150 240 80
10.000 35.200 0.400 0 175 0
10.000 35.200 0.800 0 175 0
10.000 35.200 1.200 0 175 0
10.000 35.200 2.800 0 175 0
10.000 35.600 0.800 0 175 0
10.000 35.600 1.200 0 175 0
10.000 35.600 1.600 0 175 0
10.000 35.600 2.000 0 175 0
10.000 36.000 0.800 0 175 0
10.000 36.000 1.200 0 175 0
10.000 36.000 1.600 0 175 0
10.000 36.000 2.000 0 175 0
10.000 36.400 0.800 0 175 0
10.000 38.800 0.000 0 175 0
10.000 43.200 3.200 0 175 0
10.000 44.000 1.200 0 175 0
10.000 44.000 1.600 0 175 0
10.000 44.000 2.400 0 175 0
10.000 44.000 2.800 0 175 0
10.000 44.400 1.200 0 175 0
10.000 44.400 1.600 0 175 0
10.000 44.400 2.000 0 175 0
10.000 44.400 2.400 0 175 0
10.000 44.800 1.200 0 175 0
10.000 44.800 1.600 0 175 0
10.000 45.200 1.200 0 175 0
10.000 45.200 1.600 0 175 0
10.000 45.600 1.200 0 175 0
10.000 46.000 0.400 0 175 0
10.000 46.000 0.800 0 175 0
10.000 46.000 1.200 0 175 0
10.000 46.000 1.600 0 175 0
10.000 46.000 3.200 0 175 0
10.400 7.200 2.400 255 200 0
10.400 7.200 2.800 255 200 0
10.400 13.600 2.400 255 200 0
10.400 13.600 2.800 255 200 0
10.400 13.600 3.200 255 200 0
10.400 14.000 1.600 255 200 0
10.400 14.000 2.000 255 200 0
10.400 14.000 2.400 255 200 0
10.400 14.000 2.800 255 200 0
10.400 14.000 3.200 255 200 0
10.400 14.400 0.800 255 200 0
10.400 14.400 1.200 255 200 0
10.400 14.400 1.600 255 200 0
10.400 14.400 2.000 255 200 0
10.400 14.400 2.400 255 200 0
10.400 14.400 2.800 255 200 0
10.400 14.400 3.200 255 200 0
10.400 14.400 3.600 255 200 0
10.400 14.800 2.400 255 200 0
10.400 16.800 0.400 75 0 75
10.400 17.600 0.800 150 240 80
10.400 18.000 0.800 150 240 80
10.400 18.400 0.800 150 240 80
10.400 18.800 0.800 150 240 80
10.400 18.800 1.200 0 175 0
10.400 19.200 0.800 150 240 80
10.400 20.000 2.000 0 175 0
10.400 20.400 0.800 0 175 0
10.400 20.400 1.200 0 175 0
10.400 20.400 1.600 0 175 0
10.400 20.400 2.000 0 175 0
10.400 20.800 0.400 0 175 0
10.400 20.800 0.800 0 175 0
10.400 20.800 1.200 0 175 0
10.400 20.800 1.600 0 175 0
10.400 20.800 2.000 0 175 0
10.400 21.200 0.400 0 175 0
10.400 21.200 0.800 0 175 0
10.400 21.200 1.200 0 175 0
10.400 21.200 1.600 0 175 0
10.400 21.600 0.400 75 0 75
10.400 22.000 0.400 75 0 75
10.400 22.400 0.400 75 0 75
10.400 22.800 0.400 75 0 75
10.400 23.200 0.400 75 0 75
10.400 23.600 0.000 255 0 255
10.400 23.600 0.400 255 0 255
10.400 24.800 0.400 100 150 245
10.400 24.800 0.800 100 150 245
10.400 25.600 0.400 255 0 255
10.400 25.600 1.600 100 150 245
10.400 26.000 0.400 100 150 245
10.400 26.000 0.800 100 150 245
10.400 28.000 0.400 255 0 255
10.400 29.600 0.400 150 240 80
10.400 29.600 4.000 0 175 0
10.400 30.000 0.400 0 175 0
10.400 30.000 4.000 0 175 0
10.400 30.000 4.400 0 175 0
10.400 30.400 0.400 0 175 0
10.400 30.400 2.000 0 175 0
10.400 30.400 2.400 0 175 0
10.400 30.400 2.800 0 175 0
10.400 30.400 4.000 0 175 0
10.400 30.400 4.400 0 175 0
10.400 30.800 0.400 0 175 0
10.400 30.800 1.600 0 175 0
10.400 30.800 2.000 0 175 0
10.400 30.800 2.400 0 175 0
10.400 30.800 4.000 0 175 0
10.400 31.200 0.400 0 175 0
10.400 31.200 1.200 0 175 0
10.400 31.200 1.600 0 175 0
10.400 31.200 2.000 0 175 0
10.400 31.200 2.400 0 175 0
10.400 31.200 2.800 0 175 0
10.400 31.200 4.000 0 175 0
10.400 31.200 4.400 0 175 0
10.400 31.600 0.400 0 175 0
10.400 31.600 0.800 0 175 0
10.400 31.600 1.200 0 175 0
10.400 31.600 1.600 0 175 0
10.400 31.600 2.000 0 175 0
10.400 31.600 2.400 0 175 0
10.400 31.600 2.800 0 175 0
10.400 31.600 3.600 0 175 0
10.400 32.000 0.400 0 175 0
10.400 32.000 2.000 0 175 0
10.400 32.000 2.400 0 175 0
10.400 32.000 4.000 0 175 0
10.400 32.400 0.400 150 240 80
10.400 32.400 0.800 0 175 0
10.400 32.400 2.400 0 175 0
10.400 32.400 3.600 0 175 0
10.400 32.800 0.400 150 240 80
10.400 32.800 1.200 0 175 0
10.400 32.800 1.600 0 175 0
10.400 32.800 2.000 0 175 0
10.400 32.800 2.400 0 175 0
10.400 32.800 3.200 0 175 0
10.400 32.800 3.600 0 175 0
10.400 33.200 0.400 150 240 80
10.400 33.200 1.200 0 175 0
10.400 33.200 1.600 0 175 0
10.400 33.200 2.400 0 175 0
10.400 33.600 0.400 150 240 80
10.400 33.600 1.600 0 175 0
10.400 34.000 0.000 150 240 80
10.400 34.000 0.400 0 175 0
10.400 34.000 1.200 0 175 0
10.400 34.000 1.600 0 175 0
10.400 34.000 2.000 0 175 0
10.400 34.000 2.400 0 175 0
10.400 34.400 0.400 0 175 0
10.400 34.400 0.800 0 175 0
10.400 34.400 1.200 0 175 0
10.400 34.400 1.600 0 175 0
10.400 34.400 2.000 0 175 0
10.400 34.400 2.400 0 175 0
10.400 34.800 0.400 0 175 0
10.400 34.800 0.800 0 175 0
10.400 34.800 1.200 0 175 0
10.400 34.800 2.000 0 175 0
10.400 35.200 0.400 0 175 0
10.400 35.200 0.800 0 175 0
10.400 35.200 1.200 0 175 0
10.400 35.200 1.600 0 175 0
10.400 35.200 2.000 0 175 0
10.400 35.200 2.400 0 175 0
10.400 35.600 0.800 0 175 0
10.400 35.600 1.200 0 175 0
10.400 35.600 1.600 0 175 0
10.400 35.600 2.000 0 175 0
10.400 35.600 2.400 0 175 0
10.400 35.600 2.800 0 175 0
10.400 36.000 1.200 0 175 0
10.400 36.000 2.400 0 175 0
10.400 43.600 3.200 0 175 0
10.400 44.000 2.400 0 175 0
10.400 44.000 3.200 0 175 0
10.400 44.400 1.600 0 175 0
10.400 44.400 2.800 0 175 0
10.400 44.400 3.200 0 175 0
10.400 45.200 1.200 0 175 0
10.400 46.000 0.400 0 175 0
10.400 46.000 0.800 0 175 0
10.400 46.000 1.200 0 175 0
10.800 7.600 2.400 255 200 0
10.800 7.600 2.800 255 200 0
10.800 8.000 2.400 255 200 0
10.800 12.800 2.400 255 200 0
10.800 12.800 2.800 255 200 0
10.800 12.800 3.200 255 200 0
10.800 13.200 2.000 255 200 0
10.800 13.200 2.400 255 200 0
10.800 13.600 1.200 255 200 0
10.800 13.600 1.600 255 200 0
10.800 13.600 2.000 255 200 0
10.800 13.600 2.400 255 200 0
10.800 13.600 2.800 255 200 0
10.800 14.000 0.800 75 0 75
10.800 14.000 1.200 255 200 0
10.800 14.000 1.600 255 200 0
10.800 14.000 2.000 255 200 0
10.800 16.800 0.800 75 0 75
10.800 17.200 0.800 150 240 80
10.800 17.600 0.800 150 240 80
10.800 18.000 0.800 150 240 80
10.800 18.400 0.800 150 240 80
10.800 18.800 0.800 150 240 80
10.800 20.400 0.800 0 175 0
10.800 20.400 1.200 0 175 0
10.800 20.400 1.600 0 175 0
10.800 20.400 2.000 0 175 0
10.800 20.800 0.400 0 175 0
10.800 20.800 0.800 0 175 0
10.800 20.800 1.200 0 175 0
10.800 20.800 1.600 0 175 0
10.800 20.800 2.000 0 175 0
10.800 21.200 0.400 0 175 0
10.800 21.200 0.800 0 175 0
10.800 21.200 1.200 0 175 0
10.800 21.200 1.600 0 175 0
10.800 21.600 0.400 75 0 75
10.800 22.000 0.400 75 0 75
10.800 22.400 0.400 75 0 75
10.800 22.800 0.400 75 0 75
10.800 23.200 0.400 75 0 75
10.800 25.200 0.800 100 150 245
10.800 25.600 0.400 255 0 255
10.800 25.600 0.800 100 150 245
10.800 26.800 0.400 255 0 255
10.800 29.600 0.400 150 240 80
10.800 29.600 4.800 0 175 0
10.800 30.000 0.400 0 175 0
10.800 30.000 4.400 0 175 0
10.800 30.400 0.400 0 175 0
10.800 30.400 1.600 0 175 0
10.800 30.400 2.000 0 175 0
10.800 30.400 2.400 0 175 0
10.800 30.400 3.200 0 175 0
10.800 30.400 4.400 0 175 0
10.800 30.800 0.400 0 175 0
10.800 30.800 1.200 0 175 0
10.800 30.800 1.600 0 175 0
10.800 30.800 2.000 0 175 0
10.800 30.800 2.400 0 175 0
10.800 30.800 2.800 0 175 0
10.800 31.200 0.400 0 175 0
10.800 31.200 0.800 0 175 0
10.800 31.200 1.200 0 175 0
10.800 31.200 1.600 0 175 0
10.800 31.200 2.000 0 175 0
10.800 31.200 2.400 0 175 0
10.800 31.200 2.800 0 175 0
10.800 31.200 4.400 0 175 0
10.800 31.600 0.400 0 175 0
10.800 31.600 0.800 0 175 0
10.800 31.600 1.200 0 175 0
10.800 31.600 1.600 0 175 0
10.800 31.600 2.000 0 175 0
10.800 31.600 2.400 0 175 0
10.800 31.600 3.600 0 175 0
10.800 31.600 4.000 0 175 0
10.800 31.600 4.400 0 175 0
10.800 32.000 0.400 0 175 0
10.800 32.000 0.800 0 175 0
10.800 32.000 1.200 0 175 0
10.800 32.000 2.000 0 175 0
10.800 32.000 2.400 0 175 0
10.800 32.000 3.600 0 175 0
10.800 32.000 4.000 0 175 0
10.800 32.000 4.400 0 175 0
10.800 32.400 0.400 150 240 80
10.800 32.400 0.800 0 175 0
10.800 32.400 1.200 0 175 0
10.800 32.400 2.400 0 175 0
10.800 32.400 2.800 0 175 0
10.800 32.400 3.200 0 175 0
10.800 32.800 0.400 150 240 80
10.800 32.800 1.200 0 175 0
10.800 32.800 1.600 0 175 0
10.800 32.800 2.400 0 175 0
10.800 32.800 3.200 0 175 0
10.800 33.200 0.400 150 240 80
10.800 33.200 1.600 0 175 0
10.800 33.200 2.400 0 175 0
10.800 33.200 2.800 0 175 0
10.800 33.200 3.200 0 175 0
10.800 33.600 0.400 150 240 80
10.800 33.600 0.800 0 175 0
10.800 33.600 1.200 0 175 0
10.800 33.600 1.600 0 175 0
10.800 33.600 2.400 0 175 0
10.800 34.000 0.400 0 175 0
10.800 34.000 1.200 0 175 0
10.800 34.000 1.600 0 175 0
10.800 34.000 2.000 0 175 0
10.800 34.000 2.400 0 175 0
10.800 34.400 1.200 0 175 0
10.800 34.400 1.600 0 175 0
10.800 34.400 2.000 0 175 0
10.800 34.400 2.400 0 175 0
10.800 34.400 2.800 0 175 0
10.800 34.800 0.000 150 240 80
10.800 34.800 0.400 0 175 0
10.800 34.800 0.800 0 175 0
10.800 34.800 1.200 0 175 0
10.800 34.800 2.000 0 175 0
10.800 34.800 2.400 0 175 0
10.800 35.200 0.000 150 240 80
10.800 35.200 0.400 0 175 0
10.800 35.200 0.800 0 175 0
10.800 35.200 1.200 0 175 0
10.800 35.200 1.600 0 175 0
10.800 35.200 2.000 0 175 0
10.800 35.200 2.400 0 175 0
10.800 35.600 0.400 150 240 80
10.800 35.600 0.800 0 175 0
10.800 35.600 1.200 0 175 0
10.800 35.600 1.600 0 175 0
10.800 35.600 2.000 0 175 0
10.800 35.600 2.400 0 175 0
10.800 36.000 2.400 0 175 0
10.800 36.000 2.800 0 175 0
10.800 36.400 1.200 0 175 0
10.800 42.800 2.400 0 175 0
10.800 42.800 2.800 0 175 0
10.800 42.800 3.200 0 175 0
10.800 43.200 2.800 0 175 0
10.800 43.600 2.400 0 175 0
10.800 43.600 2.800 0 175 0
10.800 44.000 2.400 0 175 0
10.800 44.000 2.800 0 175 0
10.800 44.400 2.800 0 175 0
10.800 44.400 3.200 0 175 0
10.800 44.800 2.800 0 175 0
10.800 45.200 2.800 0 175 0
10.800 45.200 3.200 0 175 0
10.800 46.000 0.800 0 175 0
10.800 46.400 0.800 0 175 0
11.200 7.600 2.400 255 200 0
11.200 7.600 2.800 255 200 0
11.200 12.400 2.400 255 200 0
11.200 12.400 2.800 255 200 0
11.200 12.800 0.800 255 200 0
11.200 12.800 1.200 255 200 0
11.200 12.800 1.600 255 200 0
11.200 12.800 2.000 255 200 0
11.200 12.800 2.400 255 200 0
11.200 12.800 2.800 255 200 0
11.200 13.200 1.200 255 200 0
11.200 13.200 1.600 255 200 0
11.200 13.200 2.000 255 200 0
11.200 16.800 0.800 150 240 80
11.200 18.400 0.800 150 240 80
11.200 18.800 0.800 150 240 80
11.200 19.200 0.800 150 240 80
11.200 20.400 0.800 0 175 0
11.200 20.400 1.200 0 175 0
11.200 20.800 0.400 0 175 0
11.200 20.800 0.800 0 175 0
11.200 20.800 1.200 0 175 0
11.200 20.800 1.600 0 175 0
11.200 20.800 2.000 0 175 0
11.200 21.200 0.400 0 175 0
11.200 21.200 0.800 0 175 0
11.200 21.200 1.200 0 175 0
11.200 21.200 1.600 0 175 0
11.200 21.600 0.400 75 0 75
11.200 22.000 0.400 75 0 75
11.200 22.400 0.400 75 0 75
11.200 22.800 0.400 75 0 75
11.200 23.200 0.400 75 0 75
11.200 25.200 0.400 255 0 255
11.200 25.600 0.400 255 0 255
11.200 26.000 0.400 255 0 255
11.200 28.000 0.400 255 0 255
11.200 29.600 0.400 150 240 80
11.200 29.600 4.800 0 175 0
11.200 30.000 0.400 0 175 0
11.200 30.000 4.000 0 175 0
11.200 30.000 4.400 0 175 0
11.200 30.400 0.400 0 175 0
11.200 30.400 2.400 0 175 0
11.200 30.400 2.800 0 175 0
11.200 30.400 3.200 0 175 0
11.200 30.800 0.400 0 175 0
11.200 30.800 1.200 0 175 0
11.200 30.800 1.600 0 175 0
11.200 30.800 2.000 0 175 0
11.200 30.800 2.400 0 175 0
11.200 31.200 0.400 0 175 0
11.200 31.200 0.800 0 175 0
11.200 31.200 1.200 0 175 0
11.200 31.200 1.600 0 175 0
11.200 31.200 2.000 0 175 0
11.200 31.200 2.400 0 175 0
11.200 31.200 2.800 0 175 0
11.200 31.600 0.400 0 175 0
11.200 31.600 0.800 0 175 0
11.200 31.600 1.200 0 175 0
11.200 31.600 1.600 0 175 0
11.200 31.600 2.000 0 175 0
11.200 31.600 2.400 0 175 0
11.200 31.600 4.000 0 175 0
11.200 31.600 4.400 0 175 0
11.200 32.000 0.400 0 175 0
11.200 32.000 0.800 0 175 0
11.200 32.000 1.200 0 175 0
11.200 32.000 1.600 0 175 0
11.200 32.000 2.000 0 175 0
11.200 32.000 2.400 0 175 0
11.200 32.400 0.800 0 175 0
11.200 32.400 1.200 0 175 0
11.200 32.400 1.600 0 175 0
11.200 32.400 2.000 0 175 0
11.200 32.400 2.400 0 175 0
11.200 32.800 0.400 150 240 80
11.200 32.800 1.200 0 175 0
11.200 32.800 1.600 0 175 0
11.200 32.800 2.400 0 175 0
11.200 32.800 4.000 0 175 0
11.200 33.200 1.200 0 175 0
11.200 33.200 1.600 0 175 0
11.200 33.200 2.400 0 175 0
11.200 33.200 3.600 0 175 0
11.200 33.600 0.400 150 240 80
11.200 33.600 0.800 0 175 0
11.200 33.600 1.200 0 175 0
11.200 33.600 1.600 0 175 0
11.200 33.600 2.000 0 175 0
11.200 33.600 2.400 0 175 0
11.200 33.600 2.800 0 175 0
11.200 34.000 1.200 0 175 0
11.200 34.000 1.600 0 175 0
11.200 34.000 2.000 0 175 0
11.200 34.000 2.400 0 175 0
11.200 34.400 0.000 150 240 80
11.200 34.400 1.200 0 175 0
11.200 34.400 1.600 0 175 0
11.200 34.400 2.000 0 175 0
11.200 34.400 2.400 0 175 0
11.200 34.800 0.000 150 240 80
11.200 34.800 0.400 0 175 0
11.200 34.800 0.800 0 175 0
11.200 34.800 1.200 0 175 0
11.200 34.800 1.600 0 175 0
11.200 34.800 2.000 0 175 0
11.200 34.800 2.400 0 175 0
11.200 35.200 0.000 150 240 80
11.200 35.200 0.400 150 240 80
11.200 35.200 0.800 0 175 0
11.200 35.200 1.200 0 175 0
11.200 35.200 1.600 0 175 0
11.200 35.200 2.000 0 175 0
11.200 35.600 0.400 0 175 0
11.200 35.600 0.800 0 175 0
11.200 35.600 1.200 0 175 0
11.200 35.600 1.600 0 175 0
11.200 35.600 2.000 0 175 0
11.200 35.600 2.400 0 175 0
11.200 42.800 2.800 0 175 0
11.200 43.200 2.400 0 175 0
11.200 43.600 2.400 0 175 0
11.200 43.600 2.800 0 175 0
11.200 44.000 2.400 0 175 0
11.200 44.000 2.800 0 175 0
11.200 44.400 2.800 0 175 0
11.200 46.000 0.400 0 175 0
11.200 46.400 0.800 0 175 0
11.600 8.000 2.400 255 200 0
11.600 8.000 2.800 255 200 0
11.600 12.000 1.200 255 200 0
11.600 12.000 1.600 255 200 0
11.600 12.400 0.800 255 200 0
11.600 12.400 1.200 255 200 0
11.600 12.400 1.600 255 200 0
11.600 12.400 2.000 255 200 0
11.600 12.400 2.400 255 200 0
11.600 12.400 2.800 255 200 0
11.600 12.400 3.200 255 200 0
11.600 12.800 1.600 255 200 0
11.600 12.800 2.000 255 200 0
11.600 12.800 2.400 255 200 0
11.600 16.000 0.800 150 240 80
11.600 16.800 0.800 150 240 80
11.600 17.200 0.800 150 240 80
11.600 17.600 0.800 150 240 80
11.600 18.000 0.800 150 240 80
11.600 18.400 0.800 150 240 80
11.600 18.800 0.800 150 240 80
11.600 20.400 0.800 0 175 0
11.600 20.400 1.200 0 175 0
11.600 20.800 0.400 0 175 0
11.600 20.800 0.800 0 175 0
11.600 20.800 1.200 0 175 0
11.600 20.800 1.600 0 175 0
11.600 20.800 2.000 0 175 0
11.600 21.200 0.400 0 175 0
11.600 21.200 0.800 0 175 0
11.600 21.200 1.200 0 175 0
11.600 21.200 1.600 0 175 0
11.600 21.600 0.400 75 0 75
11.600 22.000 0.400 75 0 75
11.600 22.400 0.400 75 0 75
11.600 22.800 0.400 75 0 75
11.600 23.200 0.400 75 0 75
11.600 23.600 0.400 255 0 255
11.600 24.800 0.800 100 150 245
11.600 25.200 0.400 255 0 255
11.600 25.200 0.800 100 150 245
11.600 25.600 0.400 255 0 255
11.600 25.600 0.800 100 150 245
11.600 25.600 1.200 100 150 245
11.600 29.200 0.400 255 0 255
11.600 29.200 4.800 0 175 0
11.600 29.600 0.400 150 240 80
11.600 29.600 4.000 0 175 0
11.600 29.600 4.400 0 175 0
11.600 30.000 0.400 0 175 0
11.600 30.000 0.800 0 175 0
11.600 30.000 4.000 0 175 0
11.600 30.000 4.400 0 175 0
11.600 30.400 0.400 0 175 0
11.600 30.400 0.800 0 175 0
11.600 30.400 2.000 0 175 0
11.600 30.800 0.400 0 175 0
11.600 30.800 1.600 0 175 0
11.600 30.800 2.000 0 175 0
11.600 30.800 2.400 0 175 0
11.600 30.800 2.800 0 175 0
11.600 31.200 0.400 0 175 0
11.600 31.200 1.200 0 175 0
11.600 31.200 1.600 0 175 0
11.600 31.200 2.000 0 175 0
11.600 31.200 2.400 0 175 0
11.600 31.200 4.400 0 175 0
11.600 31.600 0.400 0 175 0
11.600 31.600 0.800 0 175 0
11.600 31.600 1.200 0 175 0
11.600 31.600 1.600 0 175 0
11.600 31.600 2.000 0 175 0
11.600 31.600 2.400 0 175 0
11.600 32.000 0.400 0 175 0
11.600 32.000 0.800 0 175 0
11.600 32.000 1.600 0 175 0
11.600 32.000 2.000 0 175 0
11.600 32.400 0.400 150 240 80
11.600 32.400 0.800 0 175 0
11.600 32.400 2.400 0 175 0
11.600 32.400 3.200 0 175 0
11.600 32.400 3.600 0 175 0
11.600 32.400 4.000 0 175 0
11.600 32.800 0.400 150 240 80
11.600 32.800 0.800 0 175 0
11.600 33.200 0.400 150 240 80
11.600 33.200 1.200 0 175 0
11.600 33.200 1.600 0 175 0
11.600 33.200 2.800 0 175 0
11.600 33.200 3.600 0 175 0
11.600 33.600 1.200 0 175 0
11.600 33.600 2.000 0 175 0
11.600 34.000 1.200 0 175 0
11.600 34.000 1.600 0 175 0
11.600 34.000 2.000 0 175 0
11.600 34.000 2.400 0 175 0
11.600 34.400 0.400 0 175 0
11.600 34.400 1.200 0 175 0
11.600 34.400 1.600 0 175 0
11.600 34.400 2.000 0 175 0
11.600 34.400 2.400 0 175 0
11.600 34.800 0.000 150 240 80
11.600 34.800 0.400 0 175 0
11.600 34.800 0.800 0 175 0
11.600 34.800 1.200 0 175 0
11.600 34.800 1.600 0 175 0
11.600 34.800 2.000 0 175 0
11.600 34.800 2.400 0 175 0
11.600 35.200 0.400 0 175 0
11.600 35.200 0.800 0 175 0
11.600 35.200 1.200 0 175 0
11.600 35.200 1.600 0 175 0
11.600 35.200 2.000 0 175 0
11.600 35.200 2.400 0 175 0
11.600 35.200 2.800 0 175 0
11.600 35.600 0.000 150 240 80
11.600 35.600 0.800 0 175 0
11.600 35.600 1.600 0 175 0
11.600 42.400 3.200 0 175 0
11.600 43.200 2.400 0 175 0
11.600 43.600 2.400 0 175 0
11.600 44.000 2.000 0 175 0
11.600 44.400 2.800 0 175 0
12.000 3.600 2.400 255 200 0
12.000 8.000 2.400 255 200 0
12.000 8.000 2.800 255 200 0
12.000 8.400 2.400 255 200 0
12.000 10.800 3.200 255 200 0
12.000 11.200 2.800 255 200 0
12.000 11.600 0.800 255 200 0
12.000 11.600 1.200 255 200 0
12.000 11.600 1.600 255 200 0
12.000 11.600 2.000 255 200 0
12.000 11.600 2.400 255 200 0
12.000 11.600 2.800 255 200 0
12.000 11.600 3.200 255 200 0
12.000 12.000 0.800 75 0 75
12.000 12.000 1.200 255 200 0
12.000 12.000 1.600 255 200 0
12.000 12.000 2.000 255 200 0
12.000 12.000 2.400 255 200 0
12.000 12.000 2.800 255 200 0
12.000 12.000 3.200 255 200 0
12.000 14.800 0.800 150 240 80
12.000 15.200 0.800 150 240 80
12.000 15.600 0.800 150 240 80
12.000 16.000 0.800 150 240 80
12.000 16.800 0.800 150 240 80
12.000 17.200 0.800 150 240 80
12.000 17.600 0.800 150 240 80
12.000 18.000 0.800 150 240 80
12.000 18.400 0.800 150 240 80
12.000 19.200 0.800 150 240 80
12.000 20.400 0.800 0 175 0
12.000 20.400 1.200 0 175 0
12.000 20.800 0.400 0 175 0
12.000 20.800 0.800 0 175 0
12.000 20.800 1.200 0 175 0
12.000 20.800 1.600 0 175 0
12.000 21.200 0.400 0 175 0
12.000 21.200 0.800 0 175 0
12.000 21.200 1.200 0 175 0
12.000 21.200 1.600 0 175 0
12.000 21.600 0.400 75 0 75
12.000 22.000 0.400 75 0 75
12.000 22.400 0.400 75 0 75
12.000 22.800 0.400 75 0 75
12.000 23.200 0.400 75 0 75
12.000 24.400 0.400 100 150 245
12.000 24.800 0.400 255 0 255
12.000 25.200 0.400 255 0 255
12.000 25.600 0.400 255 0 255
12.000 26.000 0.400 255 0 255
12.000 29.200 4.400 0 175 0
12.000 29.600 0.400 150 240 80
12.000 29.600 0.800 0 175 0
12.000 30.000 0.400 0 175 0
12.000 30.000 0.800 0 175 0
12.000 30.000 4.000 0 175 0
12.000 30.400 0.400 0 175 0
12.000 30.400 0.800 0 175 0
12.000 30.400 4.000 0 175 0
12.000 30.400 4.400 0 175 0
12.000 30.800 0.400 0 175 0
12.000 30.800 2.000 0 175 0
12.000 30.800 2.400 0 175 0
12.000 30.800 4.000 0 175 0
12.000 30.800 4.800 0 175 0
12.000 31.200 0.400 0 175 0
12.000 31.200 1.200 0 175 0
12.000 31.200 1.600 0 175 0
12.000 31.200 2.000 0 175 0
12.000 31.200 2.400 0 175 0
12.000 31.200 4.400 0 175 0
12.000 31.600 0.400 0 175 0
12.000 31.600 0.800 0 175 0
12.000 31.600 1.200 0 175 0
12.000 31.600 1.600 0 175 0
12.000 31.600 2.000 0 175 0
12.000 32.000 0.400 0 175 0
12.000 32.000 0.800 0 175 0
12.000 32.000 1.600 0 175 0
12.000 32.000 2.000 0 175 0
12.000 32.000 4.000 0 175 0
12.000 32.000 4.400 0 175 0
12.000 32.400 0.400 150 240 80
12.000 32.400 0.800 0 175 0
12.000 32.800 0.400 150 240 80
12.000 33.200 0.400 150 240 80
12.000 33.600 0.800 0 175 0
12.000 33.600 1.600 0 175 0
12.000 34.000 0.400 150 240 80
12.000 34.000 1.200 0 175 0
12.000 34.000 1.600 0 175 0
12.000 34.000 2.000 0 175 0
12.000 34.400 1.200 0 175 0
12.000 34.400 1.600 0 175 0
12.000 34.400 2.000 0 175 0
12.000 34.800 0.400 0 175 0
12.000 34.800 0.800 0 175 0
12.000 34.800 1.200 0 175 0
12.000 34.800 1.600 0 175 0
12.000 34.800 2.000 0 175 0
12.000 34.800 2.400 0 175 0
12.000 34.800 2.800 0 175 0
12.000 35.200 0.000 150 240 80
12.000 35.200 0.400 0 175 0
12.000 35.200 0.800 0 175 0
12.000 35.200 1.200 0 175 0
12.000 35.200 1.600 0 175 0
12.000 35.600 0.400 0 175 0
12.000 35.600 0.800 0 175 0
12.000 35.600 1.200 0 175 0
12.000 36.000 0.400 150 240 80
12.000 36.000 0.800 0 175 0
12.000 44.000 2.000 0 175 0
12.400 3.200 1.200 255 200 0
12.400 3.200 1.600 255 200 0
12.400 3.200 2.000 255 200 0
12.400 3.200 2.400 255 200 0
12.400 3.600 2.000 255 200 0
12.400 8.400 2.400 255 200 0
12.400 8.400 2.800 255 200 0
12.400 10.400 2.400 255 200 0
12.400 10.800 0.800 255 200 0
12.400 10.800 1.200 255 200 0
12.400 10.800 1.600 255 200 0
12.400 10.800 2.000 255 200 0
12.400 10.800 2.400 255 200 0
12.400 11.200 0.800 75 0 75
12.400 11.200 1.200 255 200 0
12.400 11.200 1.600 255 200 0
12.400 11.200 2.000 255 200 0
12.400 11.200 2.400 255 200 0
12.400 11.200 2.800 255 200 0
12.400 14.800 0.800 150 240 80
12.400 15.200 0.800 150 240 80
12.400 15.600 0.800 150 240 80
12.400 16.000 0.800 150 240 80
12.400 16.400 0.800 150 240 80
12.400 16.800 0.800 150 240 80
12.400 16.800 1.200 0 175 0
12.400 17.200 0.800 150 240 80
12.400 17.600 0.800 150 240 80
12.400 18.000 0.800 150 240 80
12.400 20.400 0.800 0 175 0
12.400 20.400 1.200 0 175 0
12.400 20.400 2.000 0 175 0
12.400 20.800 0.800 0 175 0
12.400 20.800 1.200 0 175 0
12.400 20.800 1.600 0 175 0
12.400 21.200 0.400 0 175 0
12.400 21.200 0.800 0 175 0
12.400 21.200 1.200 0 175 0
12.400 21.200 1.600 0 175 0
12.400 21.600 0.400 75 0 75
12.400 22.000 0.400 75 0 75
12.400 22.400 0.400 75 0 75
12.400 22.800 0.400 75 0 75
12.400 23.200 0.400 75 0 75
12.400 24.400 1.200 100 150 245
12.400 24.800 0.400 100 150 245
12.400 24.800 0.800 100 150 245
12.400 25.200 0.400 255 0 255
12.400 25.600 0.400 255 0 255
12.400 26.000 0.400 255 0 255
12.400 26.000 0.800 100 150 245
12.400 27.600 0.400 255 0 255
12.400 28.000 0.800 100 150 245
12.400 28.400 0.800 100 150 245
12.400 29.200 0.800 0 175 0
12.400 29.600 0.400 150 240 80
12.400 29.600 0.800 0 175 0
12.400 29.600 4.800 0 175 0
12.400 30.000 0.400 0 175 0
12.400 30.000 0.800 0 175 0
12.400 30.000 4.800 0 175 0
12.400 30.400 0.800 0 175 0
12.400 30.400 4.000 0 175 0
12.400 30.400 4.400 0 175 0
12.400 30.800 0.400 0 175 0
12.400 30.800 0.800 0 175 0
12.400 30.800 1.200 0 175 0
12.400 30.800 1.600 0 175 0
12.400 30.800 2.000 0 175 0
12.400 30.800 2.400 0 175 0
12.400 30.800 4.000 0 175 0
12.400 30.800 4.800 0 175 0
12.400 31.200 0.400 0 175 0
12.400 31.200 0.800 0 175 0
12.400 31.200 1.200 0 175 0
12.400 31.200 1.600 0 175 0
12.400 31.200 2.000 0 175 0
12.400 31.200 2.400 0 175 0
12.400 31.200 2.800 0 175 0
12.400 31.200 3.200 0 175 0
12.400 31.600 0.800 0 175 0
12.400 31.600 1.200 0 175 0
12.400 31.600 1.600 0 175 0
12.400 31.600 2.000 0 175 0
12.400 31.600 2.400 0 175 0
12.400 31.600 4.000 0 175 0
12.400 32.000 0.400 0 175 0
12.400 32.000 0.800 0 175 0
12.400 32.000 1.200 0 175 0
12.400 32.000 1.600 0 175 0
12.400 32.000 2.000 0 175 0
12.400 32.000 2.400 0 175 0
12.400 32.000 4.000 0 175 0
12.400 32.400 0.400 150 240 80
12.400 32.400 1.600 0 175 0
12.400 32.800 0.400 150 240 80
12.400 33.200 0.400 150 240 80
12.400 33.600 0.400 150 240 80
12.400 33.600 0.800 0 175 0
12.400 33.600 1.200 0 175 0
12.400 34.000 0.400 150 240 80
12.400 34.000 0.800 0 175 0
12.400 34.400 0.400 150 240 80
12.400 34.400 0.800 0 175 0
12.400 34.400 1.200 0 175 0
12.400 34.400 2.400 0 175 0
12.400 34.800 0.400 150 240 80
12.400 34.800 0.800 0 175 0
12.400 34.800 1.200 0 175 0
12.400 34.800 1.600 0 175 0
12.400 34.800 2.000 0 175 0
12.400 34.800 2.400 0 175 0
12.400 35.200 0.000 150 240 80
12.400 35.200 0.400 0 175 0
12.400 35.200 0.800 0 175 0
12.400 35.200 1.200 0 175 0
12.400 35.200 1.600 0 175 0
12.400 35.200 2.000 0 175 0
12.400 35.200 2.400 0 175 0
12.400 35.600 0.400 150 240 80
12.400 35.600 2.000 0 175 0
12.400 36.000 0.400 150 240 80
12.400 41.200 3.200 0 175 0
12.400 41.600 2.800 0 175 0
12.400 41.600 3.200 0 175 0
12.800 2.400 2.400 255 200 0
12.800 2.400 2.800 255 200 0
12.800 2.800 1.200 255 200 0
12.800 2.800 2.000 255 200 0
12.800 2.800 2.400 255 200 0
12.800 2.800 2.800 255 200 0
12.800 8.800 2.400 255 200 0
12.800 8.800 2.800 255 200 0
12.800 9.600 2.400 255 200 0
12.800 9.600 2.800 255 200 0
12.800 9.600 3.200 255 200 0
12.800 10.000 0.800 255 200 0
12.800 10.000 2.400 255 200 0
12.800 10.000 2.800 255 200 0
12.800 10.400 1.200 255 200 0
12.800 10.400 1.600 255 200 0
12.800 10.400 2.000 255 200 0
12.800 10.800 0.800 75 0 75
12.800 10.800 1.200 255 200 0
12.800 10.800 1.600 255 200 0
12.800 10.800 2.000 255 200 0
12.800 11.200 1.200 255 200 0
12.800 11.200 1.600 255 200 0
12.800 11.600 1.600 255 200 0
12.800 14.000 0.800 150 240 80
12.800 14.400 0.800 150 240 80
12.800 14.800 0.800 150 240 80
12.800 15.200 0.800 150 240 80
12.800 15.600 0.800 150 240 80
12.800 16.000 0.800 150 240 80
12.800 16.400 0.800 150 240 80
12.800 16.800 0.800 150 240 80
12.800 17.200 0.800 150 240 80
12.800 17.600 0.800 150 240 80
12.800 18.000 0.800 150 240 80
12.800 20.000 0.800 0 175 0
12.800 20.400 0.800 0 175 0
12.800 20.400 1.200 0 175 0
12.800 20.400 2.000 0 175 0
12.800 20.800 0.400 0 175 0
12.800 20.800 0.800 0 175 0
12.800 20.800 1.200 0 175 0
12.800 20.800 1.600 0 175 0
12.800 21.200 0.400 0 175 0
12.800 21.200 0.800 0 175 0
12.800 21.200 1.200 0 175 0
12.800 21.200 1.600 0 175 0
12.800 21.600 0.400 75 0 75
12.800 22.000 0.400 75 0 75
12.800 22.400 0.400 75 0 75
12.800 22.800 0.400 75 0 75
12.800 23.200 0.400 75 0 75
12.800 24.400 1.200 100 150 245
12.800 24.800 0.400 255 0 255
12.800 25.200 0.400 255 0 255
12.800 25.600 0.400 255 0 255
12.800 26.000 0.400 255 0 255
12.800 27.600 0.400 100 150 245
12.800 27.600 0.800 100 150 245
12.800 27.600 1.200 100 150 245
12.800 28.000 0.400 100 150 245
12.800 28.000 0.800 100 150 245
12.800 28.000 1.200 100 150 245
12.800 28.400 0.400 100 150 245
12.800 28.400 0.800 100 150 245
12.800 28.400 1.200 100 150 245
12.800 28.800 0.400 100 150 245
12.800 28.800 0.800 100 150 245
12.800 29.200 0.400 150 240 80
12.800 29.200 2.000 0 175 0
12.800 29.200 2.400 0 175 0
12.800 29.600 0.400 150 240 80
12.800 29.600 0.800 0 175 0
12.800 29.600 2.400 0 175 0
12.800 30.000 0.400 0 175 0
12.800 30.000 0.800 0 175 0
12.800 30.000 2.000 0 175 0
12.800 30.000 2.400 0 175 0
12.800 30.400 0.400 0 175 0
12.800 30.400 0.800 0 175 0
12.800 30.400 4.000 0 175 0
12.800 30.400 4.800 0 175 0
12.800 30.800 0.400 0 175 0
12.800 30.800 0.800 0 175 0
12.800 30.800 2.000 0 175 0
12.800 30.800 2.400 0 175 0
12.800 30.800 2.800 0 175 0
12.800 30.800 4.800 0 175 0
12.800 31.200 0.400 0 175 0
12.800 31.200 0.800 0 175 0
12.800 31.200 1.200 0 175 0
12.800 31.200 1.600 0 175 0
12.800 31.200 2.000 0 175 0
12.800 31.200 2.400 0 175 0
12.800 31.200 2.800 0 175 0
12.800 31.600 0.800 0 175 0
12.800 31.600 1.200 0 175 0
12.800 31.600 1.600 0 175 0
12.800 31.600 2.000 0 175 0
12.800 31.600 2.400 0 175 0
12.800 31.600 2.800 0 175 0
12.800 31.600 3.200 0 175 0
12.800 31.600 4.000 0 175 0
12.800 32.000 0.400 0 175 0
12.800 32.000 0.800 0 175 0
12.800 32.000 1.200 0 175 0
12.800 32.000 1.600 0 175 0
12.800 32.000 2.000 0 175 0
12.800 32.000 2.400 0 175 0
12.800 32.000 2.800 0 175 0
12.800 32.000 3.200 0 175 0
12.800 32.000 4.000 0 175 0
12.800 32.400 1.200 0 175 0
12.800 32.800 0.400 150 240 80
12.800 33.200 0.400 150 240 80
12.800 33.600 0.400 150 240 80
12.800 33.600 0.800 0 175 0
12.800 33.600 1.600 0 175 0
12.800 34.000 0.400 150 240 80
12.800 34.000 0.800 0 175 0
12.800 34.000 1.200 0 175 0
12.800 34.000 1.600 0 175 0
12.800 34.400 0.400 150 240 80
12.800 34.400 0.800 0 175 0
12.800 34.400 1.200 0 175 0
12.800 34.400 1.600 0 175 0
12.800 34.800 0.400 0 175 0
12.800 34.800 0.800 0 175 0
12.800 34.800 1.200 0 175 0
12.800 34.800 1.600 0 175 0
12.800 34.800 2.000 0 175 0
12.800 34.800 2.400 0 175 0
12.800 35.200 1.600 0 175 0
12.800 35.200 2.000 0 175 0
12.800 35.200 2.400 0 175 0
12.800 35.600 2.000 0 175 0
12.800 36.000 0.400 150 240 80
12.800 41.600 3.200 0 175 0
13.200 0.400 1.200 255 200 0
13.200 1.600 2.400 255 200 0
13.200 2.000 2.400 255 200 0
13.200 2.000 2.800 255 200 0
13.200 9.600 1.200 255 200 0
13.200 9.600 1.600 255 200 0
13.200 9.600 2.000 255 200 0
13.200 9.600 2.400 255 200 0
13.200 9.600 2.800 255 200 0
13.200 9.600 3.200 255 200 0
13.200 10.000 0.800 255 200 0
13.200 10.000 1.200 255 200 0
13.200 10.000 1.600 255 200 0
13.200 10.000 2.000 255 200 0
13.200 10.000 2.400 255 200 0
13.200 10.400 1.200 255 200 0
13.200 10.800 0.800 75 0 75
13.200 10.800 1.200 255 200 0
13.200 11.200 1.200 255 200 0
13.200 13.600 3.200 0 175 0
13.200 14.400 2.800 0 175 0
13.200 14.800 0.800 150 240 80
13.200 14.800 2.800 0 175 0
13.200 15.200 0.800 150 240 80
13.200 15.600 0.800 150 240 80
13.200 16.000 0.800 150 240 80
13.200 16.400 0.800 150 240 80
13.200 16.800 0.800 150 240 80
13.200 17.600 0.800 150 240 80
13.200 20.000 0.800 0 175 0
13.200 20.000 2.000 0 175 0
13.200 20.400 0.800 0 175 0
13.200 20.400 1.200 0 175 0
13.200 20.400 2.000 0 175 0
13.200 20.400 2.400 0 175 0
13.200 20.800 0.400 0 175 0
13.200 20.800 0.800 0 175 0
13.200 20.800 1.200 0 175 0
13.200 20.800 1.600 0 175 0
13.200 20.800 2.000 0 175 0
13.200 21.200 0.400 0 175 0
13.200 21.200 0.800 0 175 0
13.200 21.200 1.200 0 175 0
13.200 21.200 1.600 0 175 0
13.200 21.600 0.400 75 0 75
13.200 22.000 0.400 75 0 75
13.200 22.400 0.400 75 0 75
13.200 22.800 0.400 75 0 75
13.200 23.200 0.400 75 0 75
13.200 24.400 0.400 255 0 255
13.200 24.800 0.400 255 0 255
13.200 25.200 0.400 255 0 255
13.200 25.600 0.400 255 0 255
13.200 25.600 1.200 100 150 245
13.200 25.600 1.600 100 150 245
13.200 26.000 0.400 255 0 255
13.200 26.000 0.800 100 150 245
13.200 26.000 1.200 100 150 245
13.200 27.200 1.200 100 150 245
13.200 27.600 0.400 100 150 245
13.200 27.600 0.800 100 150 245
13.200 27.600 1.200 100 150 245
13.200 28.000 0.400 100 150 245
13.200 28.000 1.200 100 150 245
13.200 28.400 0.400 100 150 245
13.200 28.400 1.200 100 150 245
13.200 28.800 0.400 255 0 255
13.200 28.800 0.800 100 150 245
13.200 28.800 1.200 100 150 245
13.200 29.200 0.400 150 240 80
13.200 29.200 2.000 0 175 0
13.200 29.600 0.400 0 175 0
13.200 29.600 0.800 0 175 0
13.200 29.600 2.000 0 175 0
13.200 30.000 0.800 0 175 0
13.200 30.400 0.400 0 175 0
13.200 30.400 0.800 0 175 0
13.200 30.400 2.000 0 175 0
13.200 30.400 2.400 0 175 0
13.200 30.400 4.400 0 175 0
13.200 30.800 0.400 0 175 0
13.200 30.800 0.800 0 175 0
13.200 30.800 1.200 0 175 0
13.200 30.800 2.000 0 175 0
13.200 30.800 4.000 0 175 0
13.200 31.200 0.000 0 175 0
13.200 31.200 0.400 0 175 0
13.200 31.200 0.800 0 175 0
13.200 31.200 1.200 0 175 0
13.200 31.200 1.600 0 175 0
13.200 31.200 2.000 0 175 0
13.200 31.200 2.400 0 175 0
13.200 31.200 2.800 0 175 0
13.200 31.600 0.000 0 175 0
13.200 31.600 0.400 0 175 0
13.200 31.600 0.800 0 175 0
13.200 31.600 1.200 0 175 0
13.200 31.600 1.600 0 175 0
13.200 31.600 2.000 0 175 0
13.200 31.600 2.400 0 175 0
13.200 32.000 0.400 0 175 0
13.200 32.000 0.800 0 175 0
13.200 32.000 1.200 0 175 0
13.200 32.000 1.600 0 175 0
13.200 32.000 2.000 0 175 0
13.200 32.000 2.400 0 175 0
13.200 32.000 3.200 0 175 0
13.200 32.400 0.400 150 240 80
13.200 32.400 1.200 0 175 0
13.200 32.800 0.400 150 240 80
13.200 32.800 1.600 0 175 0
13.200 33.200 0.400 150 240 80
13.200 33.200 1.600 0 175 0
13.200 33.600 0.400 150 240 80
13.200 33.600 0.800 0 175 0
13.200 33.600 1.600 0 175 0
13.200 33.600 2.400 0 175 0
13.200 34.000 0.000 150 240 80
13.200 34.000 0.400 0 175 0
13.200 34.000 0.800 0 175 0
13.200 34.000 1.200 0 175 0
13.200 34.000 1.600 0 175 0
13.200 34.000 2.000 0 175 0
13.200 34.000 2.400 0 175 0
13.200 34.400 0.000 150 240 80
13.200 34.400 0.400 0 175 0
13.200 34.400 0.800 0 175 0
13.200 34.400 1.200 0 175 0
13.200 34.400 1.600 0 175 0
13.200 34.400 2.000 0 175 0
13.200 34.400 2.400 0 175 0
13.200 34.800 0.000 150 240 80
13.200 34.800 0.400 0 175 0
13.200 34.800 0.800 0 175 0
13.200 34.800 1.200 0 175 0
13.200 34.800 1.600 0 175 0
13.200 34.800 2.000 0 175 0
13.200 34.800 2.400 0 175 0
13.200 35.200 1.600 0 175 0
13.200 35.200 2.000 0 175 0
13.200 35.200 2.400 0 175 0
13.600 0.800 1.600 255 200 0
13.600 0.800 2.400 255 200 0
13.600 1.200 2.400 255 200 0
13.600 1.200 2.800 255 200 0
13.600 5.200 1.200 255 200 0
13.600 8.800 0.800 255 200 0
13.600 8.800 1.600 255 200 0
13.600 8.800 2.000 255 200 0
13.600 8.800 2.400 255 200 0
13.600 9.200 0.800 255 200 0
13.600 9.200 1.200 255 200 0
13.600 9.200 1.600 255 200 0
13.600 9.200 2.000 255 200 0
13.600 9.200 2.400 255 200 0
13.600 9.200 2.800 255 200 0
13.600 9.200 3.200 255 200 0
13.600 12.800 0.800 150 240 80
13.600 14.000 0.800 150 240 80
13.600 14.000 2.800 0 175 0
13.600 14.400 3.200 0 175 0
13.600 14.800 0.800 150 240 80
13.600 14.800 2.800 0 175 0
13.600 14.800 3.200 0 175 0
13.600 15.600 0.800 150 240 80
13.600 16.400 0.800 150 240 80
13.600 16.800 0.800 150 240 80
13.600 17.200 0.800 150 240 80
13.600 19.600 0.800 150 240 80
13.600 20.000 0.800 0 175 0
13.600 20.000 2.000 0 175 0
13.600 20.400 0.800 0 175 0
13.600 20.400 1.200 0 175 0
13.600 20.800 0.400 0 175 0
13.600 20.800 0.800 0 175 0
13.600 20.800 1.200 0 175 0
13.600 20.800 1.600 0 175 0
13.600 21.200 0.400 0 175 0
13.600 21.200 0.800 0 175 0
13.600 21.200 1.200 0 175 0
13.600 21.200 1.600 0 175 0
13.600 21.600 0.400 75 0 75
13.600 22.000 0.400 75 0 75
13.600 22.400 0.400 75 0 75
13.600 22.800 0.400 75 0 75
13.600 23.200 0.400 75 0 75
13.600 24.000 0.400 255 0 255
13.600 24.400 0.400 255 0 255
13.600 24.800 0.400 255 0 255
13.600 25.200 0.400 255 0 255
13.600 25.600 0.400 255 0 255
13.600 25.600 1.200 100 150 245
13.600 26.000 0.400 255 0 255
13.600 27.200 0.400 255 0 255
13.600 27.200 1.200 100 150 245
13.600 27.600 0.400 100 150 245
13.600 27.600 0.800 100 150 245
13.600 27.600 1.200 100 150 245
13.600 28.000 1.200 100 150 245
13.600 28.400 1.200 100 150 245
13.600 28.800 1.200 100 150 245
13.600 28.800 2.400 0 175 0
13.600 29.200 0.400 150 240 80
13.600 29.200 2.400 0 175 0
13.600 29.600 0.400 0 175 0
13.600 29.600 1.600 0 175 0
13.600 29.600 2.400 0 175 0
13.600 29.600 2.800 0 175 0
13.600 29.600 3.200 0 175 0
13.600 30.000 0.400 0 175 0
13.600 30.000 0.800 0 175 0
13.600 30.000 1.200 0 175 0
13.600 30.000 2.400 0 175 0
13.600 30.000 2.800 0 175 0
13.600 30.000 3.200 0 175 0
13.600 30.000 3.600 0 175 0
13.600 30.400 0.800 0 175 0
13.600 30.400 1.200 0 175 0
13.600 30.400 2.000 0 175 0
13.600 30.400 2.400 0 175 0
13.600 30.400 3.600 0 175 0
13.600 30.800 0.400 0 175 0
13.600 30.800 0.800 0 175 0
13.600 30.800 1.200 0 175 0
13.600 30.800 1.600 0 175 0
13.600 30.800 2.000 0 175 0
13.600 30.800 2.400 0 175 0
13.600 30.800 2.800 0 175 0
13.600 30.800 3.600 0 175 0
13.600 30.800 4.000 0 175 0
13.600 31.200 0.400 0 175 0
13.600 31.200 0.800 0 175 0
13.600 31.200 1.200 0 175 0
13.600 31.200 1.600 0 175 0
13.600 31.200 2.000 0 175 0
13.600 31.200 2.400 0 175 0
13.600 31.200 3.200 0 175 0
13.600 31.600 0.400 0 175 0
13.600 31.600 0.800 0 175 0
13.600 31.600 1.200 0 175 0
13.600 31.600 2.000 0 175 0
13.600 31.600 2.800 0 175 0
13.600 32.000 0.400 0 175 0
13.600 32.000 0.800 0 175 0
13.600 32.000 1.600 0 175 0
13.600 32.000 2.400 0 175 0
13.600 32.000 2.800 0 175 0
13.600 32.400 0.400 150 240 80
13.600 32.400 0.800 0 175 0
13.600 32.400 1.600 0 175 0
13.600 32.400 2.400 0 175 0
13.600 32.800 2.400 0 175 0
13.600 33.200 0.400 150 240 80
13.600 33.200 0.800 0 175 0
13.600 33.200 2.000 0 175 0
13.600 33.200 2.400 0 175 0
13.600 33.600 0.400 150 240 80
13.600 33.600 2.000 0 175 0
13.600 33.600 2.400 0 175 0
13.600 34.000 0.800 0 175 0
13.600 34.000 1.200 0 175 0
13.600 34.000 1.600 0 175 0
13.600 34.000 2.000 0 175 0
13.600 34.000 2.400 0 175 0
13.600 34.400 0.000 150 240 80
13.600 34.400 0.400 0 175 0
13.600 34.400 0.800 0 175 0
13.600 34.400 1.200 0 175 0
13.600 34.400 1.600 0 175 0
13.600 34.400 2.400 0 175 0
13.600 34.800 0.000 150 240 80
13.600 34.800 0.400 0 175 0
13.600 34.800 1.200 0 175 0
13.600 34.800 1.600 0 175 0
13.600 34.800 2.000 0 175 0
13.600 34.800 2.400 0 175 0
13.600 35.200 1.600 0 175 0
13.600 35.200 2.000 0 175 0
14.000 0.400 2.400 255 200 0
14.000 0.400 2.800 255 200 0
14.000 0.800 2.000 255 200 0
14.000 0.800 2.400 255 200 0
14.000 0.800 2.800 255 200 0
14.000 1.600 2.400 255 200 0
14.000 6.000 1.200 255 200 0
14.000 6.400 1.200 255 200 0
14.000 8.000 4.400 255 200 0
14.000 8.400 0.800 255 200 0
14.000 8.400 1.200 255 200 0
14.000 8.400 1.600 255 200 0
14.000 8.400 2.000 255 200 0
14.000 8.400 2.400 255 200 0
14.000 8.400 2.800 255 200 0
14.000 8.400 3.200 255 200 0
14.000 8.400 3.600 255 200 0
14.000 8.400 4.000 255 200 0
14.000 8.400 4.400 255 200 0
14.000 8.400 4.800 255 200 0
14.000 8.800 0.800 255 200 0
14.000 8.800 1.200 255 200 0
14.000 8.800 1.600 255 200 0
14.000 8.800 2.000 255 200 0
14.000 8.800 2.400 255 200 0
14.000 8.800 2.800 255 200 0
14.000 8.800 3.200 255 200 0
14.000 13.600 0.800 150 240 80
14.000 14.000 3.200 0 175 0
14.000 15.600 0.800 150 240 80
14.000 15.600 3.600 0 175 0
14.000 16.000 0.800 150 240 80
14.000 16.000 3.200 0 175 0
14.000 16.400 0.800 150 240 80
14.000 16.800 0.800 150 240 80
14.000 19.200 0.800 150 240 80
14.000 20.000 0.800 0 175 0
14.000 20.400 0.800 0 175 0
14.000 20.400 1.200 0 175 0
14.000 20.800 0.400 0 175 0
14.000 20.800 0.800 0 175 0
14.000 20.800 1.200 0 175 0
14.000 20.800 1.600 0 175 0
14.000 21.200 0.400 75 0 75
14.000 21.200 0.800 0 175 0
14.000 21.200 1.200 0 175 0
14.000 21.200 1.600 0 175 0
14.000 21.600 0.400 75 0 75
14.000 22.000 0.400 75 0 75
14.000 22.400 0.400 75 0 75
14.000 22.800 0.400 75 0 75
14.000 23.200 0.400 75 0 75
14.000 24.000 0.400 255 0 255
14.000 24.400 0.400 255 0 255
14.000 24.400 1.200 100 150 245
14.000 24.800 0.400 255 0 255
14.000 25.200 0.400 255 0 255
14.000 25.600 0.400 255 0 255
14.000 25.600 1.600 100 150 245
14.000 26.000 0.400 255 0 255
14.000 26.000 0.800 100 150 245
14.000 26.800 0.400 255 0 255
14.000 27.200 0.400 255 0 255
14.000 27.200 0.800 100 150 245
14.000 27.200 1.200 100 150 245
14.000 27.600 0.400 255 0 255
14.000 27.600 1.200 100 150 245
14.000 27.600 1.600 100 150 245
14.000 28.000 0.400 255 0 255
14.000 28.000 1.200 100 150 245
14.000 28.000 1.600 100 150 245
14.000 28.400 1.200 100 150 245
14.000 28.400 1.600 100 150 245
14.000 28.800 0.800 100 150 245
14.000 28.800 1.200 100 150 245
14.000 28.800 2.400 0 175 0
14.000 29.200 0.400 150 240 80
14.000 29.200 2.000 0 175 0
14.000 29.200 2.400 0 175 0
14.000 29.600 0.400 0 175 0
14.000 29.600 1.600 0 175 0
14.000 29.600 2.000 0 175 0
14.000 29.600 2.400 0 175 0
14.000 29.600 2.800 0 175 0
14.000 29.600 3.600 0 175 0
14.000 30.000 0.800 0 175 0
14.000 30.000 1.200 0 175 0
14.000 30.000 1.600 0 175 0
14.000 30.000 2.000 0 175 0
14.000 30.000 2.400 0 175 0
14.000 30.000 2.800 0 175 0
14.000 30.000 3.200 0 175 0
14.000 30.000 3.600 0 175 0
14.000 30.000 4.000 0 175 0
14.000 30.400 0.800 0 175 0
14.000 30.400 1.200 0 175 0
14.000 30.400 1.600 0 175 0
14.000 30.400 2.000 0 175 0
14.000 30.400 2.400 0 175 0
14.000 30.400 3.200 0 175 0
14.000 30.400 3.600 0 175 0
14.000 30.800 0.400 0 175 0
14.000 30.800 0.800 0 175 0
14.000 30.800 1.200 0 175 0
14.000 30.800 1.600 0 175 0
14.000 30.800 2.000 0 175 0
14.000 30.800 2.400 0 175 0
14.000 30.800 2.800 0 175 0
14.000 31.200 0.400 0 175 0
14.000 31.200 1.200 0 175 0
14.000 31.200 1.600 0 175 0
14.000 31.200 2.000 0 175 0
14.000 31.200 2.400 0 175 0
14.000 31.200 3.200 0 175 0
14.000 31.600 0.400 0 175 0
14.000 31.600 0.800 0 175 0
14.000 31.600 1.200 0 175 0
14.000 31.600 1.600 0 175 0
14.000 31.600 2.400 0 175 0
14.000 31.600 2.800 0 175 0
14.000 32.000 0.800 0 175 0
14.000 32.400 0.400 150 240 80
14.000 32.400 0.800 0 175 0
14.000 32.400 2.400 0 175 0
14.000 32.800 0.400 150 240 80
14.000 32.800 2.400 0 175 0
14.000 33.200 0.400 150 240 80
14.000 33.200 0.800 0 175 0
14.000 33.200 1.200 0 175 0
14.000 33.200 1.600 0 175 0
14.000 33.200 2.000 0 175 0
14.000 33.200 2.400 0 175 0
14.000 33.200 3.200 0 175 0
14.000 33.600 0.800 0 175 0
14.000 33.600 1.600 0 175 0
14.000 33.600 2.400 0 175 0
14.000 34.000 0.000 150 240 80
14.000 34.000 1.200 0 175 0
14.000 34.000 1.600 0 175 0
14.000 34.000 2.000 0 175 0
14.000 34.400 0.000 150 240 80
14.000 34.400 0.400 0 175 0
14.000 34.400 0.800 0 175 0
14.000 34.400 1.200 0 175 0
14.000 34.400 1.600 0 175 0
14.000 34.400 2.000 0 175 0
14.000 34.400 2.400 0 175 0
14.000 34.800 0.400 0 175 0
14.000 34.800 0.800 0 175 0
14.000 34.800 1.200 0 175 0
14.000 34.800 1.600 0 175 0
14.000 34.800 2.000 0 175 0
14.000 34.800 2.400 0 175 0
14.000 35.200 0.000 150 240 80
14.000 35.200 0.800 0 175 0
14.000 35.200 1.200 0 175 0
14.000 35.200 1.600 0 175 0
14.000 35.200 2.000 0 175 0
14.000 35.200 2.400 0 175 0
14.400 2.000 2.400 0 175 0
14.400 6.400 0.800 255 200 0
14.400 6.800 0.800 255 200 0
14.400 7.600 0.800 255 200 0
14.400 7.600 1.200 255 200 0
14.400 7.600 1.600 255 200 0
14.400 7.600 2.000 255 200 0
14.400 7.600 2.400 255 200 0
14.400 7.600 2.800 255 200 0
14.400 7.600 3.200 255 200 0
14.400 7.600 3.600 255 200 0
14.400 7.600 4.000 255 200 0
14.400 7.600 4.400 255 200 0
14.400 7.600 4.800 255 200 0
14.400 8.000 0.800 255 200 0
14.400 8.000 1.200 255 200 0
14.400 8.000 1.600 255 200 0
14.400 8.000 2.000 255 200 0
14.400 8.000 2.400 255 200 0
14.400 8.000 2.800 255 200 0
14.400 8.000 3.200 255 200 0
14.400 8.400 0.800 75 0 75
14.400 15.600 3.200 0 175 0
14.400 16.000 0.800 150 240 80
14.400 16.800 0.800 150 240 80
14.400 19.600 0.800 0 175 0
14.400 20.400 0.800 0 175 0
14.400 20.800 0.400 0 175 0
14.400 20.800 0.800 0 175 0
14.400 20.800 1.200 0 175 0
14.400 20.800 1.600 0 175 0
14.400 21.200 0.400 0 175 0
14.400 21.200 0.800 0 175 0
14.400 21.200 1.200 0 175 0
14.400 21.200 1.600 0 175 0
14.400 21.600 0.400 75 0 75
14.400 22.000 0.400 75 0 75
14.400 22.400 0.400 75 0 75
14.400 22.800 0.400 75 0 75
14.400 23.200 0.400 75 0 75
14.400 24.000 0.400 255 0 255
14.400 24.400 0.400 255 0 255
14.400 24.800 0.400 255 0 255
14.400 24.800 0.800 100 150 245
14.400 25.200 0.400 255 0 255
14.400 25.200 0.800 100 150 245
14.400 25.200 1.200 100 150 245
14.400 25.200 2.000 100 150 245
14.400 25.600 0.400 255 0 255
14.400 25.600 0.800 100 150 245
14.400 25.600 1.200 100 150 245
14.400 26.000 0.400 255 0 255
14.400 26.400 0.400 255 0 255
14.400 26.800 0.400 255 0 255
14.400 27.200 0.400 255 0 255
14.400 27.200 0.800 100 150 245
14.400 27.200 1.200 100 150 245
14.400 27.600 0.400 255 0 255
14.400 27.600 1.200 100 150 245
14.400 27.600 1.600 100 150 245
14.400 28.000 1.600 100 150 245
14.400 28.400 1.200 100 150 245
14.400 28.400 1.600 100 150 245
14.400 28.800 0.800 100 150 245
14.400 28.800 1.200 100 150 245
14.400 29.200 0.400 150 240 80
14.400 29.200 1.200 0 175 0
14.400 29.200 2.000 0 175 0
14.400 29.200 2.400 0 175 0
14.400 29.600 0.400 0 175 0
14.400 29.600 0.800 0 175 0
14.400 29.600 1.200 0 175 0
14.400 29.600 1.600 0 175 0
14.400 29.600 2.000 0 175 0
14.400 29.600 2.400 0 175 0
14.400 29.600 2.800 0 175 0
14.400 30.000 0.400 0 175 0
14.400 30.000 0.800 0 175 0
14.400 30.000 1.200 0 175 0
14.400 30.000 1.600 0 175 0
14.400 30.000 2.000 0 175 0
14.400 30.000 2.400 0 175 0
14.400 30.000 2.800 0 175 0
14.400 30.000 3.200 0 175 0
14.400 30.400 0.400 0 175 0
14.400 30.400 0.800 0 175 0
14.400 30.400 1.200 0 175 0
14.400 30.400 1.600 0 175 0
14.400 30.400 2.000 0 175 0
14.400 30.400 2.400 0 175 0
14.400 30.400 2.800 0 175 0
14.400 30.400 3.200 0 175 0
14.400 30.400 3.600 0 175 0
14.400 30.800 0.800 0 175 0
14.400 30.800 1.200 0 175 0
14.400 30.800 1.600 0 175 0
14.400 30.800 2.000 0 175 0
14.400 30.800 2.400 0 175 0
14.400 30.800 2.800 0 175 0
14.400 30.800 3.200 0 175 0
14.400 31.200 0.800 0 175 0
14.400 31.200 1.200 0 175 0
14.400 31.200 1.600 0 175 0
14.400 31.200 2.000 0 175 0
14.400 31.200 2.400 0 175 0
14.400 31.200 2.800 0 175 0
14.400 31.200 3.600 0 175 0
14.400 31.600 0.400 0 175 0
14.400 31.600 1.200 0 175 0
14.400 31.600 1.600 0 175 0
14.400 31.600 2.000 0 175 0
14.400 31.600 2.400 0 175 0
14.400 31.600 2.800 0 175 0
14.400 31.600 3.600 0 175 0
14.400 32.000 0.400 0 175 0
14.400 32.000 1.600 0 175 0
14.400 32.000 2.400 0 175 0
14.400 32.400 0.400 150 240 80
14.400 32.800 0.400 150 240 80
14.400 32.800 1.200 0 175 0
14.400 32.800 2.000 0 175 0
14.400 32.800 2.400 0 175 0
14.400 33.200 0.400 150 240 80
14.400 33.200 0.800 0 175 0
14.400 33.200 1.200 0 175 0
14.400 33.200 1.600 0 175 0
14.400 33.200 2.000 0 175 0
14.400 33.200 2.400 0 175 0
14.400 33.600 0.400 150 240 80
14.400 33.600 0.800 0 175 0
14.400 33.600 1.200 0 175 0
14.400 33.600 2.400 0 175 0
14.400 34.000 0.400 0 175 0
14.400 34.000 0.800 0 175 0
14.400 34.000 1.200 0 175 0
14.400 34.000 2.400 0 175 0
14.400 34.400 0.000 150 240 80
14.400 34.400 0.400 0 175 0
14.400 34.400 0.800 0 175 0
14.400 34.400 1.200 0 175 0
14.400 34.400 1.600 0 175 0
14.400 34.400 2.000 0 175 0
14.400 34.400 2.400 0 175 0
14.400 34.800 0.800 0 175 0
14.400 34.800 1.200 0 175 0
14.400 34.800 1.600 0 175 0
14.400 34.800 2.000 0 175 0
14.400 34.800 2.400 0 175 0
14.400 35.200 0.400 0 175 0
14.400 35.200 0.800 0 175 0
14.400 35.200 1.200 0 175 0
14.400 35.200 1.600 0 175 0
14.400 35.200 2.000 0 175 0
14.400 35.200 2.400 0 175 0
14.400 35.200 3.200 0 175 0
14.400 35.600 0.000 150 240 80
14.400 35.600 0.800 0 175 0
14.400 35.600 1.200 0 175 0
14.400 35.600 1.600 0 175 0
14.400 35.600 2.400 0 175 0
14.800 2.000 1.600 0 175 0
14.800 2.000 2.400 0 175 0
14.800 2.000 2.800 0 175 0
14.800 2.400 2.400 0 175 0
14.800 4.400 0.800 255 200 0
14.800 4.800 0.800 255 200 0
14.800 5.200 0.800 255 200 0
14.800 6.400 0.800 255 200 0
14.800 10.800 0.800 150 240 80
14.800 16.800 0.800 150 240 80
14.800 18.400 0.800 150 240 80
14.800 20.400 0.800 0 175 0
14.800 20.800 0.800 0 175 0
14.800 20.800 1.200 0 175 0
14.800 20.800 1.600 0 175 0
14.800 21.200 0.400 75 0 75
14.800 21.200 0.800 0 175 0
14.800 21.200 1.200 0 175 0
14.800 21.200 1.600 0 175 0
14.800 21.600 0.400 75 0 75
14.800 22.000 0.400 75 0 75
14.800 22.400 0.400 75 0 75
14.800 22.800 0.400 75 0 75
14.800 23.200 0.400 75 0 75
14.800 23.600 0.400 255 0 255
14.800 24.000 0.400 255 0 255
14.800 24.400 0.400 255 0 255
14.800 24.400 0.800 100 150 245
14.800 24.400 1.200 100 150 245
14.800 24.800 0.400 255 0 255
14.800 25.200 0.400 255 0 255
14.800 25.600 0.400 255 0 255
14.800 26.000 0.400 255 0 255
14.800 26.000 1.200 100 150 245
14.800 26.400 0.400 255 0 255
14.800 26.800 0.400 255 0 255
14.800 27.200 0.400 255 0 255
14.800 27.200 0.800 100 150 245
14.800 27.200 1.200 100 150 245
14.800 27.600 0.400 255 0 255
14.800 27.600 0.800 100 150 245
14.800 27.600 1.200 100 150 245
14.800 27.600 1.600 100 150 245
14.800 28.000 0.400 255 0 255
14.800 28.000 0.800 100 150 245
14.800 28.000 1.600 100 150 245
14.800 28.400 0.400 255 0 255
14.800 28.400 0.800 100 150 245
14.800 28.400 1.200 100 150 245
14.800 28.400 1.600 100 150 245
14.800 28.800 0.800 100 150 245
14.800 28.800 1.200 100 150 245
14.800 28.800 2.800 0 175 0
14.800 29.200 0.400 150 240 80
14.800 29.200 2.800 0 175 0
14.800 29.600 0.400 0 175 0
14.800 29.600 0.800 0 175 0
14.800 29.600 1.200 0 175 0
14.800 29.600 1.600 0 175 0
14.800 29.600 2.400 0 175 0
14.800 29.600 2.800 0 175 0
14.800 30.000 0.800 0 175 0
14.800 30.000 1.200 0 175 0
14.800 30.000 1.600 0 175 0
14.800 30.000 2.000 0 175 0
14.800 30.000 2.400 0 175 0
14.800 30.000 2.800 0 175 0
14.800 30.000 3.200 0 175 0
14.800 30.400 0.800 0 175 0
14.800 30.400 1.200 0 175 0
14.800 30.400 1.600 0 175 0
14.800 30.400 2.000 0 175 0
14.800 30.400 2.400 0 175 0
14.800 30.400 2.800 0 175 0
14.800 30.400 3.200 0 175 0
14.800 30.400 3.600 0 175 0
14.800 30.800 0.800 0 175 0
14.800 30.800 1.200 0 175 0
14.800 30.800 1.600 0 175 0
14.800 30.800 2.000 0 175 0
14.800 30.800 2.400 0 175 0
14.800 30.800 2.800 0 175 0
14.800 31.200 0.800 0 175 0
14.800 31.200 1.200 0 175 0
14.800 31.200 1.600 0 175 0
14.800 31.200 2.000 0 175 0
14.800 31.200 2.400 0 175 0
14.800 31.200 2.800 0 175 0
14.800 31.200 3.200 0 175 0
14.800 31.200 3.600 0 175 0
14.800 31.600 1.200 0 175 0
14.800 31.600 1.600 0 175 0
14.800 31.600 2.000 0 175 0
14.800 31.600 2.400 0 175 0
14.800 31.600 2.800 0 175 0
14.800 32.000 0.400 0 175 0
14.800 32.000 2.000 0 175 0
14.800 32.000 2.400 0 175 0
14.800 32.000 3.600 0 175 0
14.800 32.400 0.400 150 240 80
14.800 32.400 1.600 0 175 0
14.800 32.400 2.000 0 175 0
14.800 32.800 0.400 150 240 80
14.800 32.800 0.800 0 175 0
14.800 32.800 1.600 0 175 0
14.800 32.800 2.000 0 175 0
14.800 32.800 2.400 0 175 0
14.800 32.800 3.600 0 175 0
14.800 33.200 0.400 150 240 80
14.800 33.200 0.800 0 175 0
14.800 33.200 1.200 0 175 0
14.800 33.200 1.600 0 175 0
14.800 33.200 2.000 0 175 0
14.800 33.200 2.400 0 175 0
14.800 33.600 0.400 150 240 80
14.800 33.600 0.800 0 175 0
14.800 33.600 1.200 0 175 0
14.800 33.600 1.600 0 175 0
14.800 33.600 2.400 0 175 0
14.800 34.000 0.400 0 175 0
14.800 34.000 0.800 0 175 0
14.800 34.000 2.400 0 175 0
14.800 34.400 0.000 150 240 80
14.800 34.400 0.400 0 175 0
14.800 34.400 0.800 0 175 0
14.800 34.400 1.200 0 175 0
14.800 34.400 1.600 0 175 0
14.800 34.400 2.400 0 175 0
14.800 34.800 0.000 150 240 80
14.800 34.800 0.400 0 175 0
14.800 34.800 0.800 0 175 0
14.800 34.800 1.200 0 175 0
14.800 34.800 1.600 0 175 0
14.800 34.800 2.000 0 175 0
14.800 34.800 2.400 0 175 0
14.800 35.200 0.400 0 175 0
14.800 35.200 0.800 0 175 0
14.800 35.200 1.200 0 175 0
14.800 35.200 1.600 0 175 0
14.800 35.200 2.000 0 175 0
14.800 35.200 2.400 0 175 0
14.800 35.200 2.800 0 175 0
14.800 35.200 3.200 0 175 0
14.800 35.600 0.800 0 175 0
14.800 35.600 1.200 0 175 0
15.200 1.600 3.200 0 175 0
15.200 2.000 1.200 0 175 0
15.200 2.400 0.800 0 175 0
15.200 2.400 1.600 0 175 0
15.200 2.400 2.000 0 175 0
15.200 2.400 2.400 0 175 0
15.200 2.400 2.800 0 175 0
15.200 4.000 0.800 255 200 0
15.200 4.400 0.800 255 200 0
15.200 4.800 0.800 255 200 0
15.200 9.600 0.800 150 240 80
15.200 16.400 2.400 0 175 0
15.200 18.400 0.800 150 240 80
15.200 20.400 0.800 0 175 0
15.200 20.800 0.400 0 175 0
15.200 20.800 0.800 0 175 0
15.200 20.800 1.200 0 175 0
15.200 20.800 1.600 0 175 0
15.200 21.200 0.400 0 175 0
15.200 21.200 0.800 0 175 0
15.200 21.200 1.200 0 175 0
15.200 21.200 1.600 0 175 0
15.200 21.600 0.400 75 0 75
15.200 22.000 0.400 75 0 75
15.200 22.400 0.400 75 0 75
15.200 22.800 0.400 75 0 75
15.200 23.200 0.400 75 0 75
15.200 23.600 0.400 255 0 255
15.200 24.000 0.400 255 0 255
15.200 24.400 0.400 255 0 255
15.200 24.800 0.400 255 0 255
15.200 24.800 0.800 100 150 245
15.200 25.200 0.400 255 0 255
15.200 25.200 0.800 100 150 245
15.200 25.600 0.400 255 0 255
15.200 25.600 0.800 100 150 245
15.200 26.000 0.400 255 0 255
15.200 26.400 0.400 255 0 255
15.200 26.800 0.400 255 0 255
15.200 27.200 0.400 255 0 255
15.200 27.200 0.800 100 150 245
15.200 27.200 1.200 100 150 245
15.200 27.600 0.400 255 0 255
15.200 27.600 0.800 100 150 245
15.200 27.600 1.200 100 150 245
15.200 27.600 1.600 100 150 245
15.200 28.000 0.400 255 0 255
15.200 28.000 0.800 100 150 245
15.200 28.000 1.200 100 150 245
15.200 28.400 0.400 100 150 245
15.200 28.400 1.600 100 150 245
15.200 28.800 0.400 100 150 245
15.200 28.800 0.800 100 150 245
15.200 28.800 1.200 100 150 245
15.200 28.800 2.800 0 175 0
15.200 29.200 0.400 150 240 80
15.200 29.200 2.800 0 175 0
15.200 29.600 0.400 0 175 0
15.200 29.600 1.200 0 175 0
15.200 29.600 2.400 0 175 0
15.200 29.600 2.800 0 175 0
15.200 29.600 3.200 0 175 0
15.200 30.000 0.400 0 175 0
15.200 30.000 1.200 0 175 0
15.200 30.000 1.600 0 175 0
15.200 30.000 2.000 0 175 0
15.200 30.000 2.400 0 175 0
15.200 30.000 2.800 0 175 0
15.200 30.000 3.200 0 175 0
15.200 30.400 0.800 0 175 0
15.200 30.400 1.200 0 175 0
15.200 30.400 1.600 0 175 0
15.200 30.400 2.000 0 175 0
15.200 30.400 2.400 0 175 0
15.200 30.400 2.800 0 175 0
15.200 30.400 3.200 0 175 0
15.200 30.400 3.600 0 175 0
15.200 30.800 0.800 0 175 0
15.200 30.800 1.200 0 175 0
15.200 30.800 1.600 0 175 0
15.200 30.800 2.000 0 175 0
15.200 30.800 2.400 0 175 0
15.200 30.800 2.800 0 175 0
15.200 30.800 3.200 0 175 0
15.200 30.800 3.600 0 175 0
15.200 30.800 4.000 0 175 0
15.200 31.200 0.800 0 175 0
15.200 31.200 1.200 0 175 0
15.200 31.200 1.600 0 175 0
15.200 31.200 2.000 0 175 0
15.200 31.200 2.400 0 175 0
15.200 31.200 2.800 0 175 0
15.200 31.600 2.000 0 175 0
15.200 31.600 2.400 0 175 0
15.200 31.600 2.800 0 175 0
15.200 31.600 3.200 0 175 0
15.200 31.600 3.600 0 175 0
15.200 32.000 0.400 150 240 80
15.200 32.000 1.600 0 175 0
15.200 32.000 2.000 0 175 0
15.200 32.000 2.400 0 175 0
15.200 32.000 2.800 0 175 0
15.200 32.000 3.200 0 175 0
15.200 32.000 3.600 0 175 0
15.200 32.400 0.400 150 240 80
15.200 32.400 1.200 0 175 0
15.200 32.400 1.600 0 175 0
15.200 32.400 2.000 0 175 0
15.200 32.400 2.400 0 175 0
15.200 32.400 2.800 0 175 0
15.200 32.400 3.200 0 175 0
15.200 32.800 0.400 150 240 80
15.200 32.800 0.800 0 175 0
15.200 32.800 1.200 0 175 0
15.200 32.800 1.600 0 175 0
15.200 32.800 2.000 0 175 0
15.200 32.800 2.400 0 175 0
15.200 32.800 2.800 0 175 0
15.200 32.800 3.200 0 175 0
15.200 33.200 0.400 150 240 80
15.200 33.200 0.800 0 175 0
15.200 33.200 1.200 0 175 0
15.200 33.200 2.000 0 175 0
15.200 33.200 2.400 0 175 0
15.200 33.200 2.800 0 175 0
15.200 33.600 1.200 0 175 0
15.200 33.600 1.600 0 175 0
15.200 33.600 2.000 0 175 0
15.200 33.600 2.400 0 175 0
15.200 33.600 2.800 0 175 0
15.200 34.000 0.400 0 175 0
15.200 34.000 0.800 0 175 0
15.200 34.000 1.200 0 175 0
15.200 34.000 1.600 0 175 0
15.200 34.000 2.000 0 175 0
15.200 34.000 2.400 0 175 0
15.200 34.400 0.000 150 240 80
15.200 34.400 0.400 0 175 0
15.200 34.400 0.800 0 175 0
15.200 34.400 1.200 0 175 0
15.200 34.800 0.000 150 240 80
15.200 34.800 0.400 0 175 0
15.200 34.800 0.800 0 175 0
15.200 34.800 1.200 0 175 0
15.200 34.800 1.600 0 175 0
15.200 34.800 2.000 0 175 0
15.200 35.200 0.000 150 240 80
15.200 35.200 0.400 0 175 0
15.200 35.200 0.800 0 175 0
15.200 35.200 1.200 0 175 0
15.200 35.200 1.600 0 175 0
15.200 35.200 2.000 0 175 0
15.200 35.200 2.400 0 175 0
15.200 35.200 3.200 0 175 0
15.200 35.600 0.800 0 175 0
15.200 35.600 1.600 0 175 0
15.200 35.600 2.400 0 175 0
15.600 2.400 1.600 0 175 0
15.600 2.400 2.400 0 175 0
15.600 2.400 2.800 0 175 0
15.600 2.800 0.800 255 200 0
15.600 2.800 2.000 0 175 0
15.600 2.800 2.400 0 175 0
15.600 3.200 0.800 255 200 0
15.600 9.200 0.800 150 240 80
15.600 13.600 3.200 0 175 0
15.600 14.000 2.400 135 60 0
15.600 15.600 3.200 0 175 0
15.600 16.000 0.800 150 240 80
15.600 16.000 2.800 0 175 0
15.600 16.000 3.200 0 175 0
15.600 16.400 2.800 0 175 0
15.600 16.800 3.200 0 175 0
15.600 20.400 0.800 0 175 0
15.600 20.400 1.600 0 175 0
15.600 20.800 0.400 0 175 0
15.600 20.800 0.800 0 175 0
15.600 20.800 1.200 0 175 0
15.600 20.800 1.600 0 175 0
15.600 21.200 0.400 0 175 0
15.600 21.200 0.800 0 175 0
15.600 21.200 1.200 0 175 0
15.600 21.200 1.600 0 175 0
15.600 21.600 0.400 75 0 75
15.600 22.000 0.400 75 0 75
15.600 22.400 0.400 75 0 75
15.600 22.800 0.400 75 0 75
15.600 23.200 0.400 75 0 75
15.600 23.600 0.400 255 0 255
15.600 24.000 0.400 255 0 255
15.600 24.400 0.400 255 0 255
15.600 24.800 0.400 255 0 255
15.600 25.200 0.400 255 0 255
15.600 25.600 0.400 255 0 255
15.600 26.000 0.400 255 0 255
15.600 26.400 0.400 255 0 255
15.600 26.800 0.400 255 0 255
15.600 27.200 0.400 100 150 245
15.600 27.200 0.800 100 150 245
15.600 27.200 1.200 100 150 245
15.600 27.600 0.400 100 150 245
15.600 27.600 0.800 100 150 245
15.600 27.600 1.200 100 150 245
15.600 27.600 1.600 100 150 245
15.600 28.000 0.400 100 150 245
15.600 28.000 0.800 100 150 245
15.600 28.000 1.200 100 150 245
15.600 28.000 1.600 100 150 245
15.600 28.400 0.400 100 150 245
15.600 28.400 1.200 100 150 245
15.600 28.400 1.600 100 150 245
15.600 29.200 0.400 150 240 80
15.600 29.600 0.400 0 175 0
15.600 29.600 0.800 0 175 0
15.600 30.000 0.800 0 175 0
15.600 30.000 1.600 0 175 0
15.600 30.000 2.000 0 175 0
15.600 30.000 2.400 0 175 0
15.600 30.000 2.800 0 175 0
15.600 30.000 3.200 0 175 0
15.600 30.400 0.800 0 175 0
15.600 30.400 1.600 0 175 0
15.600 30.400 2.000 0 175 0
15.600 30.400 2.800 0 175 0
15.600 30.400 3.200 0 175 0
15.600 30.800 0.800 0 175 0
15.600 30.800 1.200 0 175 0
15.600 30.800 1.600 0 175 0
15.600 30.800 2.000 0 175 0
15.600 30.800 2.400 0 175 0
15.600 31.200 1.200 0 175 0
15.600 31.200 1.600 0 175 0
15.600 31.200 2.000 0 175 0
15.600 31.200 2.400 0 175 0
15.600 31.200 2.800 0 175 0
15.600 31.200 3.200 0 175 0
15.600 31.200 3.600 0 175 0
15.600 31.600 0.800 0 175 0
15.600 31.600 1.200 0 175 0
15.600 31.600 1.600 0 175 0
15.600 31.600 2.000 0 175 0
15.600 31.600 2.400 0 175 0
15.600 31.600 2.800 0 175 0
15.600 31.600 3.200 0 175 0
15.600 32.000 0.800 0 175 0
15.600 32.000 1.200 0 175 0
15.600 32.000 1.600 0 175 0
15.600 32.000 2.000 0 175 0
15.600 32.000 2.400 0 175 0
15.600 32.000 2.800 0 175 0
15.600 32.000 3.200 0 175 0
15.600 32.400 0.400 150 240 80
15.600 32.400 1.200 0 175 0
15.600 32.400 1.600 0 175 0
15.600 32.400 2.000 0 175 0
15.600 32.400 2.400 0 175 0
15.600 32.400 2.800 0 175 0
15.600 32.400 3.200 0 175 0
15.600 32.800 0.400 150 240 80
15.600 32.800 1.200 0 175 0
15.600 32.800 2.000 0 175 0
15.600 32.800 2.400 0 175 0
15.600 32.800 2.800 0 175 0
15.600 32.800 3.200 0 175 0
15.600 32.800 3.600 0 175 0
15.600 33.200 0.400 150 240 80
15.600 33.200 0.800 0 175 0
15.600 33.200 1.200 0 175 0
15.600 33.200 1.600 0 175 0
15.600 33.200 2.000 0 175 0
15.600 33.200 2.400 0 175 0
15.600 33.200 2.800 0 175 0
15.600 33.600 0.400 150 240 80
15.600 33.600 0.800 0 175 0
15.600 33.600 1.600 0 175 0
15.600 33.600 2.000 0 175 0
15.600 33.600 2.400 0 175 0
15.600 34.000 0.000 150 240 80
15.600 34.000 1.200 0 175 0
15.600 34.000 1.600 0 175 0
15.600 34.000 2.000 0 175 0
15.600 34.000 2.400 0 175 0
15.600 34.400 0.000 150 240 80
15.600 34.400 0.400 0 175 0
15.600 34.400 0.800 0 175 0
15.600 34.400 1.200 0 175 0
15.600 34.400 1.600 0 175 0
15.600 34.800 0.000 150 240 80
15.600 34.800 0.400 0 175 0
15.600 34.800 0.800 0 175 0
15.600 34.800 1.200 0 175 0
15.600 35.200 0.000 150 240 80
15.600 35.200 0.400 0 175 0
15.600 35.200 0.800 0 175 0
15.600 35.200 1.600 0 175 0
15.600 35.200 2.000 0 175 0
15.600 35.200 2.400 0 175 0
15.600 35.600 0.000 150 240 80
15.600 35.600 0.800 0 175 0
15.600 35.600 1.600 0 175 0
15.600 35.600 2.000 0 175 0
15.600 35.600 2.400 0 175 0
15.600 36.000 0.000 150 240 80
15.600 36.000 0.800 0 175 0
15.600 36.000 1.200 0 175 0
15.600 36.400 0.800 0 175 0
16.000 0.400 1.200 255 200 0
16.000 2.400 2.800 0 175 0
16.000 2.800 0.800 255 200 0
16.000 2.800 1.200 0 175 0
16.000 2.800 1.600 0 175 0
16.000 2.800 2.000 0 175 0
16.000 2.800 2.400 0 175 0
16.000 2.800 2.800 0 175 0
16.000 9.200 0.800 150 240 80
16.000 9.600 0.800 150 240 80
16.000 13.600 1.600 135 60 0
16.000 13.600 2.000 135 60 0
16.000 13.600 2.400 135 60 0
16.000 13.600 2.800 135 60 0
16.000 14.000 2.000 135 60 0
16.000 14.000 2.400 135 60 0
16.000 14.400 2.800 135 60 0
16.000 15.600 0.800 150 240 80
16.000 18.400 0.800 150 240 80
16.000 18.800 0.800 150 240 80
16.000 20.400 0.800 0 175 0
16.000 20.400 1.600 0 175 0
16.000 20.800 0.800 0 175 0
16.000 20.800 1.200 0 175 0
16.000 20.800 1.600 0 175 0
16.000 21.200 0.400 0 175 0
16.000 21.200 0.800 0 175 0
16.000 21.200 1.200 0 175 0
16.000 21.200 1.600 0 175 0
16.000 21.600 0.400 75 0 75
16.000 22.000 0.400 75 0 75
16.000 22.400 0.400 75 0 75
16.000 22.800 0.400 75 0 75
16.000 23.200 0.400 75 0 75
16.000 23.600 0.400 255 0 255
16.000 24.000 0.400 255 0 255
16.000 24.400 0.400 255 0 255
16.000 24.800 0.400 255 0 255
16.000 25.200 0.400 255 0 255
16.000 25.200 2.000 100 150 245
16.000 25.600 0.400 255 0 255
16.000 26.000 0.400 255 0 255
16.000 26.000 1.200 100 150 245
16.000 26.400 0.400 255 0 255
16.000 26.800 0.400 255 0 255
16.000 27.200 0.400 100 150 245
16.000 27.200 0.800 100 150 245
16.000 27.200 1.200 100 150 245
16.000 27.600 0.400 255 0 255
16.000 27.600 0.800 100 150 245
16.000 27.600 1.200 100 150 245
16.000 27.600 1.600 100 150 245
16.000 28.000 0.400 255 0 255
16.000 28.000 0.800 100 150 245
16.000 28.000 1.200 100 150 245
16.000 28.000 1.600 100 150 245
16.000 28.400 0.400 255 0 255
16.000 28.400 1.200 100 150 245
16.000 28.400 1.600 100 150 245
16.000 28.800 0.400 255 0 255
16.000 29.200 0.400 150 240 80
16.000 29.600 0.400 0 175 0
16.000 29.600 0.800 0 175 0
16.000 29.600 2.400 0 175 0
16.000 30.000 0.400 0 175 0
16.000 30.000 0.800 0 175 0
16.000 30.000 1.600 0 175 0
16.000 30.000 2.000 0 175 0
16.000 30.000 2.800 0 175 0
16.000 30.400 0.800 0 175 0
16.000 30.800 0.800 0 175 0
16.000 30.800 3.200 0 175 0
16.000 31.200 1.600 0 175 0
16.000 31.200 2.400 0 175 0
16.000 31.200 2.800 0 175 0
16.000 31.200 3.200 0 175 0
16.000 31.600 1.200 0 175 0
16.000 31.600 2.400 0 175 0
16.000 31.600 2.800 0 175 0
16.000 31.600 3.200 0 175 0
16.000 32.000 2.000 0 175 0
16.000 32.000 2.400 0 175 0
16.000 32.000 2.800 0 175 0
16.000 32.400 0.400 150 240 80
16.000 32.400 1.600 0 175 0
16.000 32.400 2.000 0 175 0
16.000 32.400 2.400 0 175 0
16.000 32.400 2.800 0 175 0
16.000 32.800 0.400 150 240 80
16.000 32.800 0.800 0 175 0
16.000 32.800 1.600 0 175 0
16.000 32.800 2.000 135 60 0
16.000 32.800 2.400 135 60 0
16.000 32.800 2.800 135 60 0
16.000 32.800 3.200 0 175 0
16.000 32.800 3.600 135 60 0
16.000 32.800 4.000 0 175 0
16.000 32.800 4.400 0 175 0
16.000 33.200 0.800 0 175 0
16.000 33.200 1.200 0 175 0
16.000 33.200 1.600 0 175 0
16.000 33.200 2.000 135 60 0
16.000 33.200 2.400 135 60 0
16.000 33.200 4.400 0 175 0
16.000 33.600 0.400 150 240 80
16.000 33.600 0.800 0 175 0
16.000 33.600 1.200 0 175 0
16.000 33.600 1.600 0 175 0
16.000 33.600 2.000 0 175 0
16.000 33.600 2.400 0 175 0
16.000 34.000 0.400 150 240 80
16.000 34.000 0.800 0 175 0
16.000 34.000 1.200 0 175 0
16.000 34.000 1.600 0 175 0
16.000 34.000 2.000 0 175 0
16.000 34.000 2.400 0 175 0
16.000 34.000 3.200 0 175 0
16.000 34.400 0.400 0 175 0
16.000 34.400 0.800 0 175 0
16.000 34.400 1.200 0 175 0
16.000 34.400 1.600 0 175 0
16.000 34.800 0.000 150 240 80
16.000 34.800 0.400 0 175 0
16.000 34.800 0.800 0 175 0
16.000 34.800 1.200 0 175 0
16.000 34.800 2.400 0 175 0
16.000 35.200 0.400 0 175 0
16.000 35.200 0.800 0 175 0
16.000 35.200 2.000 0 175 0
16.000 35.200 2.400 0 175 0
16.000 35.600 0.000 150 240 80
16.000 35.600 1.200 0 175 0
16.000 35.600 1.600 0 175 0
16.000 35.600 2.000 0 175 0
16.000 36.000 0.800 0 175 0
16.000 36.000 1.200 0 175 0
16.400 2.400 0.800 0 175 0
16.400 2.400 2.800 0 175 0
16.400 2.800 0.800 0 175 0
16.400 2.800 1.200 0 175 0
16.400 2.800 1.600 0 175 0
16.400 2.800 2.000 0 175 0
16.400 2.800 2.400 0 175 0
16.400 2.800 2.800 0 175 0
16.400 3.200 1.200 0 175 0
16.400 3.200 1.600 0 175 0
16.400 3.200 2.000 0 175 0
16.400 3.200 2.400 0 175 0
16.400 4.800 0.800 255 200 0
16.400 6.800 0.800 75 0 75
16.400 8.800 0.800 150 240 80
16.400 9.200 0.800 150 240 80
16.400 9.600 0.800 150 240 80
16.400 12.800 2.800 150 240 80
16.400 13.200 1.200 135 60 0
16.400 13.200 2.400 0 175 0
16.400 13.200 2.800 0 175 0
16.400 13.200 3.200 0 175 0
16.400 13.600 0.800 150 240 80
16.400 13.600 1.200 135 60 0
16.400 13.600 1.600 135 60 0
16.400 13.600 2.000 135 60 0
16.400 13.600 2.400 135 60 0
16.400 13.600 2.800 0 175 0
16.400 13.600 3.200 0 175 0
16.400 14.000 2.000 135 60 0
16.400 14.000 2.400 0 175 0
16.400 17.200 2.400 0 175 0
16.400 17.600 2.400 0 175 0
16.400 17.600 2.800 0 175 0
16.400 18.000 0.800 150 240 80
16.400 20.000 0.800 0 175 0
16.400 20.400 0.800 0 175 0
16.400 20.400 1.200 0 175 0
16.400 20.400 1.600 0 175 0
16.400 20.400 2.000 0 175 0
16.400 20.800 0.400 0 175 0
16.400 20.800 0.800 0 175 0
16.400 20.800 1.200 0 175 0
16.400 20.800 1.600 0 175 0
16.400 21.200 0.400 75 0 75
16.400 21.200 0.800 0 175 0
16.400 21.200 1.200 0 175 0
16.400 21.200 1.600 0 175 0
16.400 21.600 0.400 75 0 75
16.400 22.000 0.400 75 0 75
16.400 22.400 0.400 75 0 75
16.400 22.800 0.400 75 0 75
16.400 23.200 0.400 75 0 75
16.400 23.600 0.400 255 0 255
16.400 24.000 0.400 255 0 255
16.400 24.400 0.400 255 0 255
16.400 24.800 0.400 255 0 255
16.400 25.200 0.400 255 0 255
16.400 25.200 0.800 100 150 245
16.400 25.600 0.400 255 0 255
16.400 26.000 0.400 255 0 255
16.400 26.400 0.400 255 0 255
16.400 26.800 0.400 255 0 255
16.400 27.200 0.400 255 0 255
16.400 27.200 0.800 100 150 245
16.400 27.200 1.200 100 150 245
16.400 27.600 0.400 255 0 255
16.400 27.600 0.800 100 150 245
16.400 27.600 1.200 100 150 245
16.400 28.000 0.400 255 0 255
16.400 28.000 0.800 100 150 245
16.400 28.000 1.200 100 150 245
16.400 28.400 0.400 255 0 255
16.400 28.400 0.800 100 150 245
16.400 28.400 1.200 100 150 245
16.400 28.800 0.400 255 0 255
16.400 29.200 0.400 150 240 80
16.400 29.600 0.400 0 175 0
16.400 29.600 0.800 0 175 0
16.400 29.600 1.200 0 175 0
16.400 30.000 0.800 0 175 0
16.400 30.000 1.200 0 175 0
16.400 30.400 0.400 0 175 0
16.400 30.400 0.800 0 175 0
16.400 30.400 1.200 0 175 0
16.400 30.800 0.800 0 175 0
16.400 30.800 2.800 0 175 0
16.400 31.200 1.600 0 175 0
16.400 31.200 2.000 0 175 0
16.400 31.200 2.400 0 175 0
16.400 31.600 0.800 150 240 80
16.400 31.600 2.000 0 175 0
16.400 31.600 2.400 0 175 0
16.400 31.600 2.800 0 175 0
16.400 32.000 0.400 150 240 80
16.400 32.000 2.000 0 175 0
16.400 32.000 2.400 0 175 0
16.400 32.000 2.800 0 175 0
16.400 32.000 3.600 0 175 0
16.400 32.000 4.000 0 175 0
16.400 32.400 0.400 150 240 80
16.400 32.400 2.000 0 175 0
16.400 32.400 2.400 0 175 0
16.400 32.400 2.800 0 175 0
16.400 32.400 3.200 0 175 0
16.400 32.400 4.000 0 175 0
16.400 32.800 0.400 135 60 0
16.400 32.800 0.800 135 60 0
16.400 32.800 1.200 135 60 0
16.400 32.800 1.600 135 60 0
16.400 32.800 2.000 135 60 0
16.400 32.800 2.400 135 60 0
16.400 32.800 2.800 135 60 0
16.400 32.800 3.200 0 175 0
16.400 32.800 3.600 0 175 0
16.400 33.200 0.400 150 240 80
16.400 33.200 0.800 0 175 0
16.400 33.200 1.200 135 60 0
16.400 33.200 1.600 135 60 0
16.400 33.200 2.000 135 60 0
16.400 33.200 2.400 135 60 0
16.400 33.200 2.800 135 60 0
16.400 33.200 3.200 0 175 0
16.400 33.200 3.600 0 175 0
16.400 33.200 4.000 0 175 0
16.400 33.600 0.800 0 175 0
16.400 33.600 1.200 0 175 0
16.400 33.600 2.000 0 175 0
16.400 33.600 2.400 0 175 0
16.400 33.600 2.800 0 175 0
16.400 33.600 3.200 0 175 0
16.400 33.600 4.000 0 175 0
16.400 33.600 4.400 0 175 0
16.400 34.000 1.200 0 175 0
16.400 34.000 1.600 0 175 0
16.400 34.000 2.800 0 175 0
16.400 34.000 3.200 0 175 0
16.400 34.000 4.400 0 175 0
16.400 34.400 0.000 150 240 80
16.400 34.400 0.400 0 175 0
16.400 34.400 1.200 0 175 0
16.400 34.400 1.600 0 175 0
16.400 34.400 2.000 0 175 0
16.400 34.800 0.400 0 175 0
16.400 34.800 0.800 0 175 0
16.400 34.800 1.200 0 175 0
16.400 34.800 2.000 0 175 0
16.400 34.800 2.400 0 175 0
16.400 35.200 0.000 150 240 80
16.400 35.200 0.400 0 175 0
16.400 35.200 0.800 0 175 0
16.400 35.200 1.200 0 175 0
16.400 35.200 1.600 0 175 0
16.400 35.200 2.000 0 175 0
16.400 35.200 2.400 0 175 0
16.400 35.600 0.000 150 240 80
16.400 35.600 0.400 0 175 0
16.400 35.600 0.800 0 175 0
16.400 35.600 1.600 0 175 0
16.400 35.600 2.000 0 175 0
16.400 35.600 2.400 0 175 0
16.800 2.000 3.200 0 175 0
16.800 2.400 0.800 0 175 0
16.800 2.400 2.800 0 175 0
16.800 2.800 0.800 0 175 0
16.800 2.800 1.200 0 175 0
16.800 2.800 2.000 0 175 0
16.800 2.800 2.400 0 175 0
16.800 2.800 2.800 0 175 0
16.800 3.200 1.200 0 175 0
16.800 3.200 1.600 0 175 0
16.800 3.200 2.000 0 175 0
16.800 3.200 2.400 0 175 0
16.800 3.200 2.800 0 175 0
16.800 3.600 1.200 0 175 0
16.800 4.400 0.800 75 0 75
16.800 4.800 0.800 75 0 75
16.800 5.200 0.800 75 0 75
16.800 5.600 0.800 75 0 75
16.800 6.000 0.800 75 0 75
16.800 7.200 0.800 150 240 80
16.800 7.600 0.800 150 240 80
16.800 8.000 0.800 150 240 80
16.800 8.800 0.800 150 240 80
16.800 9.200 0.800 150 240 80
16.800 9.600 0.800 150 240 80
16.800 10.000 0.800 150 240 80
16.800 10.400 0.800 150 240 80
16.800 11.600 0.800 150 240 80
16.800 14.000 2.400 0 175 0
16.800 14.000 2.800 0 175 0
16.800 14.000 3.200 0 175 0
16.800 17.200 3.600 0 175 0
16.800 17.600 2.800 0 175 0
16.800 18.000 0.800 150 240 80
16.800 19.200 0.800 150 240 80
16.800 19.600 0.800 0 175 0
16.800 20.000 0.800 0 175 0
16.800 20.400 0.800 0 175 0
16.800 20.400 1.200 0 175 0
16.800 20.400 2.000 0 175 0
16.800 20.800 0.400 0 175 0
16.800 20.800 0.800 0 175 0
16.800 20.800 1.200 0 175 0
16.800 20.800 1.600 0 175 0
16.800 21.200 0.400 75 0 75
16.800 21.200 0.800 0 175 0
16.800 21.200 1.200 0 175 0
16.800 21.200 1.600 0 175 0
16.800 21.600 0.400 75 0 75
16.800 22.000 0.400 75 0 75
16.800 22.400 0.400 75 0 75
16.800 22.800 0.400 75 0 75
16.800 23.200 0.400 75 0 75
16.800 23.600 0.400 255 0 255
16.800 23.600 1.200 255 40 200
16.800 24.000 0.400 255 0 255
16.800 24.400 0.400 255 0 255
16.800 24.400 0.800 100 150 245
16.800 24.800 0.400 255 0 255
16.800 25.200 0.400 255 0 255
16.800 25.600 0.400 255 0 255
16.800 26.000 0.400 255 0 255
16.800 26.400 0.400 255 0 255
16.800 26.800 0.400 255 0 255
16.800 27.200 0.400 255 0 255
16.800 27.600 0.400 255 0 255
16.800 28.000 0.400 255 0 255
16.800 28.400 0.400 255 0 255
16.800 28.800 0.400 255 0 255
16.800 29.200 0.400 150 240 80
16.800 29.600 0.400 0 175 0
16.800 29.600 0.800 0 175 0
16.800 30.000 0.800 0 175 0
16.800 30.000 1.200 0 175 0
16.800 30.400 0.800 0 175 0
16.800 30.400 1.200 0 175 0
16.800 30.800 0.800 0 175 0
16.800 30.800 1.200 0 175 0
16.800 30.800 1.600 0 175 0
16.800 31.200 0.800 0 175 0
16.800 31.200 1.600 0 175 0
16.800 31.200 2.400 0 175 0
16.800 31.200 4.000 0 175 0
16.800 31.600 2.000 0 175 0
16.800 31.600 2.400 0 175 0
16.800 32.000 1.600 0 175 0
16.800 32.000 2.400 0 175 0
16.800 32.000 2.800 0 175 0
16.800 32.400 0.800 0 175 0
16.800 32.400 2.400 0 175 0
16.800 32.400 2.800 0 175 0
16.800 32.400 3.200 0 175 0
16.800 32.800 0.800 135 60 0
16.800 32.800 1.200 135 60 0
16.800 32.800 1.600 135 60 0
16.800 32.800 2.000 0 175 0
16.800 32.800 2.400 0 175 0
16.800 32.800 2.800 0 175 0
16.800 32.800 3.200 0 175 0
16.800 33.200 1.200 135 60 0
16.800 33.200 1.600 135 60 0
16.800 33.200 2.000 135 60 0
16.800 33.200 2.400 0 175 0
16.800 33.200 2.800 0 175 0
16.800 33.200 3.200 0 175 0
16.800 33.200 4.000 0 175 0
16.800 33.600 0.400 150 240 80
16.800 33.600 0.800 0 175 0
16.800 33.600 1.200 0 175 0
16.800 33.600 2.000 0 175 0
16.800 33.600 2.400 0 175 0
16.800 33.600 2.800 0 175 0
16.800 33.600 3.200 0 175 0
16.800 33.600 4.000 0 175 0
16.800 34.000 1.200 0 175 0
16.800 34.000 1.600 0 175 0
16.800 34.000 2.000 0 175 0
16.800 34.000 2.400 0 175 0
16.800 34.000 3.200 0 175 0
16.800 34.000 4.400 0 175 0
16.800 34.400 1.200 0 175 0
16.800 34.400 1.600 0 175 0
16.800 34.400 2.000 0 175 0
16.800 34.800 0.000 150 240 80
16.800 34.800 0.800 0 175 0
16.800 34.800 1.200 0 175 0
16.800 34.800 1.600 0 175 0
16.800 34.800 2.000 0 175 0
16.800 35.200 0.000 150 240 80
16.800 35.200 0.400 0 175 0
16.800 35.200 0.800 0 175 0
16.800 35.200 1.200 0 175 0
16.800 35.200 2.000 0 175 0
16.800 35.200 2.400 0 175 0
16.800 35.600 0.800 0 175 0
16.800 35.600 1.200 0 175 0
16.800 35.600 2.000 0 175 0
16.800 35.600 2.400 0 175 0
16.800 36.000 0.800 0 175 0
16.800 36.000 2.000 0 175 0
17.200 2.800 2.800 0 175 0
17.200 3.200 0.800 255 200 0
17.200 3.200 1.200 0 175 0
17.200 3.200 1.600 0 175 0
17.200 3.200 2.000 0 175 0
17.200 3.200 2.800 0 175 0
17.200 3.600 0.800 255 200 0
17.200 3.600 1.200 0 175 0
17.200 3.600 1.600 0 175 0
17.200 3.600 2.000 0 175 0
17.200 3.600 2.400 0 175 0
17.200 4.400 0.800 75 0 75
17.200 4.800 0.800 75 0 75
17.200 6.800 0.800 150 240 80
17.200 7.600 0.800 150 240 80
17.200 8.000 0.800 150 240 80
17.200 8.800 0.800 150 240 80
17.200 9.600 0.800 150 240 80
17.200 10.000 0.800 150 240 80
17.200 10.400 0.800 150 240 80
17.200 16.800 0.800 150 240 80
17.200 17.600 0.800 150 240 80
17.200 18.400 2.000 0 175 0
17.200 18.800 1.600 0 175 0
17.200 19.200 0.800 150 240 80
17.200 19.600 0.800 0 175 0
17.200 20.000 0.800 0 175 0
17.200 20.400 0.800 0 175 0
17.200 20.400 1.200 0 175 0
17.200 20.400 2.000 0 175 0
17.200 20.800 0.400 0 175 0
17.200 20.800 0.800 0 175 0
17.200 20.800 1.200 0 175 0
17.200 20.800 1.600 0 175 0
17.200 21.200 0.400 75 0 75
17.200 21.200 1.200 0 175 0
17.200 21.200 1.600 0 175 0
17.200 21.600 0.400 75 0 75
17.200 22.000 0.400 75 0 75
17.200 22.400 0.400 75 0 75
17.200 22.800 0.400 75 0 75
17.200 23.200 0.400 75 0 75
17.200 23.600 0.000 255 0 255
17.200 23.600 0.400 255 0 255
17.200 23.600 0.800 255 40 200
17.200 23.600 1.200 255 40 200
17.200 23.600 1.600 255 40 200
17.200 24.000 0.400 255 0 255
17.200 24.000 1.200 255 40 200
17.200 24.000 1.600 255 40 200
17.200 24.400 0.400 255 0 255
17.200 24.800 0.400 255 0 255
17.200 25.200 0.400 255 0 255
17.200 25.200 0.800 100 150 245
17.200 25.600 0.400 255 0 255
17.200 26.000 0.400 255 0 255
17.200 26.400 0.400 255 0 255
17.200 26.800 0.400 255 0 255
17.200 27.200 0.400 255 0 255
17.200 27.600 0.400 255 0 255
17.200 28.000 0.400 255 0 255
17.200 28.400 0.400 255 0 255
17.200 28.800 0.400 255 0 255
17.200 29.200 0.400 150 240 80
17.200 29.600 0.400 150 240 80
17.200 29.600 0.800 0 175 0
17.200 30.000 0.800 0 175 0
17.200 30.000 1.200 0 175 0
17.200 30.400 0.800 0 175 0
17.200 30.400 1.200 0 175 0
17.200 30.800 0.800 0 175 0
17.200 30.800 1.200 0 175 0
17.200 30.800 1.600 0 175 0
17.200 31.200 0.800 0 175 0
17.200 31.200 1.200 0 175 0
17.200 31.200 1.600 0 175 0
17.200 31.200 2.400 0 175 0
17.200 31.600 0.800 0 175 0
17.200 31.600 1.200 0 175 0
17.200 31.600 1.600 0 175 0
17.200 31.600 2.000 0 175 0
17.200 31.600 2.400 0 175 0
17.200 32.000 0.800 0 175 0
17.200 32.000 1.200 0 175 0
17.200 32.000 1.600 0 175 0
17.200 32.000 2.000 0 175 0
17.200 32.000 2.400 0 175 0
17.200 32.000 2.800 0 175 0
17.200 32.400 0.800 150 240 80
17.200 32.400 1.200 0 175 0
17.200 32.400 2.000 0 175 0
17.200 32.400 2.400 0 175 0
17.200 32.800 1.200 0 175 0
17.200 32.800 2.000 0 175 0
17.200 32.800 2.400 0 175 0
17.200 32.800 2.800 0 175 0
17.200 33.200 1.600 0 175 0
17.200 33.200 2.000 0 175 0
17.200 33.200 2.400 0 175 0
17.200 33.600 2.000 0 175 0
17.200 33.600 2.400 0 175 0
17.200 33.600 2.800 0 175 0
17.200 34.000 0.400 150 240 80
17.200 34.000 1.200 0 175 0
17.200 34.000 1.600 0 175 0
17.200 34.000 2.000 0 175 0
17.200 34.400 0.800 0 175 0
17.200 34.400 1.200 0 175 0
17.200 34.400 1.600 0 175 0
17.200 34.400 2.000 0 175 0
17.200 34.800 0.000 150 240 80
17.200 34.800 0.400 0 175 0
17.200 34.800 0.800 0 175 0
17.200 34.800 1.200 0 175 0
17.200 34.800 1.600 0 175 0
17.200 34.800 2.000 0 175 0
17.200 34.800 2.400 0 175 0
17.200 35.200 0.000 150 240 80
17.200 35.200 0.400 0 175 0
17.200 35.200 0.800 0 175 0
17.200 35.200 1.200 0 175 0
17.200 35.200 1.600 0 175 0
17.200 35.200 2.000 0 175 0
17.200 35.200 2.400 0 175 0
17.200 35.600 0.800 0 175 0
17.200 35.600 1.200 0 175 0
17.200 35.600 2.400 0 175 0
17.200 36.000 1.200 0 175 0
17.600 3.200 0.800 0 175 0
17.600 3.200 1.200 0 175 0
17.600 3.200 2.800 0 175 0
17.600 3.600 0.800 0 175 0
17.600 3.600 1.200 0 175 0
17.600 3.600 1.600 0 175 0
17.600 3.600 2.000 0 175 0
17.600 3.600 2.400 0 175 0
17.600 3.600 2.800 0 175 0
17.600 3.600 3.200 0 175 0
17.600 4.000 1.600 0 175 0
17.600 4.000 2.000 0 175 0
17.600 4.000 2.400 0 175 0
17.600 4.000 2.800 0 175 0
17.600 4.800 0.800 75 0 75
17.600 5.200 0.800 75 0 75
17.600 5.600 0.800 75 0 75
17.600 6.000 0.800 150 240 80
17.600 6.400 0.800 150 240 80
17.600 6.800 0.800 150 240 80
17.600 7.200 0.800 150 240 80
17.600 7.600 0.800 150 240 80
17.600 9.200 0.800 150 240 80
17.600 9.600 0.800 150 240 80
17.600 10.000 0.800 150 240 80
17.600 11.200 0.800 150 240 80
17.600 16.000 2.800 135 60 0
17.600 18.000 0.800 150 240 80
17.600 18.000 2.000 0 175 0
17.600 18.000 2.400 0 175 0
17.600 18.000 2.800 0 175 0
17.600 18.400 0.800 150 240 80
17.600 18.400 1.600 0 175 0
17.600 18.400 2.000 0 175 0
17.600 18.400 2.400 0 175 0
17.600 20.000 0.800 0 175 0
17.600 20.400 0.800 0 175 0
17.600 20.400 1.200 0 175 0
17.600 20.400 2.000 0 175 0
17.600 20.800 0.400 0 175 0
17.600 20.800 0.800 0 175 0
17.600 20.800 1.200 0 175 0
17.600 20.800 1.600 0 175 0
17.600 21.200 0.400 75 0 75
17.600 21.200 1.200 0 175 0
17.600 21.200 1.600 0 175 0
17.600 21.600 0.400 75 0 75
17.600 22.000 0.400 75 0 75
17.600 22.400 0.400 75 0 75
17.600 22.800 0.400 75 0 75
17.600 23.200 0.400 75 0 75
17.600 23.600 0.400 255 0 255
17.600 23.600 0.800 255 40 200
17.600 23.600 1.200 255 40 200
17.600 23.600 1.600 255 40 200
17.600 24.000 0.400 255 0 255
17.600 24.000 1.200 255 40 200
17.600 24.000 1.600 255 40 200
17.600 24.400 0.400 255 0 255
17.600 24.400 0.800 100 150 245
17.600 24.800 0.400 255 0 255
17.600 25.200 0.400 255 0 255
17.600 25.600 0.400 255 0 255
17.600 26.000 0.400 255 0 255
17.600 26.400 0.400 255 0 255
17.600 26.800 0.400 255 0 255
17.600 27.200 0.400 255 0 255
17.600 27.600 0.400 255 0 255
17.600 28.000 0.400 255 0 255
17.600 28.400 0.400 255 0 255
17.600 28.800 0.400 255 0 255
17.600 29.200 0.400 150 240 80
17.600 29.600 0.400 150 240 80
17.600 30.000 0.800 0 175 0
17.600 30.000 1.200 0 175 0
17.600 30.400 0.800 0 175 0
17.600 30.400 1.200 0 175 0
17.600 30.800 0.800 0 175 0
17.600 30.800 2.400 0 175 0
17.600 31.200 0.800 0 175 0
17.600 31.200 2.400 0 175 0
17.600 31.600 0.800 0 175 0
17.600 31.600 1.200 0 175 0
17.600 31.600 2.000 0 175 0
17.600 31.600 2.400 0 175 0
17.600 31.600 2.800 0 175 0
17.600 32.000 0.800 0 175 0
17.600 32.000 1.200 0 175 0
17.600 32.000 2.000 0 175 0
17.600 32.000 2.400 0 175 0
17.600 32.000 2.800 0 175 0
17.600 32.400 0.800 0 175 0
17.600 32.400 1.200 0 175 0
17.600 32.400 1.600 0 175 0
17.600 32.400 2.000 0 175 0
17.600 32.400 2.400 0 175 0
17.600 32.400 2.800 0 175 0
17.600 32.800 0.800 150 240 80
17.600 32.800 1.200 0 175 0
17.600 32.800 1.600 0 175 0
17.600 32.800 2.000 0 175 0
17.600 32.800 2.400 0 175 0
17.600 33.200 1.200 0 175 0
17.600 33.200 1.600 0 175 0
17.600 33.200 2.000 0 175 0
17.600 33.200 2.400 0 175 0
17.600 33.600 1.200 0 175 0
17.600 33.600 1.600 0 175 0
17.600 34.000 0.400 150 240 80
17.600 34.000 0.800 0 175 0
17.600 34.000 1.200 0 175 0
17.600 34.000 1.600 0 175 0
17.600 34.400 0.400 0 175 0
17.600 34.400 0.800 0 175 0
17.600 34.400 1.200 0 175 0
17.600 34.400 1.600 0 175 0
17.600 34.400 2.000 0 175 0
17.600 34.400 2.400 0 175 0
17.600 34.800 0.800 0 175 0
17.600 34.800 1.200 0 175 0
17.600 34.800 1.600 0 175 0
17.600 34.800 2.000 0 175 0
17.600 35.200 0.000 150 240 80
17.600 35.200 0.800 0 175 0
17.600 35.200 1.200 0 175 0
17.600 35.200 1.600 0 175 0
17.600 35.200 2.000 0 175 0
17.600 35.600 0.000 150 240 80
17.600 35.600 0.800 0 175 0
17.600 35.600 1.200 0 175 0
17.600 35.600 1.600 0 175 0
17.600 35.600 2.000 0 175 0
17.600 36.000 0.800 0 175 0
17.600 36.000 1.200 0 175 0
17.600 36.000 1.600 0 175 0
17.600 36.400 1.200 0 175 0
17.600 36.800 1.200 0 175 0
17.600 37.200 1.600 0 175 0
18.000 3.200 0.800 0 175 0
18.000 3.600 0.800 0 175 0
18.000 3.600 1.200 0 175 0
18.000 3.600 2.800 0 175 0
18.000 3.600 3.200 0 175 0
18.000 4.000 0.800 0 175 0
18.000 4.000 1.200 0 175 0
18.000 4.000 1.600 0 175 0
18.000 4.000 2.000 0 175 0
18.000 4.000 2.400 0 175 0
18.000 4.000 2.800 0 175 0
18.000 4.800 0.800 75 0 75
18.000 5.200 0.800 150 240 80
18.000 5.600 0.800 150 240 80
18.000 6.000 0.800 150 240 80
18.000 6.400 0.800 150 240 80
18.000 6.800 0.800 150 240 80
18.000 7.200 0.800 150 240 80
18.000 7.600 0.800 150 240 80
18.000 9.600 0.800 150 240 80
18.000 10.800 0.800 150 240 80
18.000 16.000 1.600 135 60 0
18.000 16.000 2.000 135 60 0
18.000 16.000 2.400 135 60 0
18.000 16.400 1.600 135 60 0
18.000 16.400 2.000 135 60 0
18.000 16.400 2.400 135 60 0
18.000 16.400 2.800 135 60 0
18.000 17.600 2.000 0 175 0
18.000 18.000 1.600 0 175 0
18.000 18.000 2.000 0 175 0
18.000 18.000 2.400 0 175 0
18.000 18.000 2.800 0 175 0
18.000 18.400 0.800 150 240 80
18.000 18.400 1.200 0 175 0
18.000 18.400 2.000 0 175 0
18.000 18.400 2.400 0 175 0
18.000 18.400 2.800 0 175 0
18.000 18.800 0.800 150 240 80
18.000 18.800 1.200 0 175 0
18.000 19.600 0.800 0 175 0
18.000 20.000 0.800 0 175 0
18.000 20.000 2.000 0 175 0
18.000 20.400 0.800 0 175 0
18.000 20.400 1.200 0 175 0
18.000 20.400 1.600 0 175 0
18.000 20.400 2.000 0 175 0
18.000 20.800 0.400 0 175 0
18.000 20.800 0.800 0 175 0
18.000 20.800 1.200 0 175 0
18.000 20.800 1.600 0 175 0
18.000 20.800 2.000 0 175 0
18.000 21.200 0.400 75 0 75
18.000 21.200 1.200 0 175 0
18.000 21.200 1.600 0 175 0
18.000 21.600 0.400 75 0 75
18.000 22.000 0.400 75 0 75
18.000 22.400 0.400 75 0 75
18.000 22.800 0.400 75 0 75
18.000 23.200 0.400 75 0 75
18.000 23.600 0.400 255 0 255
18.000 23.600 1.200 255 40 200
18.000 23.600 1.600 255 40 200
18.000 23.600 2.000 255 40 200
18.000 24.000 0.400 255 0 255
18.000 24.000 1.600 255 40 200
18.000 24.400 0.400 255 0 255
18.000 24.800 0.400 255 0 255
18.000 24.800 0.800 100 150 245
18.000 25.200 0.400 255 0 255
18.000 25.200 0.800 100 150 245
18.000 25.600 0.400 255 0 255
18.000 26.000 0.400 255 0 255
18.000 26.000 1.200 100 150 245
18.000 26.400 0.400 255 0 255
18.000 26.800 0.400 255 0 255
18.000 27.200 0.400 255 0 255
18.000 27.600 0.400 255 0 255
18.000 27.600 1.200 100 150 245
18.000 28.000 0.400 255 0 255
18.000 28.000 0.800 100 150 245
18.000 28.400 0.400 255 0 255
18.000 28.800 0.400 255 0 255
18.000 29.200 0.400 150 240 80
18.000 29.600 0.400 150 240 80
18.000 29.600 1.600 0 175 0
18.000 30.000 0.800 0 175 0
18.000 30.000 1.200 0 175 0
18.000 30.000 1.600 0 175 0
18.000 30.400 0.800 0 175 0
18.000 30.400 1.200 0 175 0
18.000 30.400 2.000 0 175 0
18.000 30.800 0.800 0 175 0
18.000 30.800 2.400 0 175 0
18.000 31.200 0.800 0 175 0
18.000 31.200 1.600 0 175 0
18.000 31.200 2.400 0 175 0
18.000 31.200 2.800 0 175 0
18.000 31.600 1.200 0 175 0
18.000 31.600 1.600 0 175 0
18.000 31.600 2.000 0 175 0
18.000 31.600 2.400 0 175 0
18.000 31.600 2.800 0 175 0
18.000 32.000 1.600 0 175 0
18.000 32.000 2.000 0 175 0
18.000 32.000 2.400 0 175 0
18.000 32.000 2.800 0 175 0
18.000 32.400 1.200 0 175 0
18.000 32.400 1.600 0 175 0
18.000 32.400 2.000 0 175 0
18.000 32.400 2.800 0 175 0
18.000 32.800 1.600 0 175 0
18.000 32.800 2.000 0 175 0
18.000 32.800 2.400 0 175 0
18.000 33.200 1.600 0 175 0
18.000 33.200 2.000 0 175 0
18.000 33.600 0.400 150 240 80
18.000 33.600 1.200 0 175 0
18.000 33.600 1.600 0 175 0
18.000 34.000 0.400 0 175 0
18.000 34.000 0.800 0 175 0
18.000 34.000 1.200 0 175 0
18.000 34.000 2.000 0 175 0
18.000 34.400 0.000 150 240 80
18.000 34.400 0.400 150 240 80
18.000 34.400 0.800 0 175 0
18.000 34.400 1.200 0 175 0
18.000 34.800 0.000 150 240 80
18.000 34.800 0.400 0 175 0
18.000 34.800 0.800 0 175 0
18.000 34.800 1.200 0 175 0
18.000 34.800 2.000 0 175 0
18.000 35.200 0.000 150 240 80
18.000 35.200 0.400 0 175 0
18.000 35.200 0.800 0 175 0
18.000 35.200 1.200 0 175 0
18.000 35.200 1.600 0 175 0
18.000 35.200 2.000 0 175 0
18.000 35.600 0.000 150 240 80
18.000 35.600 0.400 0 175 0
18.000 35.600 0.800 0 175 0
18.000 35.600 1.200 0 175 0
18.000 35.600 1.600 0 175 0
18.000 36.000 0.400 0 175 0
18.000 36.000 1.200 0 175 0
18.000 36.000 1.600 0 175 0
18.000 36.000 2.000 0 175 0
18.000 36.400 0.400 150 240 80
18.000 36.400 2.000 0 175 0
18.000 36.800 0.400 150 240 80
18.000 36.800 0.800 0 175 0
18.000 36.800 1.200 0 175 0
18.000 36.800 1.600 0 175 0
18.000 36.800 2.000 0 175 0
18.000 36.800 2.400 0 175 0
18.000 37.200 2.000 0 175 0
18.400 0.000 3.200 0 175 0
18.400 3.200 3.200 0 175 0
18.400 3.600 2.800 0 175 0
18.400 3.600 3.200 0 175 0
18.400 4.000 0.800 0 175 0
18.400 4.000 1.200 0 175 0
18.400 4.000 1.600 0 175 0
18.400 4.000 2.000 0 175 0
18.400 4.000 2.400 0 175 0
18.400 4.000 2.800 0 175 0
18.400 4.400 0.800 150 240 80
18.400 4.400 1.200 0 175 0
18.400 4.400 1.600 0 175 0
18.400 4.400 2.000 0 175 0
18.400 4.400 2.400 0 175 0
18.400 4.800 0.800 150 240 80
18.400 5.200 0.800 150 240 80
18.400 6.400 0.800 150 240 80
18.400 7.200 0.800 150 240 80
18.400 10.000 0.800 150 240 80
18.400 10.400 0.800 150 240 80
18.400 11.600 0.800 150 240 80
18.400 16.000 1.600 135 60 0
18.400 16.400 1.600 135 60 0
18.400 16.400 2.000 135 60 0
18.400 16.400 2.400 135 60 0
18.400 16.400 2.800 135 60 0
18.400 16.800 2.400 135 60 0
18.400 16.800 2.800 135 60 0
18.400 16.800 3.200 135 60 0
18.400 17.600 1.600 0 175 0
18.400 17.600 2.000 0 175 0
18.400 17.600 2.400 0 175 0
18.400 17.600 2.800 0 175 0
18.400 18.000 1.600 0 175 0
18.400 18.000 2.000 0 175 0
18.400 18.000 2.400 0 175 0
18.400 18.000 2.800 0 175 0
18.400 18.400 1.200 0 175 0
18.400 18.400 1.600 0 175 0
18.400 18.400 2.000 0 175 0
18.400 18.400 2.400 0 175 0
18.400 18.400 2.800 0 175 0
18.400 18.800 0.800 150 240 80
18.400 18.800 1.200 0 175 0
18.400 19.200 2.400 0 175 0
18.400 19.600 0.800 0 175 0
18.400 19.600 2.000 0 175 0
18.400 19.600 2.400 0 175 0
18.400 20.000 0.800 0 175 0
18.400 20.000 2.000 0 175 0
18.400 20.000 2.400 0 175 0
18.400 20.400 0.800 0 175 0
18.400 20.400 1.200 0 175 0
18.400 20.400 1.600 0 175 0
18.400 20.400 2.000 0 175 0
18.400 20.400 2.400 0 175 0
18.400 20.800 0.800 0 175 0
18.400 20.800 1.200 0 175 0
18.400 20.800 1.600 0 175 0
18.400 20.800 2.000 0 175 0
18.400 21.200 0.400 75 0 75
18.400 21.600 0.400 75 0 75
18.400 22.000 0.400 75 0 75
18.400 22.400 0.400 75 0 75
18.400 22.800 0.400 75 0 75
18.400 23.200 0.000 255 0 255
18.400 23.200 0.400 75 0 75
18.400 23.600 0.400 255 0 255
18.400 23.600 0.800 255 40 200
18.400 23.600 1.200 255 40 200
18.400 24.000 0.400 255 0 255
18.400 24.000 1.200 255 40 200
18.400 24.000 1.600 255 40 200
18.400 24.400 0.400 255 0 255
18.400 24.400 1.200 100 150 245
18.400 24.800 0.400 255 0 255
18.400 25.200 0.400 255 0 255
18.400 25.600 0.400 255 0 255
18.400 26.000 0.400 255 0 255
18.400 26.400 0.400 255 0 255
18.400 26.800 0.400 255 0 255
18.400 27.200 0.400 255 0 255
18.400 27.600 0.400 255 0 255
18.400 28.000 0.400 255 0 255
18.400 28.400 0.400 255 0 255
18.400 28.400 0.800 255 0 255
18.400 28.800 0.400 255 0 255
18.400 29.200 0.400 150 240 80
18.400 29.600 0.400 150 240 80
18.400 30.000 0.800 0 175 0
18.400 30.000 1.200 0 175 0
18.400 30.400 0.800 0 175 0
18.400 30.400 1.200 0 175 0
18.400 30.800 0.800 0 175 0
18.400 30.800 1.200 0 175 0
18.400 30.800 2.000 0 175 0
18.400 31.200 0.800 0 175 0
18.400 31.200 1.200 0 175 0
18.400 31.200 1.600 0 175 0
18.400 31.200 2.000 0 175 0
18.400 31.200 2.400 0 175 0
18.400 31.600 0.800 0 175 0
18.400 31.600 1.200 0 175 0
18.400 31.600 1.600 0 175 0
18.400 31.600 2.000 0 175 0
18.400 31.600 2.400 0 175 0
18.400 32.000 1.600 0 175 0
18.400 32.000 2.000 0 175 0
18.400 32.000 2.400 0 175 0
18.400 32.400 0.400 0 175 0
18.400 32.400 2.000 0 175 0
18.400 32.400 2.400 0 175 0
18.400 32.800 1.200 0 175 0
18.400 32.800 1.600 0 175 0
18.400 32.800 2.000 0 175 0
18.400 32.800 2.400 0 175 0
18.400 33.200 1.600 0 175 0
18.400 33.200 2.000 0 175 0
18.400 33.600 1.200 0 175 0
18.400 33.600 1.600 0 175 0
18.400 33.600 2.000 0 175 0
18.400 33.600 2.400 0 175 0
18.400 34.000 0.400 150 240 80
18.400 34.000 0.800 0 175 0
18.400 34.000 1.200 0 175 0
18.400 34.000 1.600 0 175 0
18.400 34.000 2.000 0 175 0
18.400 34.000 2.400 0 175 0
18.400 34.000 2.800 0 175 0
18.400 34.400 0.400 0 175 0
18.400 34.400 1.200 0 175 0
18.400 34.400 2.000 0 175 0
18.400 34.800 0.400 0 175 0
18.400 34.800 0.800 0 175 0
18.400 34.800 1.200 0 175 0
18.400 34.800 1.600 0 175 0
18.400 34.800 2.000 0 175 0
18.400 35.200 0.000 150 240 80
18.400 35.200 1.600 0 175 0
18.400 35.200 2.000 0 175 0
18.400 35.600 0.800 0 175 0
18.400 35.600 1.200 0 175 0
18.400 35.600 1.600 0 175 0
18.400 35.600 2.000 0 175 0
18.400 36.000 0.000 150 240 80
18.400 36.000 0.400 0 175 0
18.400 36.000 1.200 0 175 0
18.400 36.000 1.600 0 175 0
18.400 36.400 0.400 0 175 0
18.400 36.400 0.800 0 175 0
18.400 36.400 1.200 0 175 0
18.400 36.400 1.600 0 175 0
18.400 36.400 2.400 0 175 0
18.400 36.800 1.600 0 175 0
18.400 36.800 2.000 0 175 0
18.400 36.800 2.400 0 175 0
18.400 37.200 1.600 0 175 0
18.800 3.600 2.800 0 175 0
18.800 3.600 3.200 0 175 0
18.800 4.000 0.800 0 175 0
18.800 4.000 1.200 0 175 0
18.800 4.000 2.000 0 175 0
18.800 4.000 2.800 0 175 0
18.800 4.400 0.800 150 240 80
18.800 4.400 1.200 0 175 0
18.800 4.400 1.600 0 175 0
18.800 4.400 2.000 0 175 0
18.800 4.400 2.400 0 175 0
18.800 5.200 0.800 150 240 80
18.800 5.600 0.800 150 240 80
18.800 6.000 0.800 150 240 80
18.800 7.200 0.800 150 240 80
18.800 7.600 0.800 150 240 80
18.800 9.200 0.800 150 240 80
18.800 9.600 0.800 150 240 80
18.800 10.000 0.800 150 240 80
18.800 10.400 0.800 150 240 80
18.800 12.000 0.800 150 240 80
18.800 16.800 0.800 150 240 80
18.800 18.000 1.600 0 175 0
18.800 18.000 2.000 0 175 0
18.800 18.000 2.400 0 175 0
18.800 18.000 2.800 0 175 0
18.800 18.000 3.200 0 175 0
18.800 18.400 2.000 0 175 0
18.800 18.400 2.400 0 175 0
18.800 18.400 2.800 0 175 0
18.800 18.800 0.800 0 175 0
18.800 19.200 2.000 0 175 0
18.800 19.200 2.400 0 175 0
18.800 19.200 2.800 0 175 0
18.800 19.600 0.800 0 175 0
18.800 19.600 2.000 0 175 0
18.800 19.600 2.400 0 175 0
18.800 20.000 0.800 0 175 0
18.800 20.000 1.200 0 175 0
18.800 20.000 2.000 0 175 0
18.800 20.000 2.400 0 175 0
18.800 20.000 2.800 0 175 0
18.800 20.400 0.800 0 175 0
18.800 20.400 1.200 0 175 0
18.800 20.400 1.600 0 175 0
18.800 20.400 2.000 0 175 0
18.800 20.400 2.400 0 175 0
18.800 20.800 0.400 0 175 0
18.800 20.800 0.800 0 175 0
18.800 20.800 1.200 0 175 0
18.800 20.800 1.600 0 175 0
18.800 20.800 2.000 0 175 0
18.800 20.800 2.400 0 175 0
18.800 20.800 2.800 0 175 0
18.800 21.200 0.400 75 0 75
18.800 21.600 0.400 75 0 75
18.800 22.000 0.400 75 0 75
18.800 22.400 0.400 75 0 75
18.800 22.800 0.400 75 0 75
18.800 23.200 0.400 75 0 75
18.800 23.600 0.400 255 0 255
18.800 23.600 0.800 255 40 200
18.800 23.600 1.200 255 40 200
18.800 23.600 1.600 255 40 200
18.800 23.600 2.000 255 40 200
18.800 24.000 0.400 255 0 255
18.800 24.000 1.600 255 40 200
18.800 24.400 0.400 255 0 255
18.800 24.400 1.200 100 150 245
18.800 24.800 0.400 255 0 255
18.800 24.800 0.800 100 150 245
18.800 25.200 0.400 255 0 255
18.800 25.200 0.800 100 150 245
18.800 25.600 0.400 255 0 255
18.800 25.600 0.800 100 150 245
18.800 26.000 0.400 255 0 255
18.800 26.400 0.400 255 0 255
18.800 26.800 0.400 255 0 255
18.800 27.200 0.400 255 0 255
18.800 27.600 0.400 255 0 255
18.800 27.600 0.800 100 150 245
18.800 27.600 1.200 100 150 245
18.800 28.000 0.400 255 0 255
18.800 28.000 0.800 100 150 245
18.800 28.000 1.200 100 150 245
18.800 28.400 0.400 255 0 255
18.800 28.400 0.800 100 150 245
18.800 28.400 1.200 100 150 245
18.800 28.800 0.400 255 0 255
18.800 28.800 0.800 100 150 245
18.800 29.200 0.400 150 240 80
18.800 29.600 0.400 150 240 80
18.800 30.000 0.800 0 175 0
18.800 30.000 1.200 0 175 0
18.800 30.000 1.600 0 175 0
18.800 30.400 0.800 0 175 0
18.800 30.800 0.800 0 175 0
18.800 30.800 1.200 0 175 0
18.800 30.800 1.600 0 175 0
18.800 31.200 0.800 0 175 0
18.800 31.200 1.200 0 175 0
18.800 31.200 1.600 0 175 0
18.800 31.200 2.000 0 175 0
18.800 31.600 0.000 0 175 0
18.800 31.600 1.200 0 175 0
18.800 31.600 1.600 0 175 0
18.800 31.600 2.000 0 175 0
18.800 32.000 0.800 0 175 0
18.800 32.000 1.200 0 175 0
18.800 32.000 1.600 0 175 0
18.800 32.000 2.000 0 175 0
18.800 32.400 0.400 0 175 0
18.800 32.400 0.800 0 175 0
18.800 32.400 1.200 0 175 0
18.800 32.400 1.600 0 175 0
18.800 32.800 0.400 0 175 0
18.800 32.800 1.200 0 175 0
18.800 32.800 1.600 0 175 0
18.800 32.800 2.000 0 175 0
18.800 33.200 1.600 0 175 0
18.800 33.200 2.000 0 175 0
18.800 33.200 2.400 0 175 0
18.800 33.600 0.400 150 240 80
18.800 33.600 0.800 0 175 0
18.800 33.600 1.200 0 175 0
18.800 33.600 1.600 0 175 0
18.800 33.600 2.000 0 175 0
18.800 33.600 2.400 0 175 0
18.800 34.000 0.400 150 240 80
18.800 34.000 0.800 0 175 0
18.800 34.000 1.200 0 175 0
18.800 34.000 1.600 0 175 0
18.800 34.000 2.000 0 175 0
18.800 34.000 2.800 0 175 0
18.800 34.400 0.800 0 175 0
18.800 34.400 1.200 0 175 0
18.800 34.400 1.600 0 175 0
18.800 34.400 2.000 0 175 0
18.800 34.800 1.200 0 175 0
18.800 34.800 1.600 0 175 0
18.800 34.800 2.000 0 175 0
18.800 34.800 2.800 0 175 0
18.800 35.200 1.200 0 175 0
18.800 35.200 1.600 0 175 0
18.800 35.200 2.000 0 175 0
18.800 35.600 0.800 0 175 0
18.800 35.600 1.200 0 175 0
18.800 35.600 1.600 0 175 0
18.800 35.600 2.000 0 175 0
18.800 36.000 0.000 150 240 80
18.800 36.000 0.400 0 175 0
18.800 36.000 0.800 0 175 0
18.800 36.000 1.200 0 175 0
18.800 36.000 1.600 0 175 0
18.800 36.000 2.000 0 175 0
18.800 36.000 2.400 0 175 0
18.800 36.400 0.800 0 175 0
18.800 36.400 1.200 0 175 0
18.800 36.400 1.600 0 175 0
18.800 36.400 2.000 0 175 0
18.800 36.400 2.400 0 175 0
18.800 36.800 0.400 150 240 80
18.800 36.800 0.800 0 175 0
18.800 36.800 1.200 0 175 0
18.800 36.800 1.600 0 175 0
18.800 38.800 3.200 0 175 0
19.200 3.600 2.800 0 175 0
19.200 3.600 3.200 0 175 0
19.200 4.000 0.800 0 175 0
19.200 4.000 2.800 0 175 0
19.200 4.400 0.800 0 175 0
19.200 4.400 1.200 0 175 0
19.200 4.400 1.600 0 175 0
19.200 4.400 2.000 0 175 0
19.200 4.400 2.400 0 175 0
19.200 4.400 2.800 0 175 0
19.200 4.800 0.800 150 240 80
19.200 4.800 1.200 0 175 0
19.200 4.800 1.600 0 175 0
19.200 4.800 2.000 0 175 0
19.200 4.800 2.400 0 175 0
19.200 5.200 1.200 0 175 0
19.200 5.600 0.800 150 240 80
19.200 9.200 0.800 150 240 80
19.200 9.600 0.800 150 240 80
19.200 10.800 0.800 150 240 80
19.200 11.200 0.800 150 240 80
19.200 11.600 0.800 150 240 80
19.200 14.800 1.200 0 175 0
19.200 14.800 1.600 0 175 0
19.200 15.200 0.800 150 240 80
19.200 18.000 3.200 0 175 0
19.200 18.800 2.400 0 175 0
19.200 18.800 2.800 0 175 0
19.200 18.800 3.200 0 175 0
19.200 19.200 0.800 0 175 0
19.200 19.200 2.000 0 175 0
19.200 19.200 2.400 0 175 0
19.200 19.200 2.800 0 175 0
19.200 19.600 0.800 0 175 0
19.200 19.600 1.200 0 175 0
19.200 19.600 2.000 0 175 0
19.200 19.600 2.400 0 175 0
19.200 19.600 2.800 0 175 0
19.200 20.000 0.800 0 175 0
19.200 20.000 1.200 0 175 0
19.200 20.000 1.600 0 175 0
19.200 20.000 2.000 0 175 0
19.200 20.000 2.400 0 175 0
19.200 20.000 2.800 0 175 0
19.200 20.400 0.400 255 120 50
19.200 20.400 0.800 255 120 50
19.200 20.400 1.200 0 175 0
19.200 20.400 1.600 0 175 0
19.200 20.400 2.000 0 175 0
19.200 20.400 2.400 0 175 0
19.200 20.400 2.800 0 175 0
19.200 20.800 0.400 75 0 75
19.200 20.800 0.800 0 175 0
19.200 20.800 1.200 0 175 0
19.200 20.800 1.600 0 175 0
19.200 20.800 2.000 0 175 0
19.200 20.800 2.400 0 175 0
19.200 20.800 2.800 0 175 0
19.200 21.200 0.400 75 0 75
19.200 21.200 2.800 0 175 0
19.200 21.200 3.200 0 175 0
19.200 21.600 0.400 75 0 75
19.200 21.600 3.600 0 175 0
19.200 21.600 4.000 0 175 0
19.200 22.000 0.400 75 0 75
19.200 22.400 0.400 75 0 75
19.200 22.800 0.400 75 0 75
19.200 23.200 0.400 75 0 75
19.200 23.600 0.400 255 0 255
19.200 23.600 0.800 255 40 200
19.200 23.600 1.200 255 40 200
19.200 23.600 1.600 255 40 200
19.200 24.000 0.400 255 0 255
19.200 24.000 1.600 255 40 200
19.200 24.400 0.400 255 0 255
19.200 24.400 2.000 100 150 245
19.200 24.800 0.400 255 0 255
19.200 25.200 0.400 255 0 255
19.200 25.600 0.400 255 0 255
19.200 26.000 0.400 255 0 255
19.200 26.000 1.200 100 150 245
19.200 26.400 0.400 255 0 255
19.200 26.800 0.400 255 0 255
19.200 27.200 0.400 255 0 255
19.200 27.600 0.400 100 150 245
19.200 27.600 0.800 100 150 245
19.200 27.600 1.200 100 150 245
19.200 28.000 0.400 255 0 255
19.200 28.000 0.800 100 150 245
19.200 28.000 1.200 100 150 245
19.200 28.400 0.400 255 0 255
19.200 28.400 1.200 100 150 245
19.200 28.400 1.600 100 150 245
19.200 28.800 0.400 255 0 255
19.200 28.800 1.200 100 150 245
19.200 29.200 0.400 150 240 80
19.200 29.600 0.400 150 240 80
19.200 29.600 1.200 0 175 0
19.200 30.000 0.800 150 240 80
19.200 30.000 1.200 0 175 0
19.200 30.400 0.800 0 175 0
19.200 30.800 0.800 0 175 0
19.200 31.200 0.800 0 175 0
19.200 31.200 1.200 0 175 0
19.200 31.600 1.200 0 175 0
19.200 32.000 0.800 0 175 0
19.200 32.000 1.200 0 175 0
19.200 32.400 0.800 0 175 0
19.200 32.400 1.200 0 175 0
19.200 32.800 0.400 0 175 0
19.200 32.800 0.800 0 175 0
19.200 32.800 1.200 0 175 0
19.200 33.200 0.400 0 175 0
19.200 33.200 0.800 0 175 0
19.200 33.200 1.200 0 175 0
19.200 33.200 1.600 0 175 0
19.200 33.200 2.000 0 175 0
19.200 33.200 2.400 0 175 0
19.200 33.200 4.000 0 175 0
19.200 33.200 4.400 0 175 0
19.200 33.600 0.400 0 175 0
19.200 33.600 0.800 0 175 0
19.200 33.600 1.200 0 175 0
19.200 33.600 1.600 0 175 0
19.200 33.600 2.000 0 175 0
19.200 33.600 2.400 0 175 0
19.200 33.600 2.800 0 175 0
19.200 33.600 3.200 0 175 0
19.200 34.000 0.400 150 240 80
19.200 34.000 0.800 0 175 0
19.200 34.000 1.200 0 175 0
19.200 34.000 1.600 0 175 0
19.200 34.000 2.000 0 175 0
19.200 34.000 2.400 0 175 0
19.200 34.000 4.000 0 175 0
19.200 34.400 0.000 150 240 80
19.200 34.400 0.400 0 175 0
19.200 34.400 1.600 0 175 0
19.200 34.400 2.000 0 175 0
19.200 34.400 3.200 0 175 0
19.200 34.800 0.000 150 240 80
19.200 34.800 1.200 0 175 0
19.200 34.800 2.000 0 175 0
19.200 34.800 4.000 0 175 0
19.200 35.200 1.200 0 175 0
19.200 35.200 1.600 0 175 0
19.200 35.200 4.400 0 175 0
19.200 35.600 0.000 150 240 80
19.200 35.600 0.800 0 175 0
19.200 35.600 1.200 0 175 0
19.200 35.600 1.600 0 175 0
19.200 36.000 0.400 0 175 0
19.200 36.000 0.800 0 175 0
19.200 36.000 1.600 0 175 0
19.200 36.000 2.000 0 175 0
19.200 36.400 0.400 0 175 0
19.200 36.400 1.200 0 175 0
19.200 36.400 2.000 0 175 0
19.200 36.800 0.800 0 175 0
19.200 36.800 2.000 0 175 0
19.200 36.800 2.400 0 175 0
19.200 37.200 2.400 0 175 0
19.200 37.600 2.400 0 175 0
19.600 0.000 3.200 0 175 0
19.600 3.600 3.200 0 175 0
19.600 4.000 2.800 0 175 0
19.600 4.000 3.200 0 175 0
19.600 4.400 0.800 0 175 0
19.600 4.400 2.800 0 175 0
19.600 4.800 0.800 150 240 80
19.600 4.800 1.200 0 175 0
19.600 4.800 1.600 0 175 0
19.600 4.800 2.000 0 175 0
19.600 4.800 2.400 0 175 0
19.600 4.800 2.800 0 175 0
19.600 5.200 1.600 0 175 0
19.600 5.200 2.000 0 175 0
19.600 9.600 0.800 150 240 80
19.600 18.000 1.600 0 175 0
19.600 18.000 2.400 0 175 0
19.600 18.000 2.800 0 175 0
19.600 18.400 2.000 0 175 0
19.600 18.400 2.400 0 175 0
19.600 18.400 2.800 0 175 0
19.600 18.800 1.600 0 175 0
19.600 18.800 2.000 0 175 0
19.600 18.800 2.400 0 175 0
19.600 18.800 2.800 0 175 0
19.600 18.800 3.200 0 175 0
19.600 19.200 2.000 0 175 0
19.600 19.200 2.400 0 175 0
19.600 19.200 2.800 0 175 0
19.600 19.600 0.800 0 175 0
19.600 19.600 2.000 0 175 0
19.600 19.600 2.400 0 175 0
19.600 19.600 2.800 0 175 0
19.600 20.000 0.800 0 175 0
19.600 20.000 1.200 0 175 0
19.600 20.000 1.600 0 175 0
19.600 20.000 2.000 0 175 0
19.600 20.000 2.400 0 175 0
19.600 20.000 2.800 0 175 0
19.600 20.400 0.400 255 120 50
19.600 20.400 0.800 255 120 50
19.600 20.400 1.200 0 175 0
19.600 20.400 1.600 0 175 0
19.600 20.400 2.000 0 175 0
19.600 20.400 2.400 0 175 0
19.600 20.400 2.800 0 175 0
19.600 20.400 3.200 0 175 0
19.600 20.800 0.400 75 0 75
19.600 20.800 1.200 0 175 0
19.600 20.800 1.600 0 175 0
19.600 20.800 2.000 0 175 0
19.600 20.800 2.400 0 175 0
19.600 20.800 2.800 0 175 0
19.600 21.200 0.400 75 0 75
19.600 21.200 2.400 0 175 0
19.600 21.200 2.800 0 175 0
19.600 21.200 3.200 0 175 0
19.600 21.600 0.400 75 0 75
19.600 21.600 2.800 0 175 0
19.600 21.600 3.200 0 175 0
19.600 21.600 3.600 0 175 0
19.600 21.600 4.000 0 175 0
19.600 22.000 0.400 75 0 75
19.600 22.400 0.400 75 0 75
19.600 22.800 0.400 75 0 75
19.600 23.200 0.400 255 0 255
19.600 23.600 0.400 255 0 255
19.600 23.600 0.800 255 40 200
19.600 23.600 1.200 255 40 200
19.600 23.600 1.600 255 40 200
19.600 24.000 0.400 255 0 255
19.600 24.000 1.600 255 40 200
19.600 24.400 0.400 255 0 255
19.600 24.400 0.800 100 150 245
19.600 24.800 0.400 255 0 255
19.600 25.200 0.400 255 0 255
19.600 25.600 0.400 255 0 255
19.600 25.600 0.800 100 150 245
19.600 26.000 0.400 255 0 255
19.600 26.400 0.400 255 0 255
19.600 26.800 0.400 255 0 255
19.600 27.200 0.400 255 0 255
19.600 27.600 0.400 100 150 245
19.600 27.600 0.800 100 150 245
19.600 27.600 1.200 100 150 245
19.600 28.000 0.400 255 0 255
19.600 28.000 1.200 100 150 245
19.600 28.400 1.200 100 150 245
19.600 28.800 1.200 100 150 245
19.600 30.000 0.800 0 175 0
19.600 30.400 0.800 0 175 0
19.600 30.800 0.800 0 175 0
19.600 31.200 0.800 0 175 0
19.600 31.200 2.000 0 175 0
19.600 31.600 2.000 0 175 0
19.600 32.000 0.800 0 175 0
19.600 32.000 1.200 0 175 0
19.600 32.000 2.800 0 175 0
19.600 32.400 0.400 0 175 0
19.600 32.400 0.800 0 175 0
19.600 32.400 1.200 0 175 0
19.600 32.400 1.600 0 175 0
19.600 32.400 2.400 0 175 0
19.600 32.800 0.400 0 175 0
19.600 32.800 0.800 0 175 0
19.600 32.800 1.200 0 175 0
19.600 32.800 1.600 0 175 0
19.600 33.200 0.400 0 175 0
19.600 33.200 0.800 0 175 0
19.600 33.200 1.200 0 175 0
19.600 33.200 1.600 0 175 0
19.600 33.600 0.400 0 175 0
19.600 33.600 0.800 0 175 0
19.600 33.600 1.200 0 175 0
19.600 33.600 1.600 0 175 0
19.600 33.600 2.000 0 175 0
19.600 33.600 2.400 0 175 0
19.600 33.600 2.800 0 175 0
19.600 33.600 3.200 0 175 0
19.600 33.600 4.000 0 175 0
19.600 34.000 0.400 150 240 80
19.600 34.000 0.800 0 175 0
19.600 34.000 1.200 0 175 0
19.600 34.000 1.600 0 175 0
19.600 34.000 2.000 0 175 0
19.600 34.000 2.400 0 175 0
19.600 34.000 2.800 0 175 0
19.600 34.400 2.800 0 175 0
19.600 34.800 0.000 150 240 80
19.600 34.800 1.200 0 175 0
19.600 35.200 0.000 150 240 80
19.600 35.200 0.800 0 175 0
19.600 35.200 1.200 0 175 0
19.600 35.200 1.600 0 175 0
19.600 35.200 2.000 0 175 0
19.600 35.600 0.000 150 240 80
19.600 35.600 1.200 0 175 0
19.600 35.600 1.600 0 175 0
19.600 35.600 2.000 0 175 0
19.600 36.000 0.400 0 175 0
19.600 36.000 0.800 0 175 0
19.600 36.000 1.200 0 175 0
19.600 36.000 2.000 0 175 0
19.600 36.400 0.800 0 175 0
19.600 36.400 1.200 0 175 0
19.600 36.400 2.000 0 175 0
19.600 36.800 0.800 0 175 0
19.600 37.200 2.400 0 175 0
19.600 37.600 2.400 0 175 0
20.000 0.000 3.200 0 175 0
20.000 4.000 2.800 0 175 0
20.000 4.400 2.800 0 175 0
20.000 4.400 3.200 0 175 0
20.000 4.800 0.800 0 175 0
20.000 4.800 1.200 0 175 0
20.000 4.800 1.600 0 175 0
20.000 4.800 2.000 0 175 0
20.000 4.800 2.400 0 175 0
20.000 4.800 2.800 0 175 0
20.000 5.200 0.800 150 240 80
20.000 5.200 1.200 0 175 0
20.000 5.200 1.600 0 175 0
20.000 5.200 2.000 0 175 0
20.000 5.200 2.400 0 175 0
20.000 5.200 2.800 0 175 0
20.000 6.000 0.800 150 240 80
20.000 10.000 0.800 150 240 80
20.000 11.200 0.800 150 240 80
20.000 18.000 1.600 0 175 0
20.000 18.400 1.600 0 175 0
20.000 18.400 2.000 0 175 0
20.000 18.400 2.400 0 175 0
20.000 18.400 2.800 0 175 0
20.000 18.400 3.200 0 175 0
20.000 18.800 2.000 0 175 0
20.000 18.800 2.400 0 175 0
20.000 18.800 2.800 0 175 0
20.000 19.200 2.000 0 175 0
20.000 19.200 2.400 0 175 0
20.000 19.200 2.800 0 175 0
20.000 19.200 3.200 0 175 0
20.000 19.600 0.800 0 175 0
20.000 19.600 1.200 0 175 0
20.000 19.600 1.600 0 175 0
20.000 19.600 2.000 0 175 0
20.000 19.600 2.400 0 175 0
20.000 19.600 2.800 0 175 0
20.000 20.000 0.800 0 175 0
20.000 20.000 1.200 0 175 0
20.000 20.000 1.600 0 175 0
20.000 20.000 2.000 0 175 0
20.000 20.000 2.400 0 175 0
20.000 20.000 2.800 0 175 0
20.000 20.400 0.800 255 120 50
20.000 20.400 1.200 0 175 0
20.000 20.400 1.600 0 175 0
20.000 20.400 2.000 0 175 0
20.000 20.400 2.400 0 175 0
20.000 20.400 2.800 0 175 0
20.000 20.400 3.200 0 175 0
20.000 20.800 0.400 75 0 75
20.000 20.800 1.200 0 175 0
20.000 20.800 1.600 0 175 0
20.000 20.800 2.000 0 175 0
20.000 20.800 2.400 0 175 0
20.000 20.800 2.800 0 175 0
20.000 20.800 3.200 0 175 0
20.000 20.800 3.600 0 175 0
20.000 21.200 0.400 75 0 75
20.000 21.200 2.400 0 175 0
20.000 21.200 2.800 0 175 0
20.000 21.200 3.200 0 175 0
20.000 21.200 3.600 0 175 0
20.000 21.200 4.000 0 175 0
20.000 21.600 0.400 75 0 75
20.000 22.000 0.400 75 0 75
20.000 22.400 0.400 75 0 75
20.000 22.800 0.400 75 0 75
20.000 23.200 0.400 255 0 255
20.000 23.600 0.400 255 0 255
20.000 23.600 0.800 255 40 200
20.000 23.600 1.200 255 40 200
20.000 23.600 1.600 255 40 200
20.000 24.000 0.400 255 0 255
20.000 24.000 1.600 255 40 200
20.000 24.400 0.400 255 0 255
20.000 24.800 0.400 255 0 255
20.000 24.800 0.800 100 150 245
20.000 25.200 0.400 255 0 255
20.000 25.600 0.400 255 0 255
20.000 26.000 0.400 255 0 255
20.000 26.000 1.200 100 150 245
20.000 26.400 0.400 255 0 255
20.000 26.800 0.400 255 0 255
20.000 27.200 0.400 255 0 255
20.000 27.200 1.200 100 150 245
20.000 27.600 0.400 255 0 255
20.000 27.600 0.800 100 150 245
20.000 27.600 1.200 100 150 245
20.000 27.600 1.600 100 150 245
20.000 28.000 0.400 255 0 255
20.000 28.000 1.200 100 150 245
20.000 28.000 1.600 100 150 245
20.000 28.400 0.400 255 0 255
20.000 28.400 0.800 100 150 245
20.000 28.400 1.200 100 150 245
20.000 28.400 1.600 100 150 245
20.000 28.800 0.800 100 150 245
20.000 28.800 1.200 100 150 245
20.000 28.800 1.600 100 150 245
20.000 30.000 0.800 150 240 80
20.000 30.000 2.000 0 175 0
20.000 30.400 0.800 0 175 0
20.000 30.400 2.000 0 175 0
20.000 30.400 2.400 0 175 0
20.000 30.800 0.800 0 175 0
20.000 30.800 2.000 0 175 0
20.000 31.200 0.800 0 175 0
20.000 31.200 2.000 0 175 0
20.000 31.600 0.800 0 175 0
20.000 31.600 1.200 0 175 0
20.000 31.600 2.000 0 175 0
20.000 31.600 2.800 0 175 0
20.000 32.000 0.800 0 175 0
20.000 32.000 1.200 0 175 0
20.000 32.000 1.600 0 175 0
20.000 32.000 2.000 0 175 0
20.000 32.000 2.400 0 175 0
20.000 32.000 2.800 0 175 0
20.000 32.400 0.800 0 175 0
20.000 32.400 1.200 0 175 0
20.000 32.400 1.600 0 175 0
20.000 32.400 2.000 0 175 0
20.000 32.400 2.400 0 175 0
20.000 32.400 2.800 0 175 0
20.000 32.400 3.200 0 175 0
20.000 32.800 0.400 0 175 0
20.000 32.800 0.800 0 175 0
20.000 32.800 1.200 0 175 0
20.000 32.800 1.600 0 175 0
20.000 32.800 2.000 0 175 0
20.000 32.800 2.800 0 175 0
20.000 32.800 3.200 0 175 0
20.000 33.200 0.400 0 175 0
20.000 33.200 0.800 0 175 0
20.000 33.200 1.200 0 175 0
20.000 33.200 1.600 0 175 0
20.000 33.200 2.000 0 175 0
20.000 33.200 2.400 0 175 0
20.000 33.600 0.400 0 175 0
20.000 33.600 0.800 0 175 0
20.000 33.600 2.400 0 175 0
20.000 33.600 2.800 0 175 0
20.000 34.000 2.400 0 175 0
20.000 34.000 2.800 0 175 0
20.000 34.400 0.800 150 240 80
20.000 34.800 1.200 0 175 0
20.000 34.800 2.000 0 175 0
20.000 35.200 0.800 0 175 0
20.000 35.200 1.200 0 175 0
20.000 35.200 1.600 0 175 0
20.000 35.200 2.000 0 175 0
20.000 35.600 0.400 0 175 0
20.000 35.600 0.800 0 175 0
20.000 35.600 1.200 0 175 0
20.000 35.600 1.600 0 175 0
20.000 36.000 0.000 150 240 80
20.000 36.000 0.400 0 175 0
20.000 36.000 0.800 0 175 0
20.000 36.000 1.200 0 175 0
20.000 36.000 1.600 0 175 0
20.000 36.000 2.000 0 175 0
20.000 36.400 0.400 0 175 0
20.000 36.400 0.800 0 175 0
20.000 36.400 1.200 0 175 0
20.000 36.400 1.600 0 175 0
20.000 36.400 2.000 0 175 0
20.000 36.800 1.200 0 175 0
20.000 36.800 2.000 0 175 0
20.400 0.000 3.200 0 175 0
20.400 4.000 2.800 0 175 0
20.400 4.400 1.600 0 175 0
20.400 4.400 2.800 0 175 0
20.400 4.800 0.800 0 175 0
20.400 4.800 1.600 0 175 0
20.400 4.800 2.800 0 175 0
20.400 5.200 0.800 0 175 0
20.400 5.200 1.200 0 175 0
20.400 5.200 1.600 0 175 0
20.400 5.200 2.000 0 175 0
20.400 5.200 2.400 0 175 0
20.400 5.200 2.800 0 175 0
20.400 5.600 0.800 150 240 80
20.400 5.600 1.200 0 175 0
20.400 5.600 2.000 0 175 0
20.400 5.600 2.400 0 175 0
20.400 6.400 0.800 150 240 80
20.400 11.200 0.800 150 240 80
20.400 11.600 2.000 0 175 0
20.400 11.600 2.400 0 175 0
20.400 17.600 1.600 0 175 0
20.400 17.600 2.000 0 175 0
20.400 18.000 0.800 0 175 0
20.400 18.000 1.200 0 175 0
20.400 18.000 1.600 0 175 0
20.400 18.000 2.000 0 175 0
20.400 18.400 0.800 0 175 0
20.400 18.400 1.200 0 175 0
20.400 18.400 1.600 0 175 0
20.400 18.400 2.000 0 175 0
20.400 18.800 0.800 0 175 0
20.400 18.800 1.600 0 175 0
20.400 18.800 2.000 0 175 0
20.400 18.800 2.800 0 175 0
20.400 19.200 1.200 0 175 0
20.400 19.200 2.000 0 175 0
20.400 19.200 2.400 0 175 0
20.400 19.200 2.800 0 175 0
20.400 19.200 3.200 0 175 0
20.400 19.600 0.800 0 175 0
20.400 19.600 1.200 0 175 0
20.400 19.600 1.600 0 175 0
20.400 19.600 2.000 0 175 0
20.400 19.600 2.400 0 175 0
20.400 19.600 2.800 0 175 0
20.400 19.600 3.200 0 175 0
20.400 20.000 0.800 0 175 0
20.400 20.000 1.200 0 175 0
20.400 20.000 1.600 0 175 0
20.400 20.000 2.000 0 175 0
20.400 20.000 2.400 0 175 0
20.400 20.000 2.800 0 175 0
20.400 20.000 3.200 0 175 0
20.400 20.400 0.400 255 120 50
20.400 20.400 0.800 0 175 0
20.400 20.400 1.200 0 175 0
20.400 20.400 1.600 0 175 0
20.400 20.400 2.000 0 175 0
20.400 20.400 2.400 0 175 0
20.400 20.400 2.800 0 175 0
20.400 20.400 3.200 0 175 0
20.400 20.400 3.600 0 175 0
20.400 20.800 0.400 75 0 75
20.400 20.800 1.200 0 175 0
20.400 20.800 1.600 0 175 0
20.400 20.800 2.000 0 175 0
20.400 20.800 2.400 0 175 0
20.400 20.800 2.800 0 175 0
20.400 20.800 3.200 0 175 0
20.400 20.800 3.600 0 175 0
20.400 21.200 0.400 75 0 75
20.400 21.200 2.400 0 175 0
20.400 21.200 2.800 0 175 0
20.400 21.200 3.200 0 175 0
20.400 21.200 3.600 0 175 0
20.400 21.200 4.000 0 175 0
20.400 21.600 0.400 75 0 75
20.400 22.000 0.400 75 0 75
20.400 22.400 0.400 75 0 75
20.400 22.800 0.400 75 0 75
20.400 23.200 0.400 255 0 255
20.400 23.600 0.400 255 0 255
20.400 23.600 0.800 255 40 200
20.400 23.600 1.200 255 40 200
20.400 23.600 1.600 255 40 200
20.400 24.000 0.400 255 0 255
20.400 24.000 1.600 255 40 200
20.400 24.400 0.400 255 0 255
20.400 24.800 0.400 255 0 255
20.400 24.800 0.800 100 150 245
20.400 25.200 0.400 255 0 255
20.400 25.200 0.800 100 150 245
20.400 25.600 0.400 255 0 255
20.400 25.600 0.800 100 150 245
20.400 26.000 0.400 255 0 255
20.400 26.400 0.400 255 0 255
20.400 26.800 0.400 255 0 255
20.400 27.200 0.400 255 0 255
20.400 27.600 0.400 255 0 255
20.400 27.600 0.800 100 150 245
20.400 27.600 1.200 100 150 245
20.400 27.600 1.600 100 150 245
20.400 28.000 0.400 255 0 255
20.400 28.000 1.200 100 150 245
20.400 28.000 1.600 100 150 245
20.400 28.400 0.400 255 0 255
20.400 28.400 0.800 100 150 245
20.400 28.400 1.600 100 150 245
20.400 28.800 0.400 255 0 255
20.400 28.800 0.800 100 150 245
20.400 28.800 1.200 100 150 245
20.400 28.800 1.600 100 150 245
20.400 29.600 1.200 0 175 0
20.400 30.000 1.200 0 175 0
20.400 30.000 2.000 0 175 0
20.400 30.400 0.800 0 175 0
20.400 30.400 1.200 0 175 0
20.400 30.400 1.600 0 175 0
20.400 30.400 2.000 0 175 0
20.400 30.800 0.800 0 175 0
20.400 30.800 1.200 0 175 0
20.400 30.800 1.600 0 175 0
20.400 30.800 2.000 0 175 0
20.400 30.800 2.400 0 175 0
20.400 31.200 0.800 0 175 0
20.400 31.200 1.200 0 175 0
20.400 31.200 1.600 0 175 0
20.400 31.200 2.000 0 175 0
20.400 31.600 0.800 0 175 0
20.400 31.600 2.000 0 175 0
20.400 31.600 2.400 0 175 0
20.400 31.600 2.800 0 175 0
20.400 32.000 1.200 0 175 0
20.400 32.000 1.600 0 175 0
20.400 32.000 2.000 0 175 0
20.400 32.000 2.400 0 175 0
20.400 32.000 2.800 0 175 0
20.400 32.400 0.800 0 175 0
20.400 32.400 1.200 0 175 0
20.400 32.400 1.600 0 175 0
20.400 32.400 2.000 0 175 0
20.400 32.400 2.400 0 175 0
20.400 32.400 2.800 0 175 0
20.400 32.800 0.400 0 175 0
20.400 32.800 0.800 0 175 0
20.400 32.800 1.200 0 175 0
20.400 32.800 1.600 0 175 0
20.400 32.800 2.000 0 175 0
20.400 32.800 2.400 0 175 0
20.400 32.800 2.800 0 175 0
20.400 33.200 0.400 0 175 0
20.400 33.200 0.800 0 175 0
20.400 33.200 1.200 0 175 0
20.400 33.200 1.600 0 175 0
20.400 33.200 2.000 0 175 0
20.400 33.200 2.400 0 175 0
20.400 33.600 0.800 0 175 0
20.400 33.600 1.200 0 175 0
20.400 33.600 1.600 0 175 0
20.400 34.800 0.000 150 240 80
20.400 34.800 0.800 0 175 0
20.400 34.800 1.200 0 175 0
20.400 34.800 1.600 0 175 0
20.400 34.800 2.000 0 175 0
20.400 35.200 0.000 150 240 80
20.400 35.200 0.800 0 175 0
20.400 35.200 1.200 0 175 0
20.400 35.200 1.600 0 175 0
20.400 35.200 2.000 0 175 0
20.400 35.600 0.000 150 240 80
20.400 35.600 0.400 0 175 0
20.400 35.600 0.800 0 175 0
20.400 35.600 1.200 0 175 0
20.400 35.600 1.600 0 175 0
20.400 35.600 2.000 0 175 0
20.400 36.000 0.400 0 175 0
20.400 36.000 0.800 0 175 0
20.400 36.000 1.200 0 175 0
20.400 36.000 1.600 0 175 0
20.400 36.000 2.000 0 175 0
20.400 36.400 0.000 150 240 80
20.400 36.400 0.400 0 175 0
20.400 36.400 1.200 0 175 0
20.800 4.400 1.200 0 175 0
20.800 4.400 1.600 0 175 0
20.800 4.800 0.800 0 175 0
20.800 4.800 1.600 0 175 0
20.800 4.800 2.800 0 175 0
20.800 5.200 0.800 0 175 0
20.800 5.200 1.600 0 175 0
20.800 5.200 2.000 0 175 0
20.800 5.200 2.800 0 175 0
20.800 5.600 0.800 150 240 80
20.800 5.600 1.200 0 175 0
20.800 5.600 1.600 0 175 0
20.800 5.600 2.000 0 175 0
20.800 5.600 2.400 0 175 0
20.800 6.000 0.800 150 240 80
20.800 8.400 0.800 150 240 80
20.800 11.200 1.200 0 175 0
20.800 11.600 1.200 0 175 0
20.800 11.600 1.600 0 175 0
20.800 11.600 2.400 0 175 0
20.800 12.000 1.200 0 175 0
20.800 16.400 2.400 0 175 0
20.800 16.400 2.800 0 175 0
20.800 16.800 1.600 0 175 0
20.800 16.800 2.400 0 175 0
20.800 17.200 1.600 0 175 0
20.800 17.200 2.000 0 175 0
20.800 17.200 2.400 0 175 0
20.800 17.200 2.800 0 175 0
20.800 17.600 1.200 0 175 0
20.800 17.600 1.600 0 175 0
20.800 17.600 2.000 0 175 0
20.800 18.000 0.800 0 175 0
20.800 18.000 1.200 0 175 0
20.800 18.000 1.600 0 175 0
20.800 18.000 2.000 0 175 0
20.800 18.400 0.800 0 175 0
20.800 18.400 1.200 0 175 0
20.800 18.400 1.600 0 175 0
20.800 18.800 0.800 0 175 0
20.800 18.800 1.200 0 175 0
20.800 18.800 1.600 0 175 0
20.800 18.800 2.000 0 175 0
20.800 18.800 2.400 0 175 0
20.800 18.800 2.800 0 175 0
20.800 18.800 3.200 0 175 0
20.800 19.200 0.800 0 175 0
20.800 19.200 1.200 0 175 0
20.800 19.200 1.600 0 175 0
20.800 19.200 2.000 0 175 0
20.800 19.200 2.400 0 175 0
20.800 19.200 2.800 0 175 0
20.800 19.600 0.800 0 175 0
20.800 19.600 1.200 0 175 0
20.800 19.600 1.600 0 175 0
20.800 19.600 2.000 0 175 0
20.800 19.600 2.400 0 175 0
20.800 19.600 2.800 0 175 0
20.800 19.600 3.200 0 175 0
20.800 19.600 3.600 0 175 0
20.800 20.000 0.800 0 175 0
20.800 20.000 1.200 0 175 0
20.800 20.000 1.600 0 175 0
20.800 20.000 2.000 0 175 0
20.800 20.000 2.400 0 175 0
20.800 20.000 2.800 0 175 0
20.800 20.000 3.200 0 175 0
20.800 20.400 0.800 255 120 50
20.800 20.400 1.200 0 175 0
20.800 20.400 1.600 0 175 0
20.800 20.400 2.000 0 175 0
20.800 20.400 2.400 0 175 0
20.800 20.400 2.800 0 175 0
20.800 20.400 3.200 0 175 0
20.800 20.800 0.400 75 0 75
20.800 20.800 2.000 0 175 0
20.800 20.800 2.400 0 175 0
20.800 20.800 2.800 0 175 0
20.800 20.800 3.200 0 175 0
20.800 21.200 0.400 75 0 75
20.800 21.200 2.400 0 175 0
20.800 21.200 2.800 0 175 0
20.800 21.200 3.200 0 175 0
20.800 21.200 3.600 0 175 0
20.800 21.600 0.400 75 0 75
20.800 21.600 4.400 0 175 0
20.800 22.000 0.400 75 0 75
20.800 22.400 0.400 75 0 75
20.800 22.800 0.400 75 0 75
20.800 23.200 0.400 255 0 255
20.800 23.600 0.400 255 0 255
20.800 23.600 0.800 255 40 200
20.800 23.600 1.200 255 40 200
20.800 23.600 1.600 255 40 200
20.800 24.000 0.400 255 0 255
20.800 24.000 1.600 255 40 200
20.800 24.400 0.400 255 0 255
20.800 24.400 2.000 100 150 245
20.800 24.800 0.400 255 0 255
20.800 24.800 0.800 100 150 245
20.800 24.800 2.000 100 150 245
20.800 25.200 0.400 255 0 255
20.800 25.200 0.800 100 150 245
20.800 25.200 2.000 100 150 245
20.800 25.600 0.400 255 0 255
20.800 26.000 0.400 255 0 255
20.800 26.400 0.400 255 0 255
20.800 26.800 0.400 255 0 255
20.800 27.200 0.400 255 0 255
20.800 27.600 0.400 255 0 255
20.800 27.600 0.800 100 150 245
20.800 27.600 1.200 100 150 245
20.800 27.600 1.600 100 150 245
20.800 28.000 0.400 255 0 255
20.800 28.000 1.200 100 150 245
20.800 28.000 1.600 100 150 245
20.800 28.400 0.400 255 0 255
20.800 28.400 0.800 100 150 245
20.800 28.400 1.200 100 150 245
20.800 28.400 1.600 100 150 245
20.800 28.800 0.400 255 0 255
20.800 28.800 0.800 100 150 245
20.800 28.800 1.200 100 150 245
20.800 28.800 1.600 100 150 245
20.800 29.600 1.600 0 175 0
20.800 29.600 2.400 0 175 0
20.800 30.000 1.200 0 175 0
20.800 30.000 1.600 0 175 0
20.800 30.000 2.000 0 175 0
20.800 30.000 2.400 0 175 0
20.800 30.000 2.800 0 175 0
20.800 30.400 0.800 0 175 0
20.800 30.400 1.200 0 175 0
20.800 30.400 1.600 0 175 0
20.800 30.400 2.000 0 175 0
20.800 30.400 2.400 0 175 0
20.800 30.800 0.800 0 175 0
20.800 30.800 1.200 0 175 0
20.800 30.800 1.600 0 175 0
20.800 30.800 2.000 0 175 0
20.800 30.800 2.400 0 175 0
20.800 31.200 1.200 0 175 0
20.800 31.200 1.600 0 175 0
20.800 31.200 2.000 0 175 0
20.800 31.200 2.400 0 175 0
20.800 31.600 1.600 0 175 0
20.800 31.600 2.000 0 175 0
20.800 31.600 2.400 0 175 0
20.800 31.600 2.800 0 175 0
20.800 32.000 0.800 0 175 0
20.800 32.000 1.200 0 175 0
20.800 32.000 1.600 0 175 0
20.800 32.000 2.000 0 175 0
20.800 32.000 2.400 0 175 0
20.800 32.000 2.800 0 175 0
20.800 32.400 0.800 0 175 0
20.800 32.400 1.200 0 175 0
20.800 32.400 1.600 0 175 0
20.800 32.400 2.000 0 175 0
20.800 32.400 2.400 0 175 0
20.800 32.400 2.800 0 175 0
20.800 32.800 0.400 0 175 0
20.800 32.800 0.800 0 175 0
20.800 32.800 1.200 0 175 0
20.800 32.800 1.600 0 175 0
20.800 32.800 2.000 0 175 0
20.800 32.800 2.400 0 175 0
20.800 32.800 2.800 0 175 0
20.800 33.200 0.400 0 175 0
20.800 33.200 0.800 0 175 0
20.800 33.200 1.200 0 175 0
20.800 33.200 1.600 0 175 0
20.800 33.200 2.000 0 175 0
20.800 33.200 2.400 0 175 0
20.800 33.600 0.400 0 175 0
20.800 33.600 0.800 0 175 0
20.800 33.600 1.600 0 175 0
20.800 33.600 2.000 0 175 0
20.800 33.600 2.400 0 175 0
20.800 34.000 1.600 0 175 0
20.800 34.800 0.400 0 175 0
20.800 34.800 0.800 0 175 0
20.800 34.800 1.200 0 175 0
20.800 34.800 2.000 0 175 0
20.800 35.200 0.400 0 175 0
20.800 35.200 0.800 0 175 0
20.800 35.200 1.200 0 175 0
20.800 35.200 1.600 0 175 0
20.800 35.200 2.000 0 175 0
20.800 35.600 0.000 150 240 80
20.800 35.600 0.400 150 240 80
20.800 35.600 0.800 0 175 0
20.800 35.600 1.200 0 175 0
20.800 35.600 1.600 0 175 0
20.800 35.600 2.000 0 175 0
20.800 36.000 0.800 0 175 0
20.800 36.000 1.200 0 175 0
20.800 36.000 2.000 0 175 0
20.800 36.400 0.800 0 175 0
20.800 36.800 1.200 0 175 0
21.200 4.400 2.800 0 175 0
21.200 4.800 1.600 0 175 0
21.200 4.800 2.800 0 175 0
21.200 5.200 0.800 0 175 0
21.200 5.200 1.600 0 175 0
21.200 5.200 2.800 0 175 0
21.200 5.600 0.800 0 175 0
21.200 5.600 1.200 0 175 0
21.200 5.600 1.600 0 175 0
21.200 5.600 2.000 0 175 0
21.200 5.600 2.400 0 175 0
21.200 5.600 2.800 0 175 0
21.200 6.000 0.800 150 240 80
21.200 6.000 1.200 0 175 0
21.200 6.000 1.600 0 175 0
21.200 6.000 2.000 0 175 0
21.200 6.000 2.400 0 175 0
21.200 6.800 0.800 150 240 80
21.200 7.200 0.800 150 240 80
21.200 7.600 0.800 150 240 80
21.200 8.000 0.800 150 240 80
21.200 8.400 0.800 150 240 80
21.200 8.400 1.200 0 175 0
21.200 11.200 1.200 0 175 0
21.200 11.600 1.200 0 175 0
21.200 16.400 1.600 0 175 0
21.200 16.400 2.000 0 175 0
21.200 16.400 2.400 0 175 0
21.200 16.400 2.800 0 175 0
21.200 16.800 1.200 0 175 0
21.200 16.800 1.600 0 175 0
21.200 16.800 2.000 0 175 0
21.200 16.800 2.400 0 175 0
21.200 16.800 2.800 0 175 0
21.200 16.800 3.200 0 175 0
21.200 17.200 1.200 0 175 0
21.200 17.200 1.600 0 175 0
21.200 17.200 2.000 0 175 0
21.200 17.200 2.400 0 175 0
21.200 17.200 2.800 0 175 0
21.200 17.200 3.200 0 175 0
21.200 17.600 0.800 0 175 0
21.200 17.600 1.200 0 175 0
21.200 17.600 1.600 0 175 0
21.200 17.600 2.000 0 175 0
21.200 17.600 2.800 0 175 0
21.200 18.000 0.800 0 175 0
21.200 18.000 1.200 0 175 0
21.200 18.000 1.600 0 175 0
21.200 18.000 2.000 0 175 0
21.200 18.000 2.800 0 175 0
21.200 18.400 0.800 0 175 0
21.200 18.400 1.200 0 175 0
21.200 18.400 1.600 0 175 0
21.200 18.400 2.000 0 175 0
21.200 18.800 0.800 0 175 0
21.200 18.800 1.200 0 175 0
21.200 18.800 1.600 0 175 0
21.200 18.800 2.000 0 175 0
21.200 18.800 2.400 0 175 0
21.200 18.800 2.800 0 175 0
21.200 18.800 3.200 0 175 0
21.200 19.200 1.200 0 175 0
21.200 19.200 1.600 0 175 0
21.200 19.200 2.000 0 175 0
21.200 19.200 2.400 0 175 0
21.200 19.200 2.800 0 175 0
21.200 19.600 1.200 0 175 0
21.200 19.600 2.000 0 175 0
21.200 19.600 2.400 0 175 0
21.200 19.600 2.800 0 175 0
21.200 19.600 3.200 0 175 0
21.200 20.000 0.400 75 0 75
21.200 20.000 1.600 0 175 0
21.200 20.000 2.000 0 175 0
21.200 20.000 2.400 0 175 0
21.200 20.000 2.800 0 175 0
21.200 20.000 3.200 0 175 0
21.200 20.000 3.600 0 175 0
21.200 20.400 0.400 75 0 75
21.200 20.400 0.800 255 120 50
21.200 20.400 1.200 255 120 50
21.200 20.400 2.000 0 175 0
21.200 20.400 2.400 0 175 0
21.200 20.400 2.800 0 175 0
21.200 20.400 3.200 0 175 0
21.200 20.800 0.400 75 0 75
21.200 20.800 1.200 0 175 0
21.200 20.800 2.000 0 175 0
21.200 20.800 2.400 0 175 0
21.200 20.800 2.800 0 175 0
21.200 20.800 3.200 0 175 0
21.200 20.800 3.600 0 175 0
21.200 20.800 4.000 0 175 0
21.200 21.200 0.400 75 0 75
21.200 21.200 2.800 0 175 0
21.200 21.200 3.600 0 175 0
21.200 21.200 4.000 0 175 0
21.200 21.600 0.400 75 0 75
21.200 22.000 0.400 75 0 75
21.200 22.400 0.400 75 0 75
21.200 22.800 0.400 75 0 75
21.200 23.200 0.400 255 0 255
21.200 23.600 0.400 255 0 255
21.200 23.600 1.200 255 40 200
21.200 23.600 1.600 255 40 200
21.200 24.000 0.400 255 0 255
21.200 24.000 1.600 255 40 200
21.200 24.400 0.400 255 0 255
21.200 24.400 1.200 100 150 245
21.200 24.800 0.400 255 0 255
21.200 25.200 0.400 255 0 255
21.200 25.200 1.600 100 150 245
21.200 25.600 0.400 255 0 255
21.200 25.600 1.200 100 150 245
21.200 26.000 0.400 255 0 255
21.200 26.400 0.400 255 0 255
21.200 26.800 0.400 255 0 255
21.200 27.200 0.400 255 0 255
21.200 27.600 0.400 255 0 255
21.200 27.600 0.800 100 150 245
21.200 27.600 1.200 100 150 245
21.200 27.600 1.600 100 150 245
21.200 28.000 0.400 255 0 255
21.200 28.000 1.200 100 150 245
21.200 28.000 1.600 100 150 245
21.200 28.400 0.400 255 0 255
21.200 28.400 0.800 100 150 245
21.200 28.400 1.200 100 150 245
21.200 28.400 1.600 100 150 245
21.200 28.800 0.400 255 0 255
21.200 28.800 0.800 100 150 245
21.200 28.800 1.200 100 150 245
21.200 28.800 1.600 100 150 245
21.200 29.600 2.400 0 175 0
21.200 30.000 1.200 0 175 0
21.200 30.000 2.000 0 175 0
21.200 30.000 2.400 0 175 0
21.200 30.400 0.800 0 175 0
21.200 30.400 1.200 0 175 0
21.200 30.400 1.600 0 175 0
21.200 30.400 2.000 0 175 0
21.200 30.400 2.400 0 175 0
21.200 30.800 0.800 0 175 0
21.200 30.800 1.200 0 175 0
21.200 30.800 1.600 0 175 0
21.200 30.800 2.000 0 175 0
21.200 30.800 2.400 0 175 0
21.200 31.200 1.600 0 175 0
21.200 31.200 2.000 0 175 0
21.200 31.200 2.400 0 175 0
21.200 31.600 1.600 0 175 0
21.200 31.600 2.000 0 175 0
21.200 31.600 2.400 0 175 0
21.200 32.000 1.200 0 175 0
21.200 32.000 1.600 0 175 0
21.200 32.000 2.000 0 175 0
21.200 32.000 2.400 0 175 0
21.200 32.000 2.800 0 175 0
21.200 32.400 0.400 0 175 0
21.200 32.400 0.800 0 175 0
21.200 32.400 1.600 0 175 0
21.200 32.400 2.000 0 175 0
21.200 32.400 2.400 0 175 0
21.200 32.400 2.800 0 175 0
21.200 32.800 0.400 0 175 0
21.200 32.800 2.000 0 175 0
21.200 32.800 2.400 0 175 0
21.200 32.800 2.800 0 175 0
21.200 33.200 0.400 0 175 0
21.200 33.200 0.800 0 175 0
21.200 33.200 1.600 0 175 0
21.200 33.200 2.000 0 175 0
21.200 33.200 2.400 0 175 0
21.200 33.200 2.800 0 175 0
21.200 33.600 0.400 0 175 0
21.200 33.600 0.800 0 175 0
21.200 33.600 1.600 0 175 0
21.200 33.600 2.000 0 175 0
21.200 33.600 2.400 0 175 0
21.200 34.000 1.600 0 175 0
21.200 34.000 2.000 0 175 0
21.200 34.400 1.200 0 175 0
21.200 34.400 2.000 0 175 0
21.200 34.800 0.400 150 240 80
21.200 34.800 0.800 0 175 0
21.200 34.800 2.000 0 175 0
21.200 35.200 0.400 0 175 0
21.200 35.200 1.200 0 175 0
21.200 35.600 0.400 0 175 0
21.200 35.600 0.800 0 175 0
21.200 35.600 1.600 0 175 0
21.200 36.000 1.600 0 175 0
21.600 4.800 2.800 0 175 0
21.600 5.200 1.200 0 175 0
21.600 5.200 2.800 0 175 0
21.600 5.600 0.800 0 175 0
21.600 5.600 1.200 0 175 0
21.600 5.600 1.600 0 175 0
21.600 5.600 2.000 0 175 0
21.600 5.600 2.800 0 175 0
21.600 6.000 0.800 0 175 0
21.600 6.000 1.200 0 175 0
21.600 6.000 1.600 0 175 0
21.600 6.000 2.000 0 175 0
21.600 6.000 2.400 0 175 0
21.600 6.000 2.800 0 175 0
21.600 6.800 0.800 150 240 80
21.600 7.200 0.800 150 240 80
21.600 7.600 0.800 150 240 80
21.600 8.000 0.800 150 240 80
21.600 8.400 0.800 150 240 80
21.600 13.200 2.800 0 175 0
21.600 13.600 2.800 0 175 0
21.600 14.000 2.800 0 175 0
21.600 15.600 1.600 0 175 0
21.600 16.000 1.600 0 175 0
21.600 16.000 2.000 0 175 0
21.600 16.000 2.400 0 175 0
21.600 16.400 2.000 0 175 0
21.600 16.400 2.400 0 175 0
21.600 16.400 2.800 0 175 0
21.600 16.800 1.200 0 175 0
21.600 16.800 1.600 0 175 0
21.600 16.800 2.000 0 175 0
21.600 16.800 2.400 0 175 0
21.600 16.800 2.800 0 175 0
21.600 16.800 3.200 0 175 0
21.600 17.200 0.800 0 175 0
21.600 17.200 1.200 0 175 0
21.600 17.200 1.600 0 175 0
21.600 17.200 2.000 0 175 0
21.600 17.200 2.400 0 175 0
21.600 17.200 2.800 0 175 0
21.600 17.200 3.200 0 175 0
21.600 17.600 0.800 0 175 0
21.600 17.600 1.200 0 175 0
21.600 17.600 1.600 0 175 0
21.600 17.600 2.000 0 175 0
21.600 17.600 2.400 0 175 0
21.600 17.600 2.800 0 175 0
21.600 17.600 3.200 0 175 0
21.600 18.000 0.800 0 175 0
21.600 18.000 1.200 0 175 0
21.600 18.000 1.600 0 175 0
21.600 18.000 2.000 0 175 0
21.600 18.000 2.400 0 175 0
21.600 18.000 2.800 0 175 0
21.600 18.400 0.800 0 175 0
21.600 18.400 1.200 0 175 0
21.600 18.400 1.600 0 175 0
21.600 18.400 2.000 0 175 0
21.600 18.400 2.400 0 175 0
21.600 18.400 2.800 0 175 0
21.600 18.800 0.800 75 0 75
21.600 18.800 2.800 0 175 0
21.600 19.200 2.400 0 175 0
21.600 19.200 2.800 0 175 0
21.600 19.600 2.400 0 175 0
21.600 19.600 2.800 0 175 0
21.600 20.000 0.400 75 0 75
21.600 20.000 2.400 0 175 0
21.600 20.000 2.800 0 175 0
21.600 20.400 0.400 75 0 75
21.600 20.400 0.800 75 0 75
21.600 20.400 2.400 0 175 0
21.600 20.400 3.200 0 175 0
21.600 20.800 0.400 75 0 75
21.600 20.800 2.800 0 175 0
21.600 20.800 3.200 0 175 0
21.600 20.800 3.600 0 175 0
21.600 21.200 0.400 75 0 75
21.600 21.600 0.400 75 0 75
21.600 22.000 0.400 75 0 75
21.600 22.400 0.400 75 0 75
21.600 22.800 0.400 75 0 75
21.600 23.200 0.400 255 0 255
21.600 23.600 0.400 255 0 255
21.600 23.600 0.800 255 40 200
21.600 23.600 1.200 255 40 200
21.600 23.600 1.600 255 40 200
21.600 23.600 2.000 255 40 200
21.600 24.000 0.400 255 0 255
21.600 24.000 1.600 255 40 200
21.600 24.400 0.400 255 0 255
21.600 24.800 0.400 255 0 255
21.600 24.800 0.800 100 150 245
21.600 25.200 0.400 255 0 255
21.600 25.200 0.800 100 150 245
21.600 25.600 0.400 255 0 255
21.600 26.000 0.400 255 0 255
21.600 26.400 0.400 255 0 255
21.600 26.800 0.400 255 0 255
21.600 27.200 0.400 255 0 255
21.600 27.200 0.800 100 150 245
21.600 27.600 0.400 255 0 255
21.600 27.600 0.800 100 150 245
21.600 27.600 1.200 100 150 245
21.600 27.600 1.600 100 150 245
21.600 28.000 0.400 255 0 255
21.600 28.000 1.200 100 150 245
21.600 28.000 1.600 100 150 245
21.600 28.400 0.400 255 0 255
21.600 28.400 0.800 100 150 245
21.600 28.400 1.200 100 150 245
21.600 28.400 1.600 100 150 245
21.600 28.800 0.400 255 0 255
21.600 28.800 0.800 100 150 245
21.600 28.800 1.200 100 150 245
21.600 29.200 0.400 150 240 80
21.600 29.200 1.200 150 240 80
21.600 29.600 0.800 150 240 80
21.600 30.000 0.800 150 240 80
21.600 30.000 2.000 0 175 0
21.600 30.400 0.800 0 175 0
21.600 30.400 1.200 0 175 0
21.600 30.400 1.600 0 175 0
21.600 30.400 2.000 0 175 0
21.600 30.400 2.400 0 175 0
21.600 30.800 0.800 0 175 0
21.600 30.800 1.200 0 175 0
21.600 30.800 1.600 0 175 0
21.600 30.800 2.000 0 175 0
21.600 30.800 2.400 0 175 0
21.600 31.200 0.800 0 175 0
21.600 31.200 1.200 0 175 0
21.600 31.200 1.600 0 175 0
21.600 31.200 2.000 0 175 0
21.600 31.200 2.400 0 175 0
21.600 31.600 1.200 0 175 0
21.600 31.600 1.600 0 175 0
21.600 31.600 2.000 0 175 0
21.600 31.600 2.400 0 175 0
21.600 31.600 2.800 0 175 0
21.600 32.000 0.400 0 175 0
21.600 32.000 1.200 0 175 0
21.600 32.000 1.600 0 175 0
21.600 32.000 2.000 0 175 0
21.600 32.000 2.400 0 175 0
21.600 32.400 0.800 0 175 0
21.600 32.400 1.200 0 175 0
21.600 32.400 1.600 0 175 0
21.600 32.400 2.000 0 175 0
21.600 32.400 2.400 0 175 0
21.600 32.800 0.400 0 175 0
21.600 32.800 1.200 0 175 0
21.600 32.800 2.000 0 175 0
21.600 32.800 2.400 0 175 0
21.600 32.800 2.800 0 175 0
21.600 33.200 0.400 0 175 0
21.600 33.200 0.800 0 175 0
21.600 33.200 1.200 0 175 0
21.600 33.200 1.600 0 175 0
21.600 33.200 2.000 0 175 0
21.600 33.200 2.400 0 175 0
21.600 33.200 2.800 0 175 0
21.600 33.600 0.400 0 175 0
21.600 33.600 0.800 0 175 0
21.600 33.600 1.600 0 175 0
21.600 33.600 2.000 0 175 0
21.600 33.600 2.400 0 175 0
21.600 34.000 0.400 0 175 0
21.600 34.000 0.800 0 175 0
21.600 34.000 1.200 0 175 0
21.600 34.000 1.600 0 175 0
21.600 34.000 2.000 0 175 0
21.600 34.000 2.400 0 175 0
21.600 34.400 0.400 150 240 80
21.600 34.400 0.800 0 175 0
21.600 34.400 1.200 0 175 0
21.600 34.400 2.000 0 175 0
21.600 34.800 0.400 0 175 0
21.600 34.800 0.800 0 175 0
21.600 34.800 1.200 0 175 0
21.600 34.800 1.600 0 175 0
21.600 34.800 2.000 0 175 0
21.600 35.200 0.400 150 240 80
21.600 35.200 1.200 0 175 0
21.600 35.200 1.600 0 175 0
21.600 35.600 0.400 150 240 80
21.600 35.600 0.800 0 175 0
21.600 35.600 1.600 0 175 0
22.000 0.000 3.200 0 175 0
22.000 0.400 3.200 0 175 0
22.000 5.200 2.800 0 175 0
22.000 5.600 0.800 0 175 0
22.000 5.600 1.200 0 175 0
22.000 5.600 2.000 0 175 0
22.000 5.600 2.800 0 175 0
22.000 6.000 0.800 0 175 0
22.000 6.000 1.200 0 175 0
22.000 6.000 1.600 0 175 0
22.000 6.000 2.000 0 175 0
22.000 6.000 2.400 0 175 0
22.000 6.000 2.800 0 175 0
22.000 6.400 1.600 0 175 0
22.000 6.400 2.000 0 175 0
22.000 6.400 2.400 0 175 0
22.000 7.600 0.800 150 240 80
22.000 8.000 0.800 150 240 80
22.000 8.400 0.800 150 240 80
22.000 8.800 0.800 150 240 80
22.000 9.600 0.800 150 240 80
22.000 10.000 0.800 150 240 80
22.000 10.400 0.800 150 240 80
22.000 10.800 0.800 150 240 80
22.000 13.200 1.600 0 175 0
22.000 13.200 2.400 0 175 0
22.000 13.200 2.800 0 175 0
22.000 13.600 1.600 0 175 0
22.000 13.600 2.000 0 175 0
22.000 13.600 2.400 0 175 0
22.000 13.600 2.800 0 175 0
22.000 14.000 1.600 0 175 0
22.000 14.000 2.000 0 175 0
22.000 14.400 1.600 0 175 0
22.000 14.800 1.600 0 175 0
22.000 14.800 2.000 0 175 0
22.000 15.200 1.600 0 175 0
22.000 15.200 2.000 0 175 0
22.000 15.200 2.800 0 175 0
22.000 15.600 1.600 0 175 0
22.000 15.600 2.000 0 175 0
22.000 15.600 2.400 0 175 0
22.000 15.600 2.800 0 175 0
22.000 16.000 1.600 0 175 0
22.000 16.000 2.000 0 175 0
22.000 16.000 2.400 0 175 0
22.000 16.400 1.600 0 175 0
22.000 16.400 2.000 0 175 0
22.000 16.400 2.400 0 175 0
22.000 16.400 2.800 0 175 0
22.000 16.800 1.200 0 175 0
22.000 16.800 1.600 0 175 0
22.000 16.800 2.000 0 175 0
22.000 16.800 2.400 0 175 0
22.000 16.800 2.800 0 175 0
22.000 17.200 1.200 0 175 0
22.000 17.200 1.600 0 175 0
22.000 17.200 2.000 0 175 0
22.000 17.200 2.400 0 175 0
22.000 17.200 2.800 0 175 0
22.000 17.600 1.200 0 175 0
22.000 17.600 1.600 0 175 0
22.000 17.600 2.000 0 175 0
22.000 17.600 2.400 0 175 0
22.000 17.600 2.800 0 175 0
22.000 17.600 3.200 0 175 0
22.000 18.000 0.800 75 0 75
22.000 18.000 1.200 0 175 0
22.000 18.000 1.600 0 175 0
22.000 18.000 2.000 0 175 0
22.000 18.000 2.400 0 175 0
22.000 18.000 2.800 0 175 0
22.000 18.400 0.800 75 0 75
22.000 18.400 2.400 0 175 0
22.000 18.400 2.800 0 175 0
22.000 18.800 3.200 0 175 0
22.000 19.200 3.200 0 175 0
22.000 19.200 3.600 0 175 0
22.000 20.000 0.400 75 0 75
22.000 20.000 0.800 0 175 0
22.000 20.400 0.400 75 0 75
22.000 20.400 0.800 0 175 0
22.000 20.400 1.200 0 175 0
22.000 20.400 1.600 0 175 0
22.000 20.800 0.400 75 0 75
22.000 21.200 0.400 75 0 75
22.000 21.600 0.400 75 0 75
22.000 22.000 0.400 75 0 75
22.000 22.400 0.400 75 0 75
22.000 22.800 0.400 75 0 75
22.000 23.200 0.400 255 0 255
22.000 23.600 0.400 255 0 255
22.000 23.600 0.800 255 40 200
22.000 23.600 1.200 255 40 200
22.000 23.600 1.600 255 40 200
22.000 23.600 2.000 255 40 200
22.000 24.000 0.400 255 0 255
22.000 24.000 1.600 255 40 200
22.000 24.400 0.400 255 0 255
22.000 24.400 1.200 100 150 245
22.000 24.800 0.400 255 0 255
22.000 25.200 0.400 255 0 255
22.000 25.600 0.400 255 0 255
22.000 25.600 1.600 100 150 245
22.000 26.000 0.400 255 0 255
22.000 26.400 0.400 255 0 255
22.000 26.800 0.400 255 0 255
22.000 27.200 0.400 255 0 255
22.000 27.200 0.800 100 150 245
22.000 27.600 0.400 255 0 255
22.000 27.600 0.800 100 150 245
22.000 27.600 1.200 100 150 245
22.000 27.600 1.600 100 150 245
22.000 28.000 0.400 255 0 255
22.000 28.000 1.200 100 150 245
22.000 28.000 1.600 100 150 245
22.000 28.400 0.400 255 0 255
22.000 28.400 1.200 100 150 245
22.000 28.400 1.600 100 150 245
22.000 28.800 0.400 100 150 245
22.000 28.800 0.800 100 150 245
22.000 28.800 1.200 100 150 245
22.000 28.800 1.600 100 150 245
22.000 29.200 0.400 150 240 80
22.000 29.200 1.200 150 240 80
22.000 29.600 0.400 150 240 80
22.000 29.600 0.800 150 240 80
22.000 29.600 1.200 0 175 0
22.000 29.600 1.600 0 175 0
22.000 30.000 1.200 0 175 0
22.000 30.000 1.600 0 175 0
22.000 30.000 2.000 0 175 0
22.000 30.000 2.400 0 175 0
22.000 30.000 2.800 0 175 0
22.000 30.400 0.400 0 175 0
22.000 30.400 0.800 0 175 0
22.000 30.400 1.200 0 175 0
22.000 30.400 1.600 0 175 0
22.000 30.400 2.000 0 175 0
22.000 30.400 2.400 0 175 0
22.000 30.800 0.800 0 175 0
22.000 30.800 1.200 0 175 0
22.000 31.200 0.800 0 175 0
22.000 31.200 1.200 0 175 0
22.000 31.200 2.000 0 175 0
22.000 31.200 2.400 0 175 0
22.000 31.600 1.600 0 175 0
22.000 31.600 2.000 0 175 0
22.000 31.600 2.400 0 175 0
22.000 31.600 2.800 0 175 0
22.000 32.000 1.200 0 175 0
22.000 32.000 1.600 0 175 0
22.000 32.000 2.000 0 175 0
22.000 32.000 2.400 0 175 0
22.000 32.400 0.400 0 175 0
22.000 32.400 0.800 0 175 0
22.000 32.400 1.200 0 175 0
22.000 32.400 1.600 0 175 0
22.000 32.400 2.000 0 175 0
22.000 32.400 2.400 0 175 0
22.000 32.800 0.400 0 175 0
22.000 32.800 0.800 0 175 0
22.000 32.800 1.200 0 175 0
22.000 32.800 2.000 0 175 0
22.000 32.800 2.400 0 175 0
22.000 32.800 2.800 0 175 0
22.000 33.200 0.400 0 175 0
22.000 33.200 0.800 0 175 0
22.000 33.200 1.200 0 175 0
22.000 33.200 1.600 0 175 0
22.000 33.200 2.000 0 175 0
22.000 33.200 2.400 0 175 0
22.000 33.200 2.800 0 175 0
22.000 33.600 0.400 0 175 0
22.000 33.600 0.800 0 175 0
22.000 33.600 1.200 0 175 0
22.000 33.600 1.600 0 175 0
22.000 33.600 2.000 0 175 0
22.000 33.600 2.400 0 175 0
22.000 33.600 2.800 0 175 0
22.000 34.000 0.400 0 175 0
22.000 34.000 1.200 0 175 0
22.000 34.000 1.600 0 175 0
22.000 34.000 2.000 0 175 0
22.000 34.000 2.400 0 175 0
22.000 34.400 0.800 0 175 0
22.000 34.400 1.200 0 175 0
22.000 34.400 1.600 0 175 0
22.000 34.400 2.400 0 175 0
22.000 34.800 0.400 150 240 80
22.000 34.800 0.800 0 175 0
22.000 34.800 1.200 0 175 0
22.000 34.800 1.600 0 175 0
22.000 35.200 0.800 0 175 0
22.000 35.200 1.200 0 175 0
22.000 35.200 1.600 0 175 0
22.000 35.600 0.800 0 175 0
22.000 35.600 1.600 0 175 0
22.000 36.000 0.800 0 175 0
22.400 0.400 3.200 0 175 0
22.400 5.600 0.800 0 175 0
22.400 5.600 2.800 0 175 0
22.400 6.000 1.200 0 175 0
22.400 6.000 1.600 0 175 0
22.400 6.000 2.000 0 175 0
22.400 6.000 2.800 0 175 0
22.400 6.400 1.200 0 175 0
22.400 6.400 1.600 0 175 0
22.400 6.400 2.000 0 175 0
22.400 6.400 2.400 0 175 0
22.400 6.400 2.800 0 175 0
22.400 7.600 0.800 150 240 80
22.400 8.400 0.800 150 240 80
22.400 8.800 0.800 150 240 80
22.400 11.200 0.800 150 240 80
22.400 13.600 1.600 0 175 0
22.400 13.600 2.000 0 175 0
22.400 13.600 2.400 0 175 0
22.400 13.600 2.800 0 175 0
22.400 14.000 1.600 0 175 0
22.400 14.000 2.000 0 175 0
22.400 14.000 2.400 0 175 0
22.400 14.400 1.600 0 175 0
22.400 14.400 2.000 0 175 0
22.400 14.400 2.400 0 175 0
22.400 14.800 2.000 0 175 0
22.400 14.800 2.400 0 175 0
22.400 15.200 1.200 0 175 0
22.400 15.200 1.600 0 175 0
22.400 15.200 2.000 0 175 0
22.400 15.200 2.400 0 175 0
22.400 15.600 1.200 0 175 0
22.400 15.600 1.600 0 175 0
22.400 15.600 2.000 0 175 0
22.400 15.600 2.400 0 175 0
22.400 15.600 2.800 0 175 0
22.400 16.000 1.600 0 175 0
22.400 16.000 2.000 0 175 0
22.400 16.000 2.400 0 175 0
22.400 16.000 2.800 0 175 0
22.400 16.400 1.200 0 175 0
22.400 16.400 1.600 0 175 0
22.400 16.400 2.000 0 175 0
22.400 16.400 2.400 0 175 0
22.400 16.400 2.800 0 175 0
22.400 16.800 0.800 0 175 0
22.400 16.800 1.200 0 175 0
22.400 16.800 1.600 0 175 0
22.400 16.800 2.000 0 175 0
22.400 16.800 2.400 0 175 0
22.400 16.800 2.800 0 175 0
22.400 17.200 0.800 0 175 0
22.400 17.200 1.200 0 175 0
22.400 17.200 1.600 0 175 0
22.400 17.200 2.000 0 175 0
22.400 17.200 2.400 0 175 0
22.400 17.600 1.200 0 175 0
22.400 17.600 1.600 0 175 0
22.400 17.600 2.000 0 175 0
22.400 17.600 2.400 0 175 0
22.400 17.600 2.800 0 175 0
22.400 18.000 1.600 0 175 0
22.400 18.000 2.400 0 175 0
22.400 18.000 2.800 0 175 0
22.400 18.000 3.200 0 175 0
22.400 19.200 3.600 0 175 0
22.400 19.600 0.800 150 240 80
22.400 19.600 1.200 0 175 0
22.400 19.600 1.600 0 175 0
22.400 20.000 0.800 150 240 80
22.400 20.000 1.200 0 175 0
22.400 20.000 1.600 0 175 0
22.400 20.400 0.400 75 0 75
22.400 20.400 0.800 0 175 0
22.400 20.400 1.200 0 175 0
22.400 20.400 1.600 0 175 0
22.400 20.800 0.400 75 0 75
22.400 20.800 0.800 0 175 0
22.400 21.200 0.400 75 0 75
22.400 21.600 0.400 75 0 75
22.400 22.000 0.400 75 0 75
22.400 22.400 0.400 75 0 75
22.400 22.800 0.400 75 0 75
22.400 23.200 0.400 255 0 255
22.400 23.600 0.400 255 0 255
22.400 23.600 0.800 255 40 200
22.400 23.600 1.200 255 40 200
22.400 23.600 1.600 255 40 200
22.400 23.600 2.000 255 40 200
22.400 24.000 0.400 255 0 255
22.400 24.000 1.600 255 40 200
22.400 24.400 0.400 255 0 255
22.400 24.400 0.800 100 150 245
22.400 24.400 1.200 100 150 245
22.400 24.800 0.400 255 0 255
22.400 24.800 0.800 100 150 245
22.400 24.800 1.200 100 150 245
22.400 25.200 0.400 255 0 255
22.400 25.200 0.800 100 150 245
22.400 25.200 1.200 100 150 245
22.400 25.600 0.400 255 0 255
22.400 25.600 1.600 100 150 245
22.400 26.000 0.400 255 0 255
22.400 26.400 0.400 255 0 255
22.400 26.800 0.400 255 0 255
22.400 27.200 0.400 255 0 255
22.400 27.600 0.400 255 0 255
22.400 27.600 0.800 100 150 245
22.400 27.600 1.200 100 150 245
22.400 28.000 0.400 255 0 255
22.400 28.000 0.800 100 150 245
22.400 28.000 1.200 100 150 245
22.400 28.400 0.400 255 0 255
22.400 28.400 0.800 100 150 245
22.400 28.400 1.200 100 150 245
22.400 28.800 0.400 255 0 255
22.400 28.800 0.800 100 150 245
22.400 28.800 1.200 100 150 245
22.400 29.200 0.400 150 240 80
22.400 29.600 0.400 150 240 80
22.400 29.600 0.800 150 240 80
22.400 29.600 1.200 0 175 0
22.400 29.600 1.600 0 175 0
22.400 29.600 2.000 0 175 0
22.400 29.600 2.400 0 175 0
22.400 30.000 0.800 0 175 0
22.400 30.000 1.200 0 175 0
22.400 30.000 1.600 0 175 0
22.400 30.000 2.000 0 175 0
22.400 30.000 2.400 0 175 0
22.400 30.000 2.800 0 175 0
22.400 30.400 0.800 0 175 0
22.400 30.400 1.200 0 175 0
22.400 30.400 1.600 0 175 0
22.400 30.400 2.000 0 175 0
22.400 30.400 2.400 0 175 0
22.400 30.400 2.800 0 175 0
22.400 30.800 0.800 0 175 0
22.400 30.800 1.200 0 175 0
22.400 30.800 1.600 0 175 0
22.400 30.800 2.000 0 175 0
22.400 30.800 2.400 0 175 0
22.400 31.200 0.800 0 175 0
22.400 31.200 2.400 0 175 0
22.400 31.600 2.000 0 175 0
22.400 32.000 1.200 0 175 0
22.400 32.000 1.600 0 175 0
22.400 32.000 2.000 0 175 0
22.400 32.000 2.400 0 175 0
22.400 32.400 1.200 0 175 0
22.400 32.400 1.600 0 175 0
22.400 32.400 2.000 0 175 0
22.400 32.400 2.400 0 175 0
22.400 32.400 2.800 0 175 0
22.400 32.800 0.400 0 175 0
22.400 32.800 0.800 0 175 0
22.400 32.800 1.200 0 175 0
22.400 32.800 1.600 0 175 0
22.400 32.800 2.000 0 175 0
22.400 32.800 2.400 0 175 0
22.400 32.800 2.800 0 175 0
22.400 33.200 0.400 0 175 0
22.400 33.200 0.800 0 175 0
22.400 33.200 1.200 0 175 0
22.400 33.200 1.600 0 175 0
22.400 33.200 2.000 0 175 0
22.400 33.200 2.400 0 175 0
22.400 33.200 2.800 0 175 0
22.400 33.600 0.400 0 175 0
22.400 33.600 0.800 0 175 0
22.400 33.600 1.200 0 175 0
22.400 33.600 1.600 0 175 0
22.400 33.600 2.000 0 175 0
22.400 33.600 2.400 0 175 0
22.400 33.600 2.800 0 175 0
22.400 34.000 0.400 0 175 0
22.400 34.000 1.200 0 175 0
22.400 34.000 1.600 0 175 0
22.400 34.000 2.000 0 175 0
22.400 34.000 2.400 0 175 0
22.400 34.400 0.400 0 175 0
22.400 34.400 0.800 0 175 0
22.400 34.400 1.200 0 175 0
22.400 34.400 1.600 0 175 0
22.400 34.400 2.400 0 175 0
22.400 34.800 0.800 0 175 0
22.400 34.800 1.200 0 175 0
22.400 34.800 1.600 0 175 0
22.400 35.200 0.800 150 240 80
22.400 35.200 1.200 0 175 0
22.400 35.600 0.800 0 175 0
22.400 35.600 1.200 0 175 0
22.800 0.400 3.200 0 175 0
22.800 5.200 3.200 0 175 0
22.800 5.600 2.800 0 175 0
22.800 6.000 2.800 0 175 0
22.800 6.000 3.200 0 175 0
22.800 6.400 1.200 0 175 0
22.800 6.400 1.600 0 175 0
22.800 6.400 2.000 0 175 0
22.800 6.400 2.800 0 175 0
22.800 6.800 1.200 0 175 0
22.800 6.800 1.600 0 175 0
22.800 6.800 2.000 0 175 0
22.800 6.800 2.400 0 175 0
22.800 6.800 2.800 0 175 0
22.800 8.000 0.800 150 240 80
22.800 8.800 0.800 150 240 80
22.800 11.200 0.800 0 175 0
22.800 13.600 1.600 0 175 0
22.800 13.600 2.000 0 175 0
22.800 13.600 2.400 0 175 0
22.800 14.000 1.600 0 175 0
22.800 14.000 2.000 0 175 0
22.800 14.000 2.400 0 175 0
22.800 14.400 2.000 0 175 0
22.800 14.400 2.400 0 175 0
22.800 14.400 2.800 0 175 0
22.800 14.800 1.200 0 175 0
22.800 14.800 1.600 0 175 0
22.800 14.800 2.000 0 175 0
22.800 15.200 0.800 0 175 0
22.800 15.200 1.200 0 175 0
22.800 15.200 1.600 0 175 0
22.800 15.200 2.000 0 175 0
22.800 15.200 2.400 0 175 0
22.800 15.600 0.800 0 175 0
22.800 15.600 1.200 0 175 0
22.800 15.600 1.600 0 175 0
22.800 15.600 2.000 0 175 0
22.800 15.600 2.400 0 175 0
22.800 15.600 2.800 0 175 0
22.800 16.000 1.200 0 175 0
22.800 16.000 1.600 0 175 0
22.800 16.000 2.000 0 175 0
22.800 16.000 2.400 0 175 0
22.800 16.000 2.800 0 175 0
22.800 16.400 0.800 0 175 0
22.800 16.400 1.200 0 175 0
22.800 16.400 1.600 0 175 0
22.800 16.400 2.000 0 175 0
22.800 16.400 2.400 0 175 0
22.800 16.400 2.800 0 175 0
22.800 16.800 0.800 75 0 75
22.800 16.800 1.600 0 175 0
22.800 16.800 2.400 0 175 0
22.800 16.800 2.800 0 175 0
22.800 17.200 1.600 0 175 0
22.800 19.200 0.800 150 240 80
22.800 19.200 1.200 0 175 0
22.800 19.600 0.800 150 240 80
22.800 19.600 1.200 0 175 0
22.800 19.600 1.600 0 175 0
22.800 19.600 2.000 0 175 0
22.800 19.600 2.400 0 175 0
22.800 19.600 2.800 0 175 0
22.800 19.600 3.200 0 175 0
22.800 19.600 3.600 0 175 0
22.800 20.000 1.200 0 175 0
22.800 20.000 1.600 0 175 0
22.800 20.400 0.400 75 0 75
22.800 20.400 0.800 0 175 0
22.800 20.400 1.200 0 175 0
22.800 20.400 1.600 0 175 0
22.800 20.800 0.400 75 0 75
22.800 20.800 0.800 75 0 75
22.800 20.800 1.200 0 175 0
22.800 20.800 3.600 0 175 0
22.800 21.200 0.400 75 0 75
22.800 21.200 3.200 0 175 0
22.800 21.200 4.000 0 175 0
22.800 21.600 0.400 75 0 75
22.800 22.000 0.400 75 0 75
22.800 22.400 0.400 75 0 75
22.800 22.800 0.400 75 0 75
22.800 23.200 0.400 255 0 255
22.800 23.600 0.400 255 0 255
22.800 23.600 0.800 255 40 200
22.800 23.600 1.200 255 40 200
22.800 23.600 1.600 255 40 200
22.800 23.600 2.000 255 40 200
22.800 24.000 0.400 255 0 255
22.800 24.000 1.200 100 150 245
22.800 24.400 0.400 255 0 255
22.800 24.800 0.400 255 0 255
22.800 25.200 0.400 255 0 255
22.800 25.600 0.400 255 0 255
22.800 26.000 0.400 255 0 255
22.800 26.400 0.400 255 0 255
22.800 26.800 0.400 255 0 255
22.800 27.200 0.400 255 0 255
22.800 27.600 0.400 255 0 255
22.800 28.000 0.400 255 0 255
22.800 28.400 0.400 255 0 255
22.800 28.800 0.400 255 0 255
22.800 29.200 0.400 150 240 80
22.800 29.200 0.800 150 240 80
22.800 29.200 2.400 0 175 0
22.800 29.600 1.200 0 175 0
22.800 29.600 1.600 0 175 0
22.800 29.600 2.000 0 175 0
22.800 29.600 2.400 0 175 0
22.800 29.600 2.800 0 175 0
22.800 30.000 0.800 0 175 0
22.800 30.000 1.200 0 175 0
22.800 30.000 1.600 0 175 0
22.800 30.000 2.000 0 175 0
22.800 30.000 2.400 0 175 0
22.800 30.000 2.800 0 175 0
22.800 30.000 3.200 0 175 0
22.800 30.400 0.800 0 175 0
22.800 30.400 1.200 0 175 0
22.800 30.400 1.600 0 175 0
22.800 30.400 2.000 0 175 0
22.800 30.400 2.400 0 175 0
22.800 30.400 2.800 0 175 0
22.800 30.800 0.800 0 175 0
22.800 30.800 1.200 0 175 0
22.800 30.800 1.600 0 175 0
22.800 30.800 2.000 0 175 0
22.800 30.800 2.400 0 175 0
22.800 30.800 2.800 0 175 0
22.800 31.200 0.800 0 175 0
22.800 31.200 1.200 0 175 0
22.800 31.200 2.000 0 175 0
22.800 31.600 2.000 0 175 0
22.800 32.000 0.800 0 175 0
22.800 32.000 1.600 0 175 0
22.800 32.000 2.000 0 175 0
22.800 32.000 2.800 0 175 0
22.800 32.400 0.800 0 175 0
22.800 32.400 1.200 0 175 0
22.800 32.400 1.600 0 175 0
22.800 32.400 2.000 0 175 0
22.800 32.400 2.800 0 175 0
22.800 32.800 0.400 0 175 0
22.800 32.800 0.800 0 175 0
22.800 32.800 1.200 0 175 0
22.800 32.800 1.600 0 175 0
22.800 32.800 2.000 0 175 0
22.800 32.800 2.400 0 175 0
22.800 32.800 2.800 0 175 0
22.800 33.200 0.400 0 175 0
22.800 33.200 0.800 0 175 0
22.800 33.200 1.200 0 175 0
22.800 33.200 1.600 0 175 0
22.800 33.200 2.000 0 175 0
22.800 33.200 2.400 0 175 0
22.800 33.200 2.800 0 175 0
22.800 33.600 0.400 0 175 0
22.800 33.600 0.800 0 175 0
22.800 33.600 1.200 0 175 0
22.800 33.600 1.600 0 175 0
22.800 33.600 2.000 0 175 0
22.800 33.600 2.400 0 175 0
22.800 34.000 0.400 0 175 0
22.800 34.000 0.800 0 175 0
22.800 34.000 1.200 0 175 0
22.800 34.000 2.000 0 175 0
22.800 34.000 2.400 0 175 0
22.800 34.400 0.400 0 175 0
22.800 34.400 0.800 0 175 0
22.800 34.800 0.800 0 175 0
22.800 34.800 1.600 0 175 0
23.200 0.400 3.200 0 175 0
23.200 6.000 2.800 0 175 0
23.200 6.400 1.200 0 175 0
23.200 6.400 1.600 0 175 0
23.200 6.400 2.000 0 175 0
23.200 6.400 2.800 0 175 0
23.200 6.800 1.200 0 175 0
23.200 6.800 1.600 0 175 0
23.200 6.800 2.000 0 175 0
23.200 6.800 2.400 0 175 0
23.200 6.800 2.800 0 175 0
23.200 7.200 1.200 150 240 80
23.200 7.600 1.200 150 240 80
23.200 8.000 1.200 150 240 80
23.200 8.000 1.600 0 175 0
23.200 8.400 1.200 0 175 0
23.200 8.800 0.800 150 240 80
23.200 8.800 1.200 0 175 0
23.200 9.200 1.200 0 175 0
23.200 9.600 2.800 0 175 0
23.200 10.000 1.600 0 175 0
23.200 10.000 2.800 0 175 0
23.200 10.000 3.200 0 175 0
23.200 10.400 2.400 0 175 0
23.200 10.800 1.600 0 175 0
23.200 12.800 1.600 0 175 0
23.200 12.800 2.000 0 175 0
23.200 12.800 2.400 0 175 0
23.200 12.800 2.800 0 175 0
23.200 13.200 1.600 0 175 0
23.200 13.200 2.000 0 175 0
23.200 13.200 2.400 0 175 0
23.200 13.200 2.800 0 175 0
23.200 14.000 1.600 0 175 0
23.200 14.400 1.600 0 175 0
23.200 14.400 2.000 0 175 0
23.200 14.400 2.400 0 175 0
23.200 14.800 0.800 0 175 0
23.200 14.800 1.200 0 175 0
23.200 14.800 1.600 0 175 0
23.200 14.800 2.000 0 175 0
23.200 14.800 2.400 0 175 0
23.200 14.800 2.800 0 175 0
23.200 15.200 0.800 0 175 0
23.200 15.200 1.200 0 175 0
23.200 15.200 1.600 0 175 0
23.200 15.200 2.000 0 175 0
23.200 15.200 2.400 0 175 0
23.200 15.200 2.800 0 175 0
23.200 15.600 0.800 0 175 0
23.200 15.600 1.200 0 175 0
23.200 15.600 1.600 0 175 0
23.200 15.600 2.000 0 175 0
23.200 15.600 2.400 0 175 0
23.200 15.600 2.800 0 175 0
23.200 16.000 1.600 0 175 0
23.200 16.000 2.000 0 175 0
23.200 16.000 2.400 0 175 0
23.200 16.000 2.800 0 175 0
23.200 16.400 0.800 75 0 75
23.200 16.400 2.000 0 175 0
23.200 16.400 2.400 0 175 0
23.200 16.400 2.800 0 175 0
23.200 18.400 0.800 150 240 80
23.200 19.200 0.800 150 240 80
23.200 19.200 1.200 0 175 0
23.200 19.600 1.600 0 175 0
23.200 19.600 2.000 0 175 0
23.200 19.600 2.400 0 175 0
23.200 20.000 1.200 0 175 0
23.200 20.000 1.600 0 175 0
23.200 20.000 2.400 0 175 0
23.200 20.400 0.400 75 0 75
23.200 20.400 0.800 0 175 0
23.200 20.400 1.200 0 175 0
23.200 20.400 1.600 0 175 0
23.200 20.800 0.400 75 0 75
23.200 20.800 1.200 0 175 0
23.200 20.800 3.200 0 175 0
23.200 20.800 3.600 0 175 0
23.200 21.200 0.400 75 0 75
23.200 21.200 3.200 0 175 0
23.200 21.200 4.000 0 175 0
23.200 21.600 0.400 75 0 75
23.200 22.000 0.400 75 0 75
23.200 22.400 0.400 75 0 75
23.200 22.800 0.400 75 0 75
23.200 23.200 0.400 255 0 255
23.200 23.600 0.400 255 0 255
23.200 23.600 0.800 255 40 200
23.200 23.600 1.200 255 40 200
23.200 23.600 1.600 255 40 200
23.200 23.600 2.000 255 40 200
23.200 24.000 0.400 255 0 255
23.200 24.000 1.200 100 150 245
23.200 24.400 0.400 255 0 255
23.200 24.400 0.800 100 150 245
23.200 24.800 0.400 255 0 255
23.200 24.800 0.800 100 150 245
23.200 24.800 1.200 100 150 245
23.200 25.200 0.400 255 0 255
23.200 25.200 0.800 100 150 245
23.200 25.200 1.200 100 150 245
23.200 25.600 0.400 255 0 255
23.200 25.600 0.800 100 150 245
23.200 26.000 0.400 255 0 255
23.200 26.400 0.400 255 0 255
23.200 26.800 0.400 255 0 255
23.200 27.200 0.400 255 0 255
23.200 27.600 0.400 255 0 255
23.200 28.000 0.400 255 0 255
23.200 28.400 0.400 255 0 255
23.200 28.800 0.400 255 0 255
23.200 29.200 0.400 150 240 80
23.200 29.600 1.200 0 175 0
23.200 29.600 1.600 0 175 0
23.200 29.600 2.400 0 175 0
23.200 30.000 0.800 150 240 80
23.200 30.000 1.600 0 175 0
23.200 30.000 2.000 0 175 0
23.200 30.000 2.400 0 175 0
23.200 30.000 2.800 0 175 0
23.200 30.400 0.800 150 240 80
23.200 30.400 1.200 0 175 0
23.200 30.400 1.600 0 175 0
23.200 30.400 2.000 0 175 0
23.200 30.400 2.400 0 175 0
23.200 30.800 0.800 0 175 0
23.200 30.800 1.600 0 175 0
23.200 30.800 2.000 0 175 0
23.200 30.800 2.400 0 175 0
23.200 31.200 0.800 0 175 0
23.200 31.200 1.200 0 175 0
23.200 31.600 0.800 0 175 0
23.200 31.600 1.200 0 175 0
23.200 31.600 2.000 0 175 0
23.200 32.000 0.800 0 175 0
23.200 32.000 2.800 0 175 0
23.200 32.400 0.400 0 175 0
23.200 32.400 0.800 0 175 0
23.200 32.400 1.200 0 175 0
23.200 32.400 1.600 0 175 0
23.200 32.400 2.000 0 175 0
23.200 32.400 2.400 0 175 0
23.200 32.400 2.800 0 175 0
23.200 32.800 0.800 0 175 0
23.200 32.800 1.200 0 175 0
23.200 32.800 1.600 0 175 0
23.200 32.800 2.000 0 175 0
23.200 32.800 2.400 0 175 0
23.200 32.800 2.800 0 175 0
23.200 33.200 0.400 0 175 0
23.200 33.200 0.800 0 175 0
23.200 33.200 1.200 0 175 0
23.200 33.200 1.600 0 175 0
23.200 33.200 2.000 0 175 0
23.200 33.200 2.400 0 175 0
23.200 33.200 2.800 0 175 0
23.200 33.600 0.400 0 175 0
23.200 33.600 0.800 0 175 0
23.200 33.600 1.200 0 175 0
23.200 33.600 1.600 0 175 0
23.200 33.600 2.000 0 175 0
23.200 33.600 2.400 0 175 0
23.200 33.600 2.800 0 175 0
23.200 34.000 0.400 0 175 0
23.200 34.000 0.800 0 175 0
23.200 34.000 1.600 0 175 0
23.200 34.000 2.000 0 175 0
23.200 34.400 0.400 0 175 0
23.200 34.800 0.400 150 240 80
23.200 34.800 0.800 0 175 0
23.200 34.800 1.600 0 175 0
23.200 35.200 2.000 0 175 0
23.600 0.000 3.200 0 175 0
23.600 4.800 3.200 0 175 0
23.600 5.600 3.200 0 175 0
23.600 6.000 1.200 0 175 0
23.600 6.400 1.200 0 175 0
23.600 6.400 2.800 0 175 0
23.600 6.800 1.200 0 175 0
23.600 6.800 1.600 0 175 0
23.600 6.800 2.000 0 175 0
23.600 6.800 2.400 0 175 0
23.600 6.800 2.800 0 175 0
23.600 7.200 1.200 150 240 80
23.600 7.200 2.000 0 175 0
23.600 7.600 1.600 0 175 0
23.600 8.000 1.200 150 240 80
23.600 8.000 1.600 0 175 0
23.600 8.400 1.600 0 175 0
23.600 9.200 2.800 0 175 0
23.600 9.600 1.200 0 175 0
23.600 10.000 1.200 0 175 0
23.600 10.000 2.000 0 175 0
23.600 10.000 2.400 0 175 0
23.600 10.400 1.200 0 175 0
23.600 10.400 1.600 0 175 0
23.600 10.400 2.000 0 175 0
23.600 10.400 2.400 0 175 0
23.600 10.400 2.800 0 175 0
23.600 10.800 1.200 0 175 0
23.600 10.800 1.600 0 175 0
23.600 10.800 2.000 0 175 0
23.600 10.800 2.400 0 175 0
23.600 12.000 2.000 0 175 0
23.600 12.000 2.400 0 175 0
23.600 12.000 2.800 0 175 0
23.600 12.400 1.200 0 175 0
23.600 12.400 1.600 0 175 0
23.600 12.400 2.000 0 175 0
23.600 12.400 2.400 0 175 0
23.600 12.400 2.800 0 175 0
23.600 12.800 2.800 0 175 0
23.600 13.200 2.000 0 175 0
23.600 13.200 2.400 0 175 0
23.600 13.200 2.800 0 175 0
23.600 13.600 1.200 0 175 0
23.600 13.600 1.600 0 175 0
23.600 13.600 2.000 0 175 0
23.600 13.600 2.400 0 175 0
23.600 13.600 2.800 0 175 0
23.600 14.000 0.800 0 175 0
23.600 14.000 1.600 0 175 0
23.600 14.000 2.000 0 175 0
23.600 14.000 2.400 0 175 0
23.600 14.400 0.800 0 175 0
23.600 14.400 1.600 0 175 0
23.600 14.400 2.000 0 175 0
23.600 14.400 2.400 0 175 0
23.600 14.400 2.800 0 175 0
23.600 14.800 0.800 0 175 0
23.600 14.800 1.200 0 175 0
23.600 14.800 2.000 0 175 0
23.600 14.800 2.400 0 175 0
23.600 15.200 0.800 0 175 0
23.600 15.200 1.200 0 175 0
23.600 15.200 1.600 0 175 0
23.600 15.200 2.000 0 175 0
23.600 15.200 2.400 0 175 0
23.600 15.200 2.800 0 175 0
23.600 15.600 1.600 0 175 0
23.600 15.600 2.000 0 175 0
23.600 15.600 2.400 0 175 0
23.600 15.600 2.800 0 175 0
23.600 16.000 2.400 0 175 0
23.600 16.000 2.800 0 175 0
23.600 16.400 2.400 0 175 0
23.600 19.600 1.600 150 240 80
23.600 19.600 2.000 0 175 0
23.600 19.600 2.400 0 175 0
23.600 20.000 1.600 0 175 0
23.600 20.000 2.000 0 175 0
23.600 20.000 2.400 0 175 0
23.600 20.000 2.800 0 175 0
23.600 20.400 0.400 75 0 75
23.600 20.400 0.800 0 175 0
23.600 20.400 1.200 0 175 0
23.600 20.400 1.600 0 175 0
23.600 20.400 2.400 0 175 0
23.600 20.800 0.400 75 0 75
23.600 20.800 1.200 0 175 0
23.600 20.800 3.200 0 175 0
23.600 21.200 0.400 75 0 75
23.600 21.200 3.600 0 175 0
23.600 21.600 0.400 75 0 75
23.600 22.000 0.400 75 0 75
23.600 22.400 0.400 75 0 75
23.600 22.800 0.400 75 0 75
23.600 23.200 0.400 255 0 255
23.600 23.600 0.400 255 0 255
23.600 23.600 0.800 255 40 200
23.600 23.600 1.200 255 40 200
23.600 23.600 1.600 255 40 200
23.600 23.600 2.000 255 40 200
23.600 24.000 0.400 255 0 255
23.600 24.400 0.400 255 0 255
23.600 24.800 0.400 255 0 255
23.600 25.200 0.400 255 0 255
23.600 25.600 0.400 255 0 255
23.600 25.600 1.200 100 150 245
23.600 25.600 1.600 100 150 245
23.600 26.000 0.400 255 0 255
23.600 26.400 0.400 255 0 255
23.600 26.800 0.400 255 0 255
23.600 27.200 0.400 255 0 255
23.600 27.600 0.400 255 0 255
23.600 28.000 0.400 255 0 255
23.600 28.400 0.400 255 0 255
23.600 28.800 0.400 255 0 255
23.600 29.200 0.400 150 240 80
23.600 30.400 0.800 150 240 80
23.600 30.800 0.800 0 175 0
23.600 31.200 0.800 0 175 0
23.600 31.600 0.800 0 175 0
23.600 32.000 0.800 0 175 0
23.600 32.000 1.600 0 175 0
23.600 32.000 2.400 0 175 0
23.600 32.400 0.800 0 175 0
23.600 32.400 1.200 0 175 0
23.600 32.400 1.600 0 175 0
23.600 32.400 2.000 0 175 0
23.600 32.400 2.400 0 175 0
23.600 32.400 2.800 0 175 0
23.600 32.800 0.400 0 175 0
23.600 32.800 0.800 0 175 0
23.600 32.800 1.200 0 175 0
23.600 32.800 1.600 0 175 0
23.600 32.800 2.000 0 175 0
23.600 32.800 2.400 0 175 0
23.600 32.800 2.800 0 175 0
23.600 33.200 0.400 0 175 0
23.600 33.200 0.800 0 175 0
23.600 33.200 1.200 0 175 0
23.600 33.200 1.600 0 175 0
23.600 33.200 2.000 0 175 0
23.600 33.200 2.400 0 175 0
23.600 33.200 2.800 0 175 0
23.600 33.600 0.400 0 175 0
23.600 33.600 0.800 0 175 0
23.600 33.600 1.200 0 175 0
23.600 33.600 2.000 0 175 0
23.600 33.600 2.400 0 175 0
23.600 33.600 2.800 0 175 0
23.600 34.000 0.400 150 240 80
23.600 34.000 0.800 0 175 0
23.600 34.000 1.600 0 175 0
23.600 34.000 2.000 0 175 0
23.600 34.400 0.000 0 175 0
23.600 34.400 0.400 0 175 0
23.600 34.800 0.400 150 240 80
23.600 34.800 1.600 0 175 0
24.000 0.400 3.200 0 175 0
24.000 0.800 3.200 0 175 0
24.000 1.200 3.200 0 175 0
24.000 1.600 3.200 0 175 0
24.000 2.000 3.200 0 175 0
24.000 6.800 1.600 0 175 0
24.000 6.800 2.000 0 175 0
24.000 6.800 2.400 0 175 0
24.000 6.800 2.800 0 175 0
24.000 7.200 1.200 0 175 0
24.000 7.200 1.600 0 175 0
24.000 7.200 2.000 0 175 0
24.000 7.200 2.400 0 175 0
24.000 7.200 2.800 0 175 0
24.000 7.600 2.400 0 175 0
24.000 7.600 2.800 0 175 0
24.000 9.600 3.600 0 175 0
24.000 10.000 1.200 0 175 0
24.000 10.000 2.400 0 175 0
24.000 10.000 2.800 0 175 0
24.000 10.000 3.600 0 175 0
24.000 10.400 0.800 0 175 0
24.000 10.400 1.200 0 175 0
24.000 10.400 1.600 0 175 0
24.000 10.800 2.400 0 175 0
24.000 10.800 2.800 0 175 0
24.000 11.200 2.800 0 175 0
24.000 11.200 4.000 0 175 0
24.000 11.600 1.200 0 175 0
24.000 11.600 1.600 0 175 0
24.000 11.600 2.000 0 175 0
24.000 11.600 2.400 0 175 0
24.000 11.600 2.800 0 175 0
24.000 11.600 3.600 0 175 0
24.000 12.000 1.200 0 175 0
24.000 12.000 1.600 0 175 0
24.000 12.000 2.400 0 175 0
24.000 12.000 2.800 0 175 0
24.000 12.000 3.200 0 175 0
24.000 12.400 2.800 0 175 0
24.000 12.800 2.800 0 175 0
24.000 13.200 1.200 0 175 0
24.000 13.200 1.600 0 175 0
24.000 13.200 2.000 0 175 0
24.000 13.200 2.400 0 175 0
24.000 13.200 2.800 0 175 0
24.000 13.600 1.600 0 175 0
24.000 13.600 2.000 0 175 0
24.000 13.600 2.400 0 175 0
24.000 13.600 2.800 0 175 0
24.000 14.000 1.200 0 175 0
24.000 14.000 2.000 0 175 0
24.000 14.000 2.400 0 175 0
24.000 14.400 0.800 0 175 0
24.000 14.400 1.600 0 175 0
24.000 14.400 2.400 0 175 0
24.000 14.800 0.800 75 0 75
24.000 14.800 1.200 0 175 0
24.000 16.400 2.800 0 175 0
24.000 16.800 0.800 150 240 80
24.000 17.200 0.800 150 240 80
24.000 19.600 1.600 150 240 80
24.000 19.600 2.000 0 175 0
24.000 20.000 1.200 0 175 0
24.000 20.000 1.600 0 175 0
24.000 20.000 2.000 0 175 0
24.000 20.400 0.800 0 175 0
24.000 20.400 1.200 0 175 0
24.000 20.400 1.600 0 175 0
24.000 20.400 2.800 0 175 0
24.000 20.400 3.200 0 175 0
24.000 20.800 0.400 75 0 75
24.000 20.800 0.800 75 0 75
24.000 20.800 3.600 0 175 0
24.000 21.200 0.400 75 0 75
24.000 21.600 0.400 75 0 75
24.000 22.000 0.400 75 0 75
24.000 22.400 0.400 75 0 75
24.000 22.800 0.400 75 0 75
24.000 23.200 0.400 255 0 255
24.000 23.600 0.400 255 0 255
24.000 23.600 0.800 255 40 200
24.000 23.600 1.200 255 40 200
24.000 23.600 1.600 255 40 200
24.000 23.600 2.000 255 40 200
24.000 24.000 0.400 255 0 255
24.000 24.400 0.400 255 0 255
24.000 24.400 0.800 100 150 245
24.000 24.800 0.400 255 0 255
24.000 24.800 0.800 100 150 245
24.000 25.200 0.400 255 0 255
24.000 25.200 0.800 100 150 245
24.000 25.600 0.400 255 0 255
24.000 25.600 0.800 100 150 245
24.000 26.000 0.400 255 0 255
24.000 26.400 0.400 255 0 255
24.000 26.800 0.400 255 0 255
24.000 27.200 0.400 255 0 255
24.000 27.600 0.400 255 0 255
24.000 28.000 0.400 255 0 255
24.000 28.400 0.400 255 0 255
24.000 28.800 0.400 255 0 255
24.000 29.600 0.800 150 240 80
24.000 30.000 0.800 150 240 80
24.000 30.400 0.800 150 240 80
24.000 30.800 0.800 0 175 0
24.000 31.200 0.800 0 175 0
24.000 31.600 0.800 0 175 0
24.000 32.000 0.800 0 175 0
24.000 32.000 1.600 0 175 0
24.000 32.400 0.800 0 175 0
24.000 32.400 1.200 0 175 0
24.000 32.400 1.600 0 175 0
24.000 32.400 2.000 0 175 0
24.000 32.400 2.400 0 175 0
24.000 32.400 2.800 0 175 0
24.000 32.800 0.400 0 175 0
24.000 32.800 0.800 0 175 0
24.000 32.800 1.200 0 175 0
24.000 32.800 1.600 0 175 0
24.000 32.800 2.000 0 175 0
24.000 32.800 2.400 0 175 0
24.000 32.800 2.800 0 175 0
24.000 33.200 0.400 0 175 0
24.000 33.200 0.800 0 175 0
24.000 33.200 1.200 0 175 0
24.000 33.200 1.600 0 175 0
24.000 33.200 2.000 0 175 0
24.000 33.200 2.400 0 175 0
24.000 33.200 2.800 0 175 0
24.000 33.600 0.400 0 175 0
24.000 33.600 0.800 0 175 0
24.000 33.600 2.800 0 175 0
24.000 34.000 0.400 0 175 0
24.000 34.000 0.800 0 175 0
24.000 34.400 0.400 0 175 0
24.000 34.400 0.800 0 175 0
24.000 34.800 0.800 0 175 0
24.400 0.000 3.200 0 175 0
24.400 0.800 3.200 0 175 0
24.400 2.000 3.200 0 175 0
24.400 6.000 2.800 0 175 0
24.400 6.400 2.800 0 175 0
24.400 6.800 2.800 0 175 0
24.400 7.200 1.200 0 175 0
24.400 7.200 1.600 0 175 0
24.400 7.200 2.000 0 175 0
24.400 7.200 2.400 0 175 0
24.400 7.200 2.800 0 175 0
24.400 7.600 2.400 0 175 0
24.400 7.600 2.800 0 175 0
24.400 8.400 2.000 0 175 0
24.400 8.400 2.400 0 175 0
24.400 8.800 2.000 0 175 0
24.400 8.800 2.400 0 175 0
24.400 9.200 0.800 0 175 0
24.400 9.200 2.800 0 175 0
24.400 9.600 0.800 0 175 0
24.400 9.600 1.200 0 175 0
24.400 9.600 2.000 0 175 0
24.400 9.600 2.400 0 175 0
24.400 9.600 2.800 0 175 0
24.400 9.600 3.200 0 175 0
24.400 10.000 1.200 0 175 0
24.400 10.000 1.600 0 175 0
24.400 10.000 2.400 0 175 0
24.400 10.000 2.800 0 175 0
24.400 10.800 2.400 0 175 0
24.400 10.800 2.800 0 175 0
24.400 11.200 1.200 0 175 0
24.400 11.200 1.600 0 175 0
24.400 11.200 2.000 0 175 0
24.400 11.200 2.400 0 175 0
24.400 11.200 2.800 0 175 0
24.400 11.600 2.800 0 175 0
24.400 11.600 3.200 0 175 0
24.400 11.600 3.600 0 175 0
24.400 12.000 3.200 0 175 0
24.400 12.400 2.800 0 175 0
24.400 12.400 3.200 0 175 0
24.400 12.400 3.600 0 175 0
24.400 12.800 1.600 0 175 0
24.400 12.800 2.400 0 175 0
24.400 12.800 2.800 0 175 0
24.400 13.200 1.200 0 175 0
24.400 13.200 1.600 0 175 0
24.400 13.200 2.000 0 175 0
24.400 13.200 2.400 0 175 0
24.400 13.200 2.800 0 175 0
24.400 13.200 3.200 0 175 0
24.400 13.600 0.800 0 175 0
24.400 13.600 1.200 0 175 0
24.400 13.600 1.600 0 175 0
24.400 13.600 2.000 0 175 0
24.400 13.600 2.400 0 175 0
24.400 13.600 2.800 0 175 0
24.400 14.000 0.800 75 0 75
24.400 15.600 0.800 75 0 75
24.400 15.600 2.800 0 175 0
24.400 16.000 0.800 75 0 75
24.400 16.000 2.400 0 175 0
24.400 16.400 0.800 150 240 80
24.400 16.400 2.800 0 175 0
24.400 16.800 1.200 0 175 0
24.400 16.800 1.600 0 175 0
24.400 16.800 2.800 0 175 0
24.400 17.200 0.800 150 240 80
24.400 17.200 1.200 0 175 0
24.400 19.600 1.600 150 240 80
24.400 19.600 2.000 0 175 0
24.400 20.000 1.200 0 175 0
24.400 20.000 1.600 0 175 0
24.400 20.000 2.000 0 175 0
24.400 20.400 0.400 75 0 75
24.400 20.400 0.800 0 175 0
24.400 20.400 1.200 0 175 0
24.400 20.400 1.600 0 175 0
24.400 20.400 2.000 0 175 0
24.400 20.800 0.400 75 0 75
24.400 20.800 3.200 0 175 0
24.400 20.800 3.600 0 175 0
24.400 20.800 4.000 0 175 0
24.400 21.200 0.400 75 0 75
24.400 21.200 3.600 0 175 0
24.400 21.200 4.000 0 175 0
24.400 21.600 0.400 75 0 75
24.400 21.600 3.600 0 175 0
24.400 21.600 4.000 0 175 0
24.400 22.000 0.400 75 0 75
24.400 22.400 0.400 75 0 75
24.400 22.800 0.400 75 0 75
24.400 23.200 0.400 255 0 255
24.400 23.200 1.200 255 40 200
24.400 23.600 0.400 255 0 255
24.400 23.600 0.800 255 40 200
24.400 23.600 1.200 255 40 200
24.400 23.600 1.600 255 40 200
24.400 23.600 2.000 255 40 200
24.400 24.000 0.400 255 0 255
24.400 24.400 0.400 255 0 255
24.400 24.800 0.400 255 0 255
24.400 25.200 0.400 255 0 255
24.400 25.600 0.400 255 0 255
24.400 25.600 1.200 100 150 245
24.400 26.000 0.400 255 0 255
24.400 26.400 0.400 255 0 255
24.400 26.800 0.400 255 0 255
24.400 27.200 0.400 255 0 255
24.400 27.600 0.400 255 0 255
24.400 28.000 0.400 255 0 255
24.400 28.400 0.400 255 0 255
24.400 28.800 0.400 255 0 255
24.400 29.600 0.800 150 240 80
24.400 30.000 0.800 150 240 80
24.400 30.400 0.800 150 240 80
24.400 30.800 0.800 0 175 0
24.400 31.200 0.800 0 175 0
24.400 31.600 0.800 0 175 0
24.400 31.600 1.600 0 175 0
24.400 32.000 0.800 0 175 0
24.400 32.000 1.200 0 175 0
24.400 32.000 1.600 0 175 0
24.400 32.400 0.800 0 175 0
24.400 32.400 1.200 0 175 0
24.400 32.400 1.600 0 175 0
24.400 32.400 2.000 0 175 0
24.400 32.400 2.400 0 175 0
24.400 32.400 2.800 0 175 0
24.400 32.800 0.800 0 175 0
24.400 32.800 1.200 0 175 0
24.400 32.800 1.600 0 175 0
24.400 32.800 2.000 0 175 0
24.400 32.800 2.400 0 175 0
24.400 32.800 2.800 0 175 0
24.400 33.200 0.400 0 175 0
24.400 33.200 0.800 0 175 0
24.400 33.200 2.000 0 175 0
24.400 33.200 2.400 0 175 0
24.400 33.600 0.400 0 175 0
24.400 33.600 0.800 0 175 0
24.400 34.000 0.400 0 175 0
24.400 34.000 0.800 0 175 0
24.400 34.400 0.400 0 175 0
24.400 34.400 0.800 0 175 0
24.400 34.800 0.000 150 240 80
24.800 0.000 3.200 0 175 0
24.800 0.000 3.600 0 175 0
24.800 2.000 3.200 0 175 0
24.800 6.000 2.800 0 175 0
24.800 6.800 2.800 0 175 0
24.800 7.200 0.800 150 240 80
24.800 7.200 1.200 0 175 0
24.800 7.200 1.600 0 175 0
24.800 7.200 2.000 0 175 0
24.800 7.200 2.400 0 175 0
24.800 7.200 2.800 0 175 0
24.800 7.600 0.800 150 240 80
24.800 7.600 1.200 0 175 0
24.800 7.600 1.600 0 175 0
24.800 7.600 2.000 0 175 0
24.800 7.600 2.400 0 175 0
24.800 7.600 2.800 0 175 0
24.800 8.000 0.800 0 175 0
24.800 8.000 1.600 0 175 0
24.800 8.000 2.000 0 175 0
24.800 8.000 2.400 0 175 0
24.800 8.000 2.800 0 175 0
24.800 8.400 1.200 0 175 0
24.800 8.400 1.600 0 175 0
24.800 8.400 2.000 0 175 0
24.800 8.400 2.400 0 175 0
24.800 8.400 2.800 0 175 0
24.800 8.800 1.600 0 175 0
24.800 8.800 2.000 0 175 0
24.800 8.800 2.400 0 175 0
24.800 8.800 2.800 0 175 0
24.800 9.200 1.600 0 175 0
24.800 9.200 2.000 0 175 0
24.800 9.600 2.000 0 175 0
24.800 9.600 2.800 0 175 0
24.800 9.600 3.200 0 175 0
24.800 10.000 0.800 0 175 0
24.800 10.000 1.200 0 175 0
24.800 10.000 1.600 0 175 0
24.800 10.000 2.000 0 175 0
24.800 10.000 2.400 0 175 0
24.800 10.400 0.800 0 175 0
24.800 10.400 1.200 0 175 0
24.800 10.400 1.600 0 175 0
24.800 10.400 2.000 0 175 0
24.800 10.400 2.400 0 175 0
24.800 10.400 3.200 0 175 0
24.800 10.400 3.600 0 175 0
24.800 10.800 1.200 0 175 0
24.800 10.800 1.600 0 175 0
24.800 10.800 2.000 0 175 0
24.800 10.800 2.400 0 175 0
24.800 11.200 1.600 0 175 0
24.800 11.200 2.800 0 175 0
24.800 11.200 4.000 0 175 0
24.800 11.600 2.800 0 175 0
24.800 11.600 3.200 0 175 0
24.800 11.600 4.000 0 175 0
24.800 12.000 1.200 0 175 0
24.800 12.000 1.600 0 175 0
24.800 12.400 1.200 0 175 0
24.800 12.400 1.600 0 175 0
24.800 12.400 2.400 0 175 0
24.800 12.800 1.600 0 175 0
24.800 12.800 2.000 0 175 0
24.800 12.800 2.400 0 175 0
24.800 13.200 0.800 75 0 75
24.800 13.200 1.600 0 175 0
24.800 13.200 2.000 0 175 0
24.800 13.200 2.400 0 175 0
24.800 13.600 0.800 75 0 75
24.800 14.800 0.800 75 0 75
24.800 14.800 2.800 0 175 0
24.800 15.200 0.800 75 0 75
24.800 15.200 2.000 0 175 0
24.800 15.200 2.400 0 175 0
24.800 15.200 2.800 0 175 0
24.800 15.600 0.800 150 240 80
24.800 15.600 2.000 0 175 0
24.800 15.600 2.400 0 175 0
24.800 15.600 2.800 0 175 0
24.800 16.000 0.800 150 240 80
24.800 16.000 1.200 0 175 0
24.800 16.000 1.600 0 175 0
24.800 16.000 2.000 0 175 0
24.800 16.000 2.400 0 175 0
24.800 16.000 2.800 0 175 0
24.800 16.400 1.600 0 175 0
24.800 16.400 2.000 0 175 0
24.800 16.400 2.400 0 175 0
24.800 16.400 2.800 0 175 0
24.800 16.800 1.600 150 240 80
24.800 16.800 2.000 0 175 0
24.800 16.800 2.400 0 175 0
24.800 16.800 2.800 0 175 0
24.800 17.200 1.200 0 175 0
24.800 17.200 1.600 150 240 80
24.800 17.600 1.200 150 240 80
24.800 19.200 1.600 150 240 80
24.800 19.600 1.200 150 240 80
24.800 19.600 1.600 0 175 0
24.800 19.600 2.000 0 175 0
24.800 20.000 1.200 150 240 80
24.800 20.000 1.600 0 175 0
24.800 20.000 2.000 0 175 0
24.800 20.400 0.400 75 0 75
24.800 20.400 0.800 0 175 0
24.800 20.400 1.200 0 175 0
24.800 20.400 1.600 0 175 0
24.800 20.400 2.000 0 175 0
24.800 20.800 0.400 75 0 75
24.800 20.800 3.200 0 175 0
24.800 20.800 3.600 0 175 0
24.800 20.800 4.000 0 175 0
24.800 21.200 0.400 75 0 75
24.800 21.200 3.600 0 175 0
24.800 21.600 0.400 75 0 75
24.800 22.000 0.400 75 0 75
24.800 22.400 0.400 75 0 75
24.800 22.800 0.400 75 0 75
24.800 23.200 0.400 255 0 255
24.800 23.200 1.200 255 40 200
24.800 23.600 0.400 255 0 255
24.800 23.600 0.800 255 40 200
24.800 23.600 1.200 255 40 200
24.800 23.600 1.600 255 40 200
24.800 23.600 2.000 255 40 200
24.800 24.000 0.400 255 0 255
24.800 24.000 1.200 100 150 245
24.800 24.400 0.400 255 0 255
24.800 24.400 2.000 100 150 245
24.800 24.800 0.400 255 0 255
24.800 25.200 0.400 255 0 255
24.800 25.200 1.200 100 150 245
24.800 25.200 1.600 100 150 245
24.800 25.200 2.000 100 150 245
24.800 25.600 0.400 255 0 255
24.800 25.600 0.800 100 150 245
24.800 26.000 0.400 255 0 255
24.800 26.400 0.400 255 0 255
24.800 26.800 0.400 255 0 255
24.800 27.200 0.400 255 0 255
24.800 27.600 0.400 255 0 255
24.800 28.000 0.400 255 0 255
24.800 28.400 0.400 255 0 255
24.800 28.800 0.400 255 0 255
24.800 29.600 0.800 150 240 80
24.800 30.000 0.800 150 240 80
24.800 30.400 0.800 150 240 80
24.800 30.800 0.800 0 175 0
24.800 31.200 0.800 0 175 0
24.800 31.200 1.200 0 175 0
24.800 31.600 0.800 0 175 0
24.800 31.600 1.200 0 175 0
24.800 31.600 1.600 0 175 0
24.800 32.000 0.800 0 175 0
24.800 32.000 1.200 0 175 0
24.800 32.000 1.600 0 175 0
24.800 32.000 2.400 0 175 0
24.800 32.400 0.800 0 175 0
24.800 32.400 1.200 0 175 0
24.800 32.400 1.600 0 175 0
24.800 32.400 2.000 0 175 0
24.800 32.400 2.400 0 175 0
24.800 32.400 2.800 0 175 0
24.800 32.800 0.400 0 175 0
24.800 32.800 0.800 0 175 0
24.800 32.800 1.200 0 175 0
24.800 32.800 1.600 0 175 0
24.800 32.800 2.000 0 175 0
24.800 32.800 2.400 0 175 0
24.800 32.800 2.800 0 175 0
24.800 33.200 0.400 0 175 0
24.800 33.200 0.800 0 175 0
24.800 33.200 1.200 0 175 0
24.800 33.200 1.600 0 175 0
24.800 33.600 0.400 0 175 0
24.800 33.600 0.800 0 175 0
24.800 33.600 1.200 0 175 0
24.800 34.000 0.400 0 175 0
24.800 34.000 0.800 0 175 0
25.200 1.600 3.200 0 175 0
25.200 2.000 3.200 0 175 0
25.200 2.400 3.200 0 175 0
25.200 6.400 2.800 0 175 0
25.200 6.800 2.800 0 175 0
25.200 7.200 0.800 0 175 0
25.200 7.200 1.200 0 175 0
25.200 7.200 1.600 0 175 0
25.200 7.200 2.000 0 175 0
25.200 7.200 2.400 0 175 0
25.200 7.200 2.800 0 175 0
25.200 7.600 0.800 0 175 0
25.200 7.600 1.200 0 175 0
25.200 7.600 1.600 0 175 0
25.200 7.600 2.000 0 175 0
25.200 7.600 2.400 0 175 0
25.200 7.600 2.800 0 175 0
25.200 8.000 1.600 0 175 0
25.200 8.000 2.800 0 175 0
25.200 8.400 0.800 0 175 0
25.200 8.400 2.800 0 175 0
25.200 8.800 2.000 0 175 0
25.200 8.800 2.400 0 175 0
25.200 8.800 2.800 0 175 0
25.200 9.200 1.600 0 175 0
25.200 9.200 2.800 0 175 0
25.200 9.600 0.800 0 175 0
25.200 9.600 1.200 0 175 0
25.200 9.600 2.400 0 175 0
25.200 10.000 1.200 0 175 0
25.200 10.000 1.600 0 175 0
25.200 10.000 2.000 0 175 0
25.200 10.000 2.400 0 175 0
25.200 10.400 2.000 0 175 0
25.200 10.800 4.000 0 175 0
25.200 11.200 1.200 0 175 0
25.200 11.200 2.800 0 175 0
25.200 11.200 3.200 0 175 0
25.200 11.200 3.600 0 175 0
25.200 11.600 1.200 0 175 0
25.200 11.600 1.600 0 175 0
25.200 11.600 2.800 0 175 0
25.200 11.600 3.200 0 175 0
25.200 11.600 3.600 0 175 0
25.200 11.600 4.000 0 175 0
25.200 12.000 1.200 0 175 0
25.200 12.000 1.600 0 175 0
25.200 12.000 2.000 0 175 0
25.200 12.000 2.400 0 175 0
25.200 12.400 0.800 0 175 0
25.200 12.400 1.200 0 175 0
25.200 12.400 1.600 0 175 0
25.200 12.400 2.000 0 175 0
25.200 12.400 2.400 0 175 0
25.200 12.800 0.800 75 0 75
25.200 12.800 2.000 0 175 0
25.200 14.400 0.800 75 0 75
25.200 14.800 0.800 75 0 75
25.200 14.800 2.800 0 175 0
25.200 15.200 2.000 0 175 0
25.200 15.200 2.400 0 175 0
25.200 15.200 2.800 0 175 0
25.200 15.600 1.200 0 175 0
25.200 15.600 1.600 0 175 0
25.200 15.600 2.000 0 175 0
25.200 15.600 2.400 0 175 0
25.200 15.600 2.800 0 175 0
25.200 16.000 1.200 150 240 80
25.200 16.000 1.600 0 175 0
25.200 16.000 2.000 0 175 0
25.200 16.000 2.400 0 175 0
25.200 16.000 2.800 0 175 0
25.200 16.400 1.600 150 240 80
25.200 16.400 2.000 0 175 0
25.200 16.400 2.400 0 175 0
25.200 16.400 2.800 0 175 0
25.200 16.800 2.000 0 175 0
25.200 16.800 2.800 0 175 0
25.200 17.200 1.200 150 240 80
25.200 17.200 1.600 0 175 0
25.200 17.200 2.800 0 175 0
25.200 17.600 1.200 150 240 80
25.200 19.200 2.000 0 175 0
25.200 19.600 1.600 150 240 80
25.200 19.600 2.000 0 175 0
25.200 20.000 1.600 0 175 0
25.200 20.000 2.000 0 175 0
25.200 20.400 0.800 0 175 0
25.200 20.400 1.200 0 175 0
25.200 20.400 1.600 0 175 0
25.200 20.400 2.000 0 175 0
25.200 20.400 3.600 0 175 0
25.200 20.800 0.400 75 0 75
25.200 20.800 3.600 0 175 0
25.200 20.800 4.000 0 175 0
25.200 21.200 0.400 75 0 75
25.200 21.600 0.400 75 0 75
25.200 22.000 0.400 75 0 75
25.200 22.400 0.400 75 0 75
25.200 22.800 0.400 75 0 75
25.200 23.200 0.400 255 0 255
25.200 23.200 1.200 255 40 200
25.200 23.600 0.400 255 0 255
25.200 23.600 0.800 255 40 200
25.200 23.600 1.200 255 40 200
25.200 23.600 1.600 255 40 200
25.200 23.600 2.000 255 40 200
25.200 24.000 0.400 255 0 255
25.200 24.400 0.400 255 0 255
25.200 24.800 0.400 255 0 255
25.200 25.200 0.400 255 0 255
25.200 25.600 0.400 255 0 255
25.200 25.600 0.800 100 150 245
25.200 26.000 0.400 255 0 255
25.200 26.400 0.400 255 0 255
25.200 26.800 0.400 255 0 255
25.200 27.200 0.400 255 0 255
25.200 27.600 0.400 255 0 255
25.200 28.000 0.400 255 0 255
25.200 28.400 0.400 255 0 255
25.200 28.800 0.400 150 240 80
25.200 29.600 0.800 150 240 80
25.200 30.000 0.800 150 240 80
25.200 30.400 0.800 150 240 80
25.200 30.800 0.800 0 175 0
25.200 31.200 0.800 0 175 0
25.200 31.200 1.200 0 175 0
25.200 31.200 1.600 0 175 0
25.200 31.200 2.000 0 175 0
25.200 31.600 0.800 0 175 0
25.200 31.600 1.200 0 175 0
25.200 31.600 1.600 0 175 0
25.200 32.000 0.800 0 175 0
25.200 32.000 1.200 0 175 0
25.200 32.000 1.600 0 175 0
25.200 32.000 2.400 0 175 0
25.200 32.400 0.400 0 175 0
25.200 32.400 0.800 0 175 0
25.200 32.400 1.200 0 175 0
25.200 32.400 1.600 0 175 0
25.200 32.400 2.000 0 175 0
25.200 32.400 2.400 0 175 0
25.200 32.800 0.400 0 175 0
25.200 32.800 0.800 0 175 0
25.200 32.800 1.200 0 175 0
25.200 32.800 1.600 0 175 0
25.200 32.800 2.000 0 175 0
25.200 32.800 2.400 0 175 0
25.200 32.800 2.800 0 175 0
25.200 33.200 1.200 0 175 0
25.200 33.200 1.600 0 175 0
25.200 33.200 2.000 0 175 0
25.200 33.200 2.800 0 175 0
25.200 33.600 1.600 0 175 0
25.200 33.600 2.000 0 175 0
25.200 33.600 2.400 0 175 0
25.200 34.000 0.400 150 240 80
25.200 34.000 0.800 0 175 0
25.600 7.200 2.400 0 175 0
25.600 7.200 3.200 0 175 0
25.600 8.000 2.800 0 175 0
25.600 8.000 3.200 0 175 0
25.600 8.400 1.200 0 175 0
25.600 8.400 2.800 0 175 0
25.600 8.400 3.200 0 175 0
25.600 9.200 1.600 0 175 0
25.600 9.200 2.000 0 175 0
25.600 9.200 2.400 0 175 0
25.600 9.200 2.800 0 175 0
25.600 9.600 1.200 0 175 0
25.600 9.600 1.600 0 175 0
25.600 9.600 2.000 0 175 0
25.600 9.600 2.400 0 175 0
25.600 9.600 2.800 0 175 0
25.600 10.000 3.200 0 175 0
25.600 10.800 3.600 0 175 0
25.600 10.800 4.000 0 175 0
25.600 11.200 2.400 0 175 0
25.600 11.200 2.800 0 175 0
25.600 11.200 3.200 0 175 0
25.600 11.200 3.600 0 175 0
25.600 11.200 4.000 0 175 0
25.600 11.600 1.200 0 175 0
25.600 11.600 1.600 0 175 0
25.600 11.600 2.000 0 175 0
25.600 11.600 2.400 0 175 0
25.600 11.600 2.800 0 175 0
25.600 12.000 0.800 75 0 75
25.600 12.000 1.200 0 175 0
25.600 12.000 2.000 0 175 0
25.600 12.000 2.400 0 175 0
25.600 12.400 0.800 75 0 75
25.600 13.200 0.800 75 0 75
25.600 14.400 0.800 150 240 80
25.600 14.800 0.800 150 240 80
25.600 14.800 2.800 0 175 0
25.600 15.200 2.000 0 175 0
25.600 15.200 2.400 0 175 0
25.600 15.200 2.800 0 175 0
25.600 15.600 1.200 150 240 80
25.600 15.600 1.600 0 175 0
25.600 15.600 2.000 0 175 0
25.600 15.600 2.400 0 175 0
25.600 15.600 2.800 0 175 0
25.600 16.000 1.200 150 240 80
25.600 16.000 1.600 0 175 0
25.600 16.000 2.000 0 175 0
25.600 16.000 2.400 0 175 0
25.600 16.000 2.800 0 175 0
25.600 16.400 1.600 0 175 0
25.600 16.400 2.000 0 175 0
25.600 16.400 2.400 0 175 0
25.600 16.400 2.800 0 175 0
25.600 16.800 2.400 0 175 0
25.600 19.200 1.600 150 240 80
25.600 19.200 2.000 150 240 80
25.600 19.600 1.600 0 175 0
25.600 19.600 2.000 0 175 0
25.600 20.000 0.800 150 240 80
25.600 20.000 1.600 0 175 0
25.600 20.000 2.000 0 175 0
25.600 20.000 2.400 0 175 0
25.600 20.400 0.400 75 0 75
25.600 20.400 0.800 255 120 50
25.600 20.400 1.200 0 175 0
25.600 20.400 1.600 0 175 0
25.600 20.400 2.000 0 175 0
25.600 20.400 2.400 0 175 0
25.600 20.800 0.400 75 0 75
25.600 20.800 3.600 0 175 0
25.600 20.800 4.000 0 175 0
25.600 21.200 0.400 75 0 75
25.600 21.600 0.400 75 0 75
25.600 22.000 0.400 75 0 75
25.600 22.400 0.400 75 0 75
25.600 22.800 0.400 75 0 75
25.600 23.200 0.400 255 0 255
25.600 23.200 1.200 255 40 200
25.600 23.200 1.600 255 40 200
25.600 23.600 0.400 255 0 255
25.600 23.600 0.800 255 40 200
25.600 23.600 1.200 255 40 200
25.600 23.600 1.600 255 40 200
25.600 23.600 2.000 255 40 200
25.600 24.000 0.400 255 0 255
25.600 24.400 0.400 255 0 255
25.600 24.400 0.800 100 150 245
25.600 24.400 2.000 100 150 245
25.600 24.800 0.400 255 0 255
25.600 25.200 0.400 255 0 255
25.600 25.200 1.200 100 150 245
25.600 25.600 0.400 255 0 255
25.600 25.600 0.800 100 150 245
25.600 26.000 0.400 255 0 255
25.600 26.400 0.400 255 0 255
25.600 26.800 0.400 255 0 255
25.600 27.200 0.400 255 0 255
25.600 27.600 0.400 255 0 255
25.600 28.000 0.400 255 0 255
25.600 28.400 0.400 255 0 255
25.600 28.800 0.400 150 240 80
25.600 29.600 0.800 150 240 80
25.600 30.000 0.800 150 240 80
25.600 30.400 0.800 150 240 80
25.600 30.400 1.200 0 175 0
25.600 30.800 0.800 0 175 0
25.600 30.800 1.200 0 175 0
25.600 31.200 0.800 0 175 0
25.600 31.200 1.200 0 175 0
25.600 31.200 1.600 0 175 0
25.600 31.200 2.000 0 175 0
25.600 31.600 0.800 0 175 0
25.600 31.600 1.200 0 175 0
25.600 31.600 1.600 0 175 0
25.600 31.600 2.000 0 175 0
25.600 32.000 0.800 0 175 0
25.600 32.000 1.200 0 175 0
25.600 32.000 1.600 0 175 0
25.600 32.400 0.400 0 175 0
25.600 32.400 0.800 0 175 0
25.600 32.400 1.200 0 175 0
25.600 32.400 1.600 0 175 0
25.600 32.400 2.000 0 175 0
25.600 32.400 2.400 0 175 0
25.600 32.800 0.800 0 175 0
25.600 32.800 1.200 0 175 0
25.600 32.800 1.600 0 175 0
25.600 32.800 2.000 0 175 0
25.600 32.800 2.400 0 175 0
25.600 32.800 2.800 0 175 0
25.600 33.200 0.800 0 175 0
25.600 33.200 1.200 0 175 0
25.600 33.200 1.600 0 175 0
25.600 33.200 2.000 0 175 0
25.600 33.200 2.400 0 175 0
25.600 33.200 2.800 0 175 0
25.600 33.600 0.400 0 175 0
25.600 33.600 0.800 0 175 0
25.600 33.600 2.400 0 175 0
25.600 34.000 0.800 0 175 0
25.600 34.000 1.200 0 175 0
25.600 34.400 0.800 150 240 80
25.600 37.600 2.000 0 175 0
25.600 37.600 2.400 0 175 0
26.000 0.400 3.200 0 175 0
26.000 6.800 2.800 0 175 0
26.000 7.600 3.200 0 175 0
26.000 8.400 0.800 0 175 0
26.000 8.800 2.000 0 175 0
26.000 8.800 3.200 0 175 0
26.000 9.200 1.200 0 175 0
26.000 9.200 3.600 0 175 0
26.000 9.600 2.800 0 175 0
26.000 9.600 3.600 0 175 0
26.000 10.000 2.800 0 175 0
26.000 10.000 3.200 0 175 0
26.000 10.400 0.800 0 175 0
26.000 10.400 3.200 0 175 0
26.000 10.800 1.600 0 175 0
26.000 10.800 2.400 0 175 0
26.000 10.800 4.000 0 175 0
26.000 11.200 1.600 0 175 0
26.000 11.200 2.000 0 175 0
26.000 11.200 2.400 0 175 0
26.000 11.200 3.600 0 175 0
26.000 11.600 0.800 75 0 75
26.000 11.600 2.000 0 175 0
26.000 12.000 0.800 75 0 75
26.000 12.000 1.200 0 175 0
26.000 13.200 0.800 0 175 0
26.000 13.600 0.800 0 175 0
26.000 14.000 0.800 150 240 80
26.000 14.400 0.800 150 240 80
26.000 14.400 2.000 0 175 0
26.000 14.800 2.000 0 175 0
26.000 14.800 2.400 0 175 0
26.000 15.200 1.600 0 175 0
26.000 15.200 2.000 0 175 0
26.000 15.200 2.400 0 175 0
26.000 15.200 2.800 0 175 0
26.000 15.600 1.200 150 240 80
26.000 15.600 1.600 0 175 0
26.000 15.600 2.000 0 175 0
26.000 15.600 2.800 0 175 0
26.000 16.000 1.200 150 240 80
26.000 16.000 1.600 0 175 0
26.000 16.000 2.000 0 175 0
26.000 16.000 2.400 0 175 0
26.000 16.400 1.600 150 240 80
26.000 16.400 2.000 0 175 0
26.000 16.400 2.800 0 175 0
26.000 16.800 2.400 0 175 0
26.000 19.200 2.000 0 175 0
26.000 19.600 2.000 150 240 80
26.000 19.600 2.400 0 175 0
26.000 20.000 1.200 0 175 0
26.000 20.000 1.600 0 175 0
26.000 20.000 2.000 0 175 0
26.000 20.000 2.400 0 175 0
26.000 20.400 0.400 75 0 75
26.000 20.400 0.800 0 175 0
26.000 20.400 1.200 0 175 0
26.000 20.400 1.600 0 175 0
26.000 20.400 2.000 0 175 0
26.000 20.400 2.800 0 175 0
26.000 20.800 0.400 75 0 75
26.000 20.800 3.600 0 175 0
26.000 21.200 0.400 75 0 75
26.000 21.600 0.400 75 0 75
26.000 22.000 0.400 75 0 75
26.000 22.400 0.400 75 0 75
26.000 22.800 0.400 75 0 75
26.000 23.200 0.400 255 0 255
26.000 23.200 1.200 255 40 200
26.000 23.200 1.600 255 40 200
26.000 23.600 0.400 255 0 255
26.000 23.600 0.800 255 40 200
26.000 23.600 1.200 255 40 200
26.000 23.600 1.600 255 40 200
26.000 23.600 2.000 255 40 200
26.000 24.000 0.400 255 0 255
26.000 24.400 0.400 255 0 255
26.000 24.400 2.000 100 150 245
26.000 24.800 0.400 255 0 255
26.000 24.800 0.800 100 150 245
26.000 24.800 2.000 100 150 245
26.000 25.200 0.400 255 0 255
26.000 25.600 0.400 255 0 255
26.000 26.000 0.400 255 0 255
26.000 26.400 0.400 255 0 255
26.000 26.800 0.400 255 0 255
26.000 27.200 0.400 255 0 255
26.000 27.600 0.400 255 0 255
26.000 28.000 0.400 255 0 255
26.000 28.400 0.400 255 0 255
26.000 28.800 0.000 255 0 255
26.000 28.800 0.400 150 240 80
26.000 29.200 0.400 150 240 80
26.000 29.600 0.400 150 240 80
26.000 30.400 0.800 0 175 0
26.000 30.800 0.800 0 175 0
26.000 30.800 1.200 0 175 0
26.000 31.200 0.800 0 175 0
26.000 31.200 1.200 0 175 0
26.000 31.200 1.600 0 175 0
26.000 31.200 2.000 0 175 0
26.000 31.600 0.800 0 175 0
26.000 31.600 1.200 0 175 0
26.000 31.600 1.600 0 175 0
26.000 31.600 2.000 0 175 0
26.000 32.000 0.800 0 175 0
26.000 32.000 1.200 0 175 0
26.000 32.000 1.600 0 175 0
26.000 32.400 0.800 0 175 0
26.000 32.400 1.200 0 175 0
26.000 32.400 1.600 0 175 0
26.000 32.400 2.000 0 175 0
26.000 32.400 2.400 0 175 0
26.000 32.400 2.800 0 175 0
26.000 32.800 0.400 0 175 0
26.000 32.800 0.800 0 175 0
26.000 32.800 1.600 0 175 0
26.000 32.800 2.000 0 175 0
26.000 32.800 2.400 0 175 0
26.000 32.800 2.800 0 175 0
26.000 32.800 4.000 0 175 0
26.000 33.200 0.800 150 240 80
26.000 33.200 1.200 0 175 0
26.000 33.200 1.600 0 175 0
26.000 33.200 2.000 0 175 0
26.000 33.200 2.400 0 175 0
26.000 33.600 0.400 150 240 80
26.000 33.600 0.800 0 175 0
26.000 33.600 1.200 0 175 0
26.000 33.600 2.000 0 175 0
26.000 34.000 0.400 150 240 80
26.000 34.000 0.800 0 175 0
26.000 37.600 2.000 0 175 0
26.000 37.600 2.400 0 175 0
26.000 38.000 2.800 0 175 0
26.000 38.400 2.400 0 175 0
26.000 38.400 2.800 0 175 0
26.000 38.800 2.000 0 175 0
26.000 38.800 2.800 0 175 0
26.400 2.400 3.200 0 175 0
26.400 2.800 2.800 0 175 0
26.400 3.600 3.200 0 175 0
26.400 4.800 2.800 0 175 0
26.400 4.800 4.000 0 175 0
26.400 7.600 3.200 0 175 0
26.400 8.000 1.600 0 175 0
26.400 8.400 1.600 0 175 0
26.400 8.400 2.800 0 175 0
26.400 9.200 1.200 0 175 0
26.400 9.200 3.200 0 175 0
26.400 9.600 2.800 0 175 0
26.400 9.600 3.200 0 175 0
26.400 10.000 1.200 0 175 0
26.400 10.000 1.600 0 175 0
26.400 10.000 2.800 0 175 0
26.400 10.000 3.200 0 175 0
26.400 10.400 1.600 0 175 0
26.400 10.400 2.000 0 175 0
26.400 10.400 2.400 0 175 0
26.400 10.800 2.000 0 175 0
26.400 10.800 2.400 0 175 0
26.400 11.200 0.800 75 0 75
26.400 11.600 0.800 75 0 75
26.400 12.400 0.800 0 175 0
26.400 12.800 0.800 0 175 0
26.400 13.600 0.800 0 175 0
26.400 14.000 2.400 0 175 0
26.400 14.400 1.600 0 175 0
26.400 14.400 2.000 0 175 0
26.400 14.400 2.400 0 175 0
26.400 15.200 1.600 0 175 0
26.400 15.200 2.400 0 175 0
26.400 15.200 2.800 0 175 0
26.400 15.600 1.600 0 175 0
26.400 15.600 2.000 0 175 0
26.400 15.600 2.400 0 175 0
26.400 15.600 2.800 0 175 0
26.400 16.000 1.600 0 175 0
26.400 16.400 1.200 0 175 0
26.400 17.200 1.600 150 240 80
26.400 17.200 2.000 0 175 0
26.400 17.200 2.400 0 175 0
26.400 17.600 1.600 0 175 0
26.400 17.600 2.000 0 175 0
26.400 17.600 2.400 0 175 0
26.400 18.000 2.000 0 175 0
26.400 18.000 2.400 0 175 0
26.400 18.400 1.600 150 240 80
26.400 19.200 1.600 150 240 80
26.400 19.600 2.000 0 175 0
26.400 20.000 1.600 0 175 0
26.400 20.000 2.000 0 175 0
26.400 20.400 0.800 0 175 0
26.400 20.400 1.200 0 175 0
26.400 20.400 1.600 0 175 0
26.400 20.400 2.000 0 175 0
26.400 20.400 2.400 0 175 0
26.400 20.400 2.800 0 175 0
26.400 20.400 3.200 0 175 0
26.400 20.800 0.400 75 0 75
26.400 20.800 0.800 0 175 0
26.400 20.800 2.400 0 175 0
26.400 21.200 0.400 75 0 75
26.400 21.600 0.400 75 0 75
26.400 22.000 0.400 75 0 75
26.400 22.400 0.400 75 0 75
26.400 22.800 0.400 75 0 75
26.400 23.200 0.400 255 0 255
26.400 23.200 1.200 255 40 200
26.400 23.200 1.600 255 40 200
26.400 23.600 0.400 255 0 255
26.400 23.600 0.800 255 40 200
26.400 23.600 1.200 255 40 200
26.400 23.600 1.600 255 40 200
26.400 23.600 2.000 255 40 200
26.400 24.000 0.400 255 0 255
26.400 24.000 0.800 100 150 245
26.400 24.400 0.400 255 0 255
26.400 24.800 0.400 255 0 255
26.400 25.200 0.400 255 0 255
26.400 25.200 1.200 100 150 245
26.400 25.600 0.400 255 0 255
26.400 26.000 0.400 255 0 255
26.400 26.400 0.400 255 0 255
26.400 26.800 0.400 255 0 255
26.400 27.200 0.400 255 0 255
26.400 27.600 0.400 255 0 255
26.400 28.000 0.400 255 0 255
26.400 28.400 0.400 255 0 255
26.400 28.800 0.400 150 240 80
26.400 29.200 0.400 150 240 80
26.400 29.600 0.400 150 240 80
26.400 30.000 0.800 0 175 0
26.400 30.400 0.800 0 175 0
26.400 30.400 1.200 0 175 0
26.400 30.800 0.800 0 175 0
26.400 30.800 1.200 0 175 0
26.400 30.800 1.600 0 175 0
26.400 30.800 2.000 0 175 0
26.400 31.200 0.800 0 175 0
26.400 31.200 1.200 0 175 0
26.400 31.200 1.600 0 175 0
26.400 31.200 2.000 0 175 0
26.400 31.600 0.800 0 175 0
26.400 31.600 1.200 0 175 0
26.400 31.600 1.600 0 175 0
26.400 31.600 2.000 0 175 0
26.400 32.000 0.800 0 175 0
26.400 32.000 1.200 0 175 0
26.400 32.000 1.600 0 175 0
26.400 32.400 0.400 0 175 0
26.400 32.400 0.800 0 175 0
26.400 32.400 1.200 0 175 0
26.400 32.400 1.600 0 175 0
26.400 32.400 2.400 0 175 0
26.400 32.800 0.800 0 175 0
26.400 32.800 1.200 0 175 0
26.400 32.800 1.600 0 175 0
26.400 32.800 2.000 0 175 0
26.400 32.800 2.400 0 175 0
26.400 32.800 2.800 0 175 0
26.400 33.200 0.800 0 175 0
26.400 33.200 1.200 0 175 0
26.400 33.200 1.600 0 175 0
26.400 33.200 2.000 0 175 0
26.400 33.200 2.400 0 175 0
26.400 33.200 2.800 0 175 0
26.400 33.600 0.800 0 175 0
26.400 33.600 1.200 0 175 0
26.400 33.600 1.600 0 175 0
26.400 33.600 2.000 0 175 0
26.400 33.600 2.400 0 175 0
26.400 33.600 2.800 0 175 0
26.400 34.000 0.400 150 240 80
26.400 34.000 0.800 0 175 0
26.400 34.000 2.400 0 175 0
26.400 34.000 2.800 0 175 0
26.400 34.400 0.800 0 175 0
26.400 34.400 2.400 0 175 0
26.400 34.400 2.800 0 175 0
26.400 38.000 2.800 0 175 0
26.400 38.400 2.400 0 175 0
26.400 38.400 2.800 0 175 0
26.400 38.800 2.400 0 175 0
26.400 39.600 2.400 0 175 0
26.400 40.000 2.400 0 175 0
26.800 2.400 3.200 0 175 0
26.800 2.400 3.600 0 175 0
26.800 3.200 3.200 0 175 0
26.800 3.600 2.800 0 175 0
26.800 4.000 3.200 0 175 0
26.800 4.400 3.200 0 175 0
26.800 7.600 2.800 0 175 0
26.800 8.000 1.200 0 175 0
26.800 8.400 2.400 0 175 0
26.800 8.400 2.800 0 175 0
26.800 9.200 2.400 0 175 0
26.800 9.200 2.800 0 175 0
26.800 9.200 3.200 0 175 0
26.800 9.600 0.800 0 175 0
26.800 9.600 1.200 0 175 0
26.800 9.600 2.000 0 175 0
26.800 9.600 2.400 0 175 0
26.800 9.600 2.800 0 175 0
26.800 10.000 1.200 0 175 0
26.800 10.000 1.600 0 175 0
26.800 10.000 2.000 0 175 0
26.800 10.000 2.400 0 175 0
26.800 10.000 2.800 0 175 0
26.800 10.400 1.600 0 175 0
26.800 10.400 2.000 0 175 0
26.800 10.400 2.400 0 175 0
26.800 10.800 0.800 75 0 75
26.800 10.800 1.600 0 175 0
26.800 11.200 0.800 75 0 75
26.800 12.000 0.800 0 175 0
26.800 12.000 2.400 0 175 0
26.800 12.400 0.800 0 175 0
26.800 12.400 1.600 0 175 0
26.800 12.400 2.000 0 175 0
26.800 12.400 2.400 0 175 0
26.800 13.600 1.600 0 175 0
26.800 13.600 2.000 0 175 0
26.800 14.000 2.400 0 175 0
26.800 14.400 1.200 0 175 0
26.800 14.400 2.000 0 175 0
26.800 14.800 1.200 0 175 0
26.800 14.800 1.600 0 175 0
26.800 14.800 2.000 0 175 0
26.800 15.200 1.200 0 175 0
26.800 15.200 2.400 0 175 0
26.800 15.600 1.200 0 175 0
26.800 15.600 1.600 0 175 0
26.800 15.600 2.400 0 175 0
26.800 15.600 2.800 0 175 0
26.800 16.000 1.200 0 175 0
26.800 16.000 1.600 0 175 0
26.800 16.800 2.000 0 175 0
26.800 17.200 1.200 0 175 0
26.800 17.200 1.600 0 175 0
26.800 17.200 2.000 0 175 0
26.800 17.200 2.400 0 175 0
26.800 17.200 2.800 0 175 0
26.800 17.600 1.600 0 175 0
26.800 17.600 2.000 0 175 0
26.800 17.600 2.400 0 175 0
26.800 17.600 2.800 0 175 0
26.800 18.000 1.600 150 240 80
26.800 18.000 2.000 0 175 0
26.800 18.000 2.400 0 175 0
26.800 18.000 2.800 0 175 0
26.800 18.400 1.600 150 240 80
26.800 18.400 2.000 0 175 0
26.800 18.400 2.400 0 175 0
26.800 18.400 2.800 0 175 0
26.800 18.800 2.400 0 175 0
26.800 19.200 2.000 0 175 0
26.800 19.200 2.400 0 175 0
26.800 19.600 1.600 150 240 80
26.800 19.600 2.000 0 175 0
26.800 20.000 1.200 0 175 0
26.800 20.000 1.600 0 175 0
26.800 20.000 2.000 0 175 0
26.800 20.400 0.800 0 175 0
26.800 20.400 1.200 0 175 0
26.800 20.400 1.600 0 175 0
26.800 20.400 2.000 0 175 0
26.800 20.800 0.400 75 0 75
26.800 21.200 0.400 75 0 75
26.800 21.600 0.400 75 0 75
26.800 22.000 0.400 75 0 75
26.800 22.400 0.400 75 0 75
26.800 22.800 0.400 75 0 75
26.800 23.200 0.400 255 0 255
26.800 23.200 1.200 255 40 200
26.800 23.200 1.600 255 40 200
26.800 23.600 0.400 255 0 255
26.800 23.600 0.800 255 40 200
26.800 23.600 1.200 255 40 200
26.800 23.600 1.600 255 40 200
26.800 23.600 2.000 255 40 200
26.800 24.000 0.400 255 0 255
26.800 24.400 0.400 255 0 255
26.800 24.400 0.800 100 150 245
26.800 24.800 0.400 255 0 255
26.800 24.800 0.800 100 150 245
26.800 25.200 0.400 255 0 255
26.800 25.200 0.800 100 150 245
26.800 25.600 0.400 255 0 255
26.800 26.000 0.400 255 0 255
26.800 26.400 0.400 255 0 255
26.800 26.800 0.400 255 0 255
26.800 27.200 0.400 255 0 255
26.800 27.600 0.400 255 0 255
26.800 28.000 0.400 255 0 255
26.800 28.400 0.400 255 0 255
26.800 28.800 0.400 150 240 80
26.800 29.200 0.400 150 240 80
26.800 29.200 3.200 0 175 0
26.800 29.600 0.400 150 240 80
26.800 30.000 0.400 150 240 80
26.800 30.000 0.800 0 175 0
26.800 30.000 2.400 0 175 0
26.800 30.000 2.800 0 175 0
26.800 30.000 3.600 0 175 0
26.800 30.400 0.800 0 175 0
26.800 30.400 1.200 0 175 0
26.800 30.400 2.000 0 175 0
26.800 30.400 2.400 0 175 0
26.800 30.800 0.800 0 175 0
26.800 30.800 1.200 0 175 0
26.800 30.800 1.600 0 175 0
26.800 30.800 2.000 0 175 0
26.800 31.200 0.800 0 175 0
26.800 31.200 1.200 0 175 0
26.800 31.200 1.600 0 175 0
26.800 31.200 2.000 0 175 0
26.800 31.600 0.800 0 175 0
26.800 31.600 1.200 0 175 0
26.800 31.600 1.600 0 175 0
26.800 32.000 0.800 0 175 0
26.800 32.000 1.200 0 175 0
26.800 32.000 1.600 0 175 0
26.800 32.000 2.000 0 175 0
26.800 32.000 2.400 0 175 0
26.800 32.400 0.400 0 175 0
26.800 32.400 0.800 0 175 0
26.800 32.400 1.200 0 175 0
26.800 32.400 1.600 0 175 0
26.800 32.400 2.000 0 175 0
26.800 32.400 2.400 0 175 0
26.800 32.800 1.200 0 175 0
26.800 32.800 1.600 0 175 0
26.800 32.800 2.000 0 175 0
26.800 32.800 2.400 0 175 0
26.800 32.800 2.800 0 175 0
26.800 32.800 3.200 0 175 0
26.800 33.200 0.400 150 240 80
26.800 33.200 0.800 0 175 0
26.800 33.200 1.200 0 175 0
26.800 33.200 1.600 0 175 0
26.800 33.200 2.000 0 175 0
26.800 33.200 2.400 0 175 0
26.800 33.200 2.800 0 175 0
26.800 33.600 0.800 0 175 0
26.800 33.600 1.200 0 175 0
26.800 33.600 1.600 0 175 0
26.800 33.600 2.000 0 175 0
26.800 33.600 2.400 0 175 0
26.800 33.600 2.800 0 175 0
26.800 34.000 0.800 0 175 0
26.800 34.000 2.000 0 175 0
26.800 34.000 2.400 0 175 0
26.800 34.000 2.800 0 175 0
26.800 34.400 2.800 0 175 0
26.800 38.000 2.800 0 175 0
26.800 38.400 2.800 0 175 0
26.800 38.800 2.800 0 175 0
26.800 39.200 2.400 0 175 0
26.800 39.200 2.800 0 175 0
26.800 39.600 2.400 0 175 0
26.800 39.600 2.800 0 175 0
27.200 2.000 3.200 0 175 0
27.200 2.400 3.200 0 175 0
27.200 3.200 4.000 0 175 0
27.200 3.600 2.800 0 175 0
27.200 3.600 3.200 0 175 0
27.200 4.000 3.200 0 175 0
27.200 4.000 3.600 0 175 0
27.200 4.400 3.200 0 175 0
27.200 4.800 3.200 0 175 0
27.200 5.200 3.200 0 175 0
27.200 5.600 2.800 0 175 0
27.200 7.200 3.200 0 175 0
27.200 8.000 1.200 0 175 0
27.200 8.400 2.800 0 175 0
27.200 8.800 1.600 0 175 0
27.200 8.800 2.000 0 175 0
27.200 8.800 2.400 0 175 0
27.200 9.200 1.600 0 175 0
27.200 9.200 2.000 0 175 0
27.200 9.200 2.800 0 175 0
27.200 9.200 3.200 0 175 0
27.200 9.600 0.800 75 0 75
27.200 9.600 2.000 0 175 0
27.200 9.600 2.400 0 175 0
27.200 9.600 2.800 0 175 0
27.200 9.600 3.200 0 175 0
27.200 10.000 0.800 75 0 75
27.200 10.000 3.600 0 175 0
27.200 11.600 0.800 0 175 0
27.200 12.000 1.200 0 175 0
27.200 12.400 1.200 0 175 0
27.200 12.400 1.600 0 175 0
27.200 12.800 1.200 0 175 0
27.200 12.800 1.600 0 175 0
27.200 12.800 2.000 0 175 0
27.200 12.800 2.400 0 175 0
27.200 13.600 1.600 0 175 0
27.200 14.000 1.200 0 175 0
27.200 14.000 1.600 0 175 0
27.200 14.400 1.200 0 175 0
27.200 14.400 1.600 0 175 0
27.200 15.600 1.200 0 175 0
27.200 16.000 1.200 0 175 0
27.200 16.000 1.600 0 175 0
27.200 16.800 2.800 0 175 0
27.200 17.200 2.000 0 175 0
27.200 17.200 2.400 0 175 0
27.200 17.200 2.800 0 175 0
27.200 17.600 1.600 0 175 0
27.200 17.600 2.000 0 175 0
27.200 17.600 2.400 0 175 0
27.200 17.600 2.800 0 175 0
27.200 18.000 2.000 0 175 0
27.200 18.000 2.400 0 175 0
27.200 18.000 2.800 0 175 0
27.200 18.400 2.000 0 175 0
27.200 18.400 2.400 0 175 0
27.200 18.800 2.000 150 240 80
27.200 18.800 2.400 0 175 0
27.200 19.200 2.000 0 175 0
27.200 19.200 2.400 0 175 0
27.200 19.600 1.600 150 240 80
27.200 19.600 2.000 0 175 0
27.200 20.000 1.200 0 175 0
27.200 20.000 1.600 0 175 0
27.200 20.000 2.000 0 175 0
27.200 20.400 0.800 255 120 50
27.200 20.400 1.200 0 175 0
27.200 20.400 1.600 0 175 0
27.200 20.400 2.000 0 175 0
27.200 20.800 0.400 75 0 75
27.200 21.200 0.400 75 0 75
27.200 21.600 0.400 75 0 75
27.200 22.000 0.400 75 0 75
27.200 22.400 0.400 75 0 75
27.200 22.800 0.400 75 0 75
27.200 23.200 0.400 255 0 255
27.200 23.200 0.800 255 40 200
27.200 23.200 1.200 255 40 200
27.200 23.200 1.600 255 40 200
27.200 23.600 0.400 255 0 255
27.200 23.600 0.800 255 40 200
27.200 23.600 1.200 255 40 200
27.200 23.600 1.600 255 40 200
27.200 23.600 2.000 255 40 200
27.200 24.000 0.400 255 0 255
27.200 24.000 0.800 100 150 245
27.200 24.000 1.200 100 150 245
27.200 24.400 0.400 255 0 255
27.200 24.800 0.400 255 0 255
27.200 25.200 0.400 255 0 255
27.200 25.200 1.600 100 150 245
27.200 25.600 0.400 255 0 255
27.200 25.600 0.800 100 150 245
27.200 25.600 1.200 100 150 245
27.200 26.000 0.400 255 0 255
27.200 26.400 0.400 255 0 255
27.200 26.800 0.400 255 0 255
27.200 27.200 0.400 255 0 255
27.200 27.600 0.400 255 0 255
27.200 28.000 0.400 255 0 255
27.200 28.400 0.400 255 0 255
27.200 28.800 0.400 150 240 80
27.200 28.800 4.000 0 175 0
27.200 29.200 2.800 0 175 0
27.200 29.600 2.800 0 175 0
27.200 29.600 3.600 0 175 0
27.200 30.000 0.800 0 175 0
27.200 30.000 2.000 0 175 0
27.200 30.000 2.400 0 175 0
27.200 30.000 2.800 0 175 0
27.200 30.000 3.600 0 175 0
27.200 30.400 0.800 0 175 0
27.200 30.400 1.200 0 175 0
27.200 30.400 2.000 0 175 0
27.200 30.400 2.400 0 175 0
27.200 30.400 3.600 0 175 0
27.200 30.800 0.800 0 175 0
27.200 30.800 1.200 0 175 0
27.200 30.800 1.600 0 175 0
27.200 30.800 2.400 0 175 0
27.200 31.200 0.800 0 175 0
27.200 31.200 1.200 0 175 0
27.200 31.200 1.600 0 175 0
27.200 31.600 0.800 0 175 0
27.200 31.600 1.200 0 175 0
27.200 31.600 1.600 0 175 0
27.200 31.600 2.000 0 175 0
27.200 31.600 2.400 0 175 0
27.200 32.000 0.400 0 175 0
27.200 32.000 1.200 0 175 0
27.200 32.000 1.600 0 175 0
27.200 32.000 2.000 0 175 0
27.200 32.000 2.400 0 175 0
27.200 32.000 2.800 0 175 0
27.200 32.000 3.600 0 175 0
27.200 32.400 0.400 0 175 0
27.200 32.400 0.800 0 175 0
27.200 32.400 1.200 0 175 0
27.200 32.400 1.600 0 175 0
27.200 32.400 2.000 0 175 0
27.200 32.800 0.400 150 240 80
27.200 32.800 0.800 0 175 0
27.200 32.800 1.200 0 175 0
27.200 32.800 1.600 0 175 0
27.200 32.800 2.000 0 175 0
27.200 32.800 2.400 0 175 0
27.200 32.800 2.800 0 175 0
27.200 33.200 1.200 0 175 0
27.200 33.200 1.600 0 175 0
27.200 33.200 2.000 0 175 0
27.200 33.200 2.400 0 175 0
27.200 33.600 0.400 150 240 80
27.200 33.600 0.800 0 175 0
27.200 33.600 1.200 0 175 0
27.200 33.600 1.600 0 175 0
27.200 33.600 2.000 0 175 0
27.200 33.600 2.400 0 175 0
27.200 33.600 2.800 0 175 0
27.200 34.000 0.800 0 175 0
27.200 34.000 1.200 0 175 0
27.200 34.000 2.000 0 175 0
27.200 34.000 2.400 0 175 0
27.200 34.000 2.800 0 175 0
27.200 34.000 3.200 0 175 0
27.200 34.400 2.000 0 175 0
27.200 39.600 2.400 0 175 0
27.200 40.000 2.400 0 175 0
27.600 2.000 3.200 0 175 0
27.600 4.000 4.000 0 175 0
27.600 4.400 3.200 0 175 0
27.600 4.800 4.000 0 175 0
27.600 5.200 3.200 0 175 0
27.600 5.200 4.000 0 175 0
27.600 5.600 0.800 0 175 0
27.600 5.600 3.200 0 175 0
27.600 5.600 4.000 0 175 0
27.600 6.000 3.200 0 175 0
27.600 6.400 3.200 0 175 0
27.600 6.800 1.200 0 175 0
27.600 6.800 3.200 0 175 0
27.600 7.200 1.200 0 175 0
27.600 7.200 2.400 0 175 0
27.600 7.200 2.800 0 175 0
27.600 7.200 3.200 0 175 0
27.600 7.600 2.400 0 175 0
27.600 7.600 3.200 0 175 0
27.600 8.000 2.000 0 175 0
27.600 8.400 1.200 0 175 0
27.600 8.400 2.000 0 175 0
27.600 8.400 2.400 0 175 0
27.600 8.400 2.800 0 175 0
27.600 8.800 1.600 0 175 0
27.600 8.800 2.000 0 175 0
27.600 8.800 2.400 0 175 0
27.600 8.800 2.800 0 175 0
27.600 9.200 0.800 75 0 75
27.600 9.200 2.000 0 175 0
27.600 9.200 2.400 0 175 0
27.600 9.200 2.800 0 175 0
27.600 9.200 3.200 0 175 0
27.600 9.600 2.400 0 175 0
27.600 9.600 2.800 0 175 0
27.600 9.600 3.200 0 175 0
27.600 9.600 3.600 0 175 0
27.600 10.000 0.800 75 0 75
27.600 11.200 1.200 75 0 75
27.600 11.600 1.200 0 175 0
27.600 12.000 1.200 0 175 0
27.600 12.000 2.400 0 175 0
27.600 12.400 1.200 0 175 0
27.600 12.800 1.200 0 175 0
27.600 13.200 1.200 0 175 0
27.600 13.600 2.000 0 175 0
27.600 14.000 1.600 0 175 0
27.600 14.000 2.000 0 175 0
27.600 14.400 1.600 0 175 0
27.600 14.400 2.000 0 175 0
27.600 15.200 1.600 0 175 0
27.600 16.000 1.600 0 175 0
27.600 16.400 2.400 0 175 0
27.600 16.400 2.800 0 175 0
27.600 16.800 2.000 0 175 0
27.600 16.800 2.400 0 175 0
27.600 17.200 2.000 0 175 0
27.600 17.200 2.400 0 175 0
27.600 17.200 2.800 0 175 0
27.600 17.600 1.600 0 175 0
27.600 17.600 2.000 0 175 0
27.600 17.600 2.400 0 175 0
27.600 17.600 2.800 0 175 0
27.600 18.000 1.600 0 175 0
27.600 18.000 2.000 0 175 0
27.600 18.000 2.400 0 175 0
27.600 18.000 2.800 0 175 0
27.600 18.400 2.000 0 175 0
27.600 18.400 2.400 0 175 0
27.600 18.800 2.000 150 240 80
27.600 18.800 2.400 0 175 0
27.600 18.800 2.800 0 175 0
27.600 19.200 1.600 150 240 80
27.600 19.200 2.000 0 175 0
27.600 19.200 2.400 0 175 0
27.600 19.600 1.600 150 240 80
27.600 19.600 2.000 0 175 0
27.600 19.600 2.400 0 175 0
27.600 20.000 1.600 0 175 0
27.600 20.000 2.000 0 175 0
27.600 20.400 0.800 255 120 50
27.600 20.400 1.200 0 175 0
27.600 20.400 1.600 0 175 0
27.600 20.400 2.000 0 175 0
27.600 20.800 0.400 75 0 75
27.600 21.600 0.400 75 0 75
27.600 22.000 0.400 75 0 75
27.600 22.400 0.400 75 0 75
27.600 22.800 0.400 75 0 75
27.600 23.200 0.400 255 0 255
27.600 23.200 0.800 255 40 200
27.600 23.200 1.200 255 40 200
27.600 23.200 1.600 255 40 200
27.600 23.600 0.400 255 0 255
27.600 23.600 0.800 255 40 200
27.600 23.600 1.200 255 40 200
27.600 23.600 1.600 255 40 200
27.600 23.600 2.000 255 40 200
27.600 24.000 0.400 255 0 255
27.600 24.400 0.400 255 0 255
27.600 24.400 0.800 100 150 245
27.600 24.800 0.400 255 0 255
27.600 24.800 0.800 100 150 245
27.600 24.800 1.200 100 150 245
27.600 25.200 0.400 255 0 255
27.600 25.200 0.800 100 150 245
27.600 25.600 0.400 255 0 255
27.600 26.000 0.400 255 0 255
27.600 26.400 0.400 255 0 255
27.600 26.800 0.400 255 0 255
27.600 27.200 0.400 255 0 255
27.600 27.600 0.400 255 0 255
27.600 28.000 0.400 255 0 255
27.600 28.400 0.400 255 0 255
27.600 28.800 0.400 150 240 80
27.600 29.200 1.600 0 175 0
27.600 29.200 2.400 0 175 0
27.600 29.200 2.800 0 175 0
27.600 29.200 3.200 0 175 0
27.600 29.600 0.800 150 240 80
27.600 29.600 1.200 0 175 0
27.600 29.600 1.600 0 175 0
27.600 29.600 2.000 0 175 0
27.600 29.600 2.400 0 175 0
27.600 29.600 2.800 0 175 0
27.600 29.600 3.600 0 175 0
27.600 30.000 0.800 0 175 0
27.600 30.000 1.200 0 175 0
27.600 30.000 1.600 0 175 0
27.600 30.000 2.000 0 175 0
27.600 30.000 2.400 0 175 0
27.600 30.000 2.800 0 175 0
27.600 30.000 3.200 0 175 0
27.600 30.000 3.600 0 175 0
27.600 30.000 4.000 0 175 0
27.600 30.400 0.800 0 175 0
27.600 30.400 1.200 0 175 0
27.600 30.400 1.600 0 175 0
27.600 30.400 2.000 0 175 0
27.600 30.400 2.400 0 175 0
27.600 30.400 2.800 0 175 0
27.600 30.800 0.800 0 175 0
27.600 30.800 1.200 0 175 0
27.600 30.800 1.600 0 175 0
27.600 30.800 2.000 0 175 0
27.600 30.800 2.400 0 175 0
27.600 30.800 2.800 0 175 0
27.600 30.800 4.000 0 175 0
27.600 31.200 0.800 0 175 0
27.600 31.200 1.200 0 175 0
27.600 31.200 1.600 0 175 0
27.600 31.200 2.400 0 175 0
27.600 31.200 2.800 0 175 0
27.600 31.200 3.600 0 175 0
27.600 31.600 1.200 0 175 0
27.600 31.600 1.600 0 175 0
27.600 31.600 2.000 0 175 0
27.600 31.600 2.400 0 175 0
27.600 31.600 2.800 0 175 0
27.600 31.600 4.000 0 175 0
27.600 32.000 0.400 0 175 0
27.600 32.000 0.800 150 240 80
27.600 32.000 1.200 0 175 0
27.600 32.000 1.600 0 175 0
27.600 32.000 2.000 0 175 0
27.600 32.000 2.400 0 175 0
27.600 32.000 2.800 0 175 0
27.600 32.000 3.200 0 175 0
27.600 32.000 3.600 0 175 0
27.600 32.000 4.000 0 175 0
27.600 32.400 0.400 150 240 80
27.600 32.400 1.200 0 175 0
27.600 32.400 1.600 0 175 0
27.600 32.400 2.000 0 175 0
27.600 32.400 2.400 0 175 0
27.600 32.400 2.800 0 175 0
27.600 32.800 0.400 150 240 80
27.600 32.800 0.800 0 175 0
27.600 32.800 1.200 0 175 0
27.600 32.800 1.600 0 175 0
27.600 32.800 2.000 0 175 0
27.600 32.800 2.400 0 175 0
27.600 32.800 2.800 0 175 0
27.600 33.200 0.400 0 175 0
27.600 33.200 0.800 0 175 0
27.600 33.200 1.200 0 175 0
27.600 33.200 1.600 0 175 0
27.600 33.200 2.400 0 175 0
27.600 33.200 2.800 0 175 0
27.600 33.200 3.600 0 175 0
27.600 33.600 0.000 150 240 80
27.600 33.600 0.400 0 175 0
27.600 33.600 0.800 0 175 0
27.600 33.600 1.200 0 175 0
27.600 33.600 1.600 0 175 0
27.600 33.600 2.000 0 175 0
27.600 33.600 2.400 0 175 0
27.600 33.600 2.800 0 175 0
27.600 34.000 0.400 150 240 80
27.600 34.000 0.800 0 175 0
27.600 34.000 1.200 0 175 0
27.600 34.000 1.600 0 175 0
27.600 34.000 2.000 0 175 0
27.600 34.000 2.400 0 175 0
27.600 34.000 2.800 0 175 0
27.600 34.400 1.600 0 175 0
27.600 34.400 2.000 0 175 0
27.600 34.400 2.400 0 175 0
27.600 34.800 2.400 0 175 0
28.000 2.000 3.200 0 175 0
28.000 4.400 3.200 0 175 0
28.000 5.600 3.200 0 175 0
28.000 6.000 2.800 0 175 0
28.000 6.400 3.200 0 175 0
28.000 6.800 2.800 0 175 0
28.000 6.800 3.200 0 175 0
28.000 7.200 2.800 0 175 0
28.000 7.200 3.200 0 175 0
28.000 7.600 2.400 0 175 0
28.000 7.600 2.800 0 175 0
28.000 7.600 3.200 0 175 0
28.000 7.600 3.600 0 175 0
28.000 8.000 2.000 0 175 0
28.000 8.000 2.800 0 175 0
28.000 8.400 2.400 0 175 0
28.000 8.400 2.800 0 175 0
28.000 8.800 0.800 75 0 75
28.000 8.800 2.800 0 175 0
28.000 8.800 3.200 0 175 0
28.000 9.200 0.800 75 0 75
28.000 9.200 2.800 0 175 0
28.000 9.200 3.200 0 175 0
28.000 9.600 0.800 75 0 75
28.000 9.600 2.400 0 175 0
28.000 9.600 3.200 0 175 0
28.000 10.000 0.800 75 0 75
28.000 10.400 1.200 75 0 75
28.000 11.600 1.600 0 175 0
28.000 12.000 1.200 0 175 0
28.000 12.000 1.600 0 175 0
28.000 12.400 1.600 0 175 0
28.000 12.400 2.400 0 175 0
28.000 12.400 2.800 0 175 0
28.000 13.200 1.200 0 175 0
28.000 14.400 1.600 0 175 0
28.000 14.400 2.000 0 175 0
28.000 15.200 1.600 0 175 0
28.000 15.200 2.000 0 175 0
28.000 16.400 2.400 0 175 0
28.000 17.200 1.600 0 175 0
28.000 17.600 1.600 0 175 0
28.000 17.600 2.000 0 175 0
28.000 17.600 2.400 0 175 0
28.000 17.600 2.800 0 175 0
28.000 18.000 2.000 0 175 0
28.000 18.000 2.400 0 175 0
28.000 18.000 2.800 0 175 0
28.000 18.400 2.000 0 175 0
28.000 18.400 2.400 0 175 0
28.000 18.800 1.600 150 240 80
28.000 18.800 2.800 0 175 0
28.000 19.200 2.000 0 175 0
28.000 19.200 2.400 0 175 0
28.000 19.600 1.600 0 175 0
28.000 19.600 2.000 0 175 0
28.000 19.600 2.400 0 175 0
28.000 20.000 1.200 0 175 0
28.000 20.000 1.600 0 175 0
28.000 20.000 2.000 0 175 0
28.000 20.400 0.400 75 0 75
28.000 20.400 0.800 0 175 0
28.000 20.400 1.200 0 175 0
28.000 20.400 1.600 0 175 0
28.000 20.800 0.400 75 0 75
28.000 21.200 0.400 75 0 75
28.000 21.600 0.400 75 0 75
28.000 22.000 0.400 75 0 75
28.000 22.400 0.400 75 0 75
28.000 22.800 0.400 75 0 75
28.000 23.200 0.400 255 0 255
28.000 23.200 0.800 255 40 200
28.000 23.200 1.200 255 40 200
28.000 23.200 1.600 255 40 200
28.000 23.600 0.400 255 0 255
28.000 23.600 0.800 255 40 200
28.000 23.600 1.200 255 40 200
28.000 23.600 1.600 255 40 200
28.000 23.600 2.000 255 40 200
28.000 24.000 0.400 255 0 255
28.000 24.000 0.800 100 150 245
28.000 24.400 0.400 255 0 255
28.000 24.800 0.400 255 0 255
28.000 25.200 0.400 255 0 255
28.000 25.600 0.400 255 0 255
28.000 25.600 0.800 100 150 245
28.000 26.000 0.400 255 0 255
28.000 26.400 0.400 255 0 255
28.000 26.800 0.400 255 0 255
28.000 27.200 0.400 255 0 255
28.000 27.600 0.400 255 0 255
28.000 28.000 0.400 255 0 255
28.000 28.400 0.400 255 0 255
28.000 28.800 0.400 150 240 80
28.000 29.200 1.200 0 175 0
28.000 29.200 2.400 0 175 0
28.000 29.200 2.800 0 175 0
28.000 29.200 3.600 0 175 0
28.000 29.200 4.000 0 175 0
28.000 29.600 0.800 0 175 0
28.000 29.600 1.200 0 175 0
28.000 29.600 1.600 0 175 0
28.000 29.600 2.000 0 175 0
28.000 29.600 2.400 0 175 0
28.000 29.600 2.800 0 175 0
28.000 29.600 3.200 0 175 0
28.000 30.000 0.800 0 175 0
28.000 30.000 1.200 0 175 0
28.000 30.000 1.600 0 175 0
28.000 30.000 2.000 0 175 0
28.000 30.000 2.400 0 175 0
28.000 30.000 2.800 0 175 0
28.000 30.000 3.200 0 175 0
28.000 30.000 3.600 0 175 0
28.000 30.400 0.800 0 175 0
28.000 30.400 1.200 0 175 0
28.000 30.400 1.600 0 175 0
28.000 30.400 2.000 0 175 0
28.000 30.400 2.400 0 175 0
28.000 30.400 2.800 0 175 0
28.000 30.400 3.200 0 175 0
28.000 30.400 3.600 0 175 0
28.000 30.800 0.800 0 175 0
28.000 30.800 1.200 0 175 0
28.000 30.800 2.400 0 175 0
28.000 30.800 2.800 0 175 0
28.000 30.800 3.600 0 175 0
28.000 31.200 1.200 0 175 0
28.000 31.200 1.600 0 175 0
28.000 31.200 2.000 0 175 0
28.000 31.200 2.400 0 175 0
28.000 31.200 2.800 0 175 0
28.000 31.200 4.000 0 175 0
28.000 31.600 1.200 0 175 0
28.000 31.600 1.600 0 175 0
28.000 31.600 2.000 0 175 0
28.000 31.600 2.400 0 175 0
28.000 31.600 3.200 0 175 0
28.000 31.600 3.600 0 175 0
28.000 32.000 1.200 0 175 0
28.000 32.000 1.600 0 175 0
28.000 32.000 2.000 0 175 0
28.000 32.000 2.400 0 175 0
28.000 32.000 2.800 0 175 0
28.000 32.400 0.400 150 240 80
28.000 32.400 0.800 0 175 0
28.000 32.400 1.600 0 175 0
28.000 32.400 2.000 0 175 0
28.000 32.400 2.400 0 175 0
28.000 32.400 2.800 0 175 0
28.000 32.800 0.800 0 175 0
28.000 32.800 1.600 0 175 0
28.000 32.800 2.400 0 175 0
28.000 32.800 2.800 0 175 0
28.000 32.800 3.200 0 175 0
28.000 33.200 0.400 150 240 80
28.000 33.200 1.200 0 175 0
28.000 33.200 1.600 0 175 0
28.000 33.200 2.000 0 175 0
28.000 33.200 2.400 0 175 0
28.000 33.200 2.800 0 175 0
28.000 33.200 3.200 0 175 0
28.000 33.600 0.000 150 240 80
28.000 33.600 0.400 0 175 0
28.000 33.600 0.800 0 175 0
28.000 33.600 1.600 0 175 0
28.000 33.600 2.000 0 175 0
28.000 33.600 2.400 0 175 0
28.000 33.600 2.800 0 175 0
28.000 34.000 0.400 0 175 0
28.000 34.000 0.800 0 175 0
28.000 34.000 1.200 0 175 0
28.000 34.000 1.600 0 175 0
28.000 34.000 2.000 0 175 0
28.000 34.000 2.400 0 175 0
28.000 34.000 2.800 0 175 0
28.000 34.400 1.600 0 175 0
28.000 34.400 2.400 0 175 0
28.400 3.200 2.800 0 175 0
28.400 3.600 3.600 0 175 0
28.400 4.800 4.000 0 175 0
28.400 6.000 2.800 0 175 0
28.400 6.400 1.200 0 175 0
28.400 6.400 3.200 0 175 0
28.400 6.800 2.400 0 175 0
28.400 6.800 2.800 0 175 0
28.400 6.800 3.200 0 175 0
28.400 7.200 1.600 0 175 0
28.400 7.200 2.400 0 175 0
28.400 7.600 2.400 0 175 0
28.400 8.000 0.800 75 0 75
28.400 8.000 1.200 0 175 0
28.400 8.000 2.000 0 175 0
28.400 8.400 0.800 75 0 75
28.400 8.800 3.200 0 175 0
28.400 8.800 3.600 0 175 0
28.400 9.600 0.800 75 0 75
28.400 10.000 2.000 0 175 0
28.400 10.400 2.000 0 175 0
28.400 10.800 1.200 0 175 0
28.400 14.400 1.600 0 175 0
28.400 14.800 1.600 0 175 0
28.400 15.600 2.800 0 175 0
28.400 16.000 2.800 0 175 0
28.400 16.400 2.400 0 175 0
28.400 16.400 2.800 0 175 0
28.400 16.800 2.400 0 175 0
28.400 16.800 2.800 0 175 0
28.400 17.200 2.400 0 175 0
28.400 17.600 1.200 0 175 0
28.400 17.600 1.600 0 175 0
28.400 17.600 2.000 0 175 0
28.400 17.600 2.400 0 175 0
28.400 17.600 2.800 0 175 0
28.400 18.000 2.000 0 175 0
28.400 18.000 2.400 0 175 0
28.400 18.000 2.800 0 175 0
28.400 18.400 2.000 0 175 0
28.400 18.400 2.400 0 175 0
28.400 18.400 2.800 0 175 0
28.400 18.800 1.600 150 240 80
28.400 18.800 2.000 0 175 0
28.400 19.200 2.000 0 175 0
28.400 19.600 1.600 0 175 0
28.400 19.600 2.000 0 175 0
28.400 19.600 2.400 0 175 0
28.400 20.000 1.200 0 175 0
28.400 20.000 1.600 0 175 0
28.400 20.000 2.000 0 175 0
28.400 20.400 0.400 75 0 75
28.400 20.400 0.800 255 120 50
28.400 20.400 1.200 0 175 0
28.400 20.400 1.600 0 175 0
28.400 20.400 2.000 0 175 0
28.400 21.200 0.400 75 0 75
28.400 21.600 0.400 75 0 75
28.400 22.000 0.400 75 0 75
28.400 22.400 0.400 75 0 75
28.400 22.800 0.400 75 0 75
28.400 23.200 0.400 255 0 255
28.400 23.200 0.800 255 40 200
28.400 23.200 1.200 255 40 200
28.400 23.200 1.600 255 40 200
28.400 23.600 0.400 255 0 255
28.400 23.600 0.800 255 40 200
28.400 23.600 1.200 255 40 200
28.400 23.600 1.600 255 40 200
28.400 23.600 2.000 255 40 200
28.400 24.000 0.400 255 0 255
28.400 24.400 0.400 255 0 255
28.400 24.400 0.800 100 150 245
28.400 24.400 1.200 100 150 245
28.400 24.800 0.400 255 0 255
28.400 24.800 1.200 100 150 245
28.400 25.200 0.400 255 0 255
28.400 25.200 0.800 100 150 245
28.400 25.600 0.400 255 0 255
28.400 26.000 0.400 255 0 255
28.400 26.400 0.400 255 0 255
28.400 26.800 0.400 255 0 255
28.400 26.800 1.200 100 150 245
28.400 27.200 0.400 255 0 255
28.400 27.600 0.400 255 0 255
28.400 28.000 0.400 255 0 255
28.400 28.400 0.400 255 0 255
28.400 28.800 0.400 150 240 80
28.400 29.600 0.800 150 240 80
28.400 29.600 1.200 0 175 0
28.400 29.600 1.600 0 175 0
28.400 29.600 2.800 0 175 0
28.400 29.600 3.200 0 175 0
28.400 30.000 0.800 0 175 0
28.400 30.000 1.200 0 175 0
28.400 30.000 1.600 0 175 0
28.400 30.000 2.000 0 175 0
28.400 30.000 2.400 0 175 0
28.400 30.000 2.800 0 175 0
28.400 30.000 3.600 0 175 0
28.400 30.400 0.800 0 175 0
28.400 30.400 1.200 0 175 0
28.400 30.400 1.600 0 175 0
28.400 30.400 2.000 0 175 0
28.400 30.400 2.400 0 175 0
28.400 30.800 0.800 0 175 0
28.400 30.800 1.200 0 175 0
28.400 30.800 1.600 0 175 0
28.400 30.800 2.000 0 175 0
28.400 30.800 2.800 0 175 0
28.400 30.800 3.200 0 175 0
28.400 31.200 0.800 0 175 0
28.400 31.200 1.200 0 175 0
28.400 31.200 1.600 0 175 0
28.400 31.200 2.000 0 175 0
28.400 31.200 2.400 0 175 0
28.400 31.200 2.800 0 175 0
28.400 31.200 3.600 0 175 0
28.400 31.600 0.800 150 240 80
28.400 31.600 1.200 0 175 0
28.400 31.600 2.400 0 175 0
28.400 31.600 3.200 0 175 0
28.400 32.000 1.200 0 175 0
28.400 32.000 1.600 0 175 0
28.400 32.000 2.000 0 175 0
28.400 32.000 2.400 0 175 0
28.400 32.000 2.800 0 175 0
28.400 32.400 1.600 0 175 0
28.400 32.400 2.400 0 175 0
28.400 32.400 2.800 0 175 0
28.400 32.800 0.400 150 240 80
28.400 32.800 2.000 0 175 0
28.400 32.800 2.400 0 175 0
28.400 32.800 2.800 0 175 0
28.400 32.800 3.200 0 175 0
28.400 33.200 1.600 0 175 0
28.400 33.200 2.000 0 175 0
28.400 33.200 2.400 0 175 0
28.400 33.200 2.800 0 175 0
28.400 33.200 3.200 0 175 0
28.400 33.600 0.000 150 240 80
28.400 33.600 1.200 0 175 0
28.400 33.600 1.600 0 175 0
28.400 33.600 2.000 0 175 0
28.400 33.600 2.400 0 175 0
28.400 33.600 2.800 0 175 0
28.400 34.000 2.000 0 175 0
28.400 34.000 2.400 0 175 0
28.400 34.000 2.800 0 175 0
28.400 34.400 2.000 150 240 80
28.400 34.400 2.400 0 175 0
28.400 34.400 2.800 0 175 0
28.800 2.800 2.800 0 175 0
28.800 2.800 3.200 0 175 0
28.800 6.000 2.800 0 175 0
28.800 6.400 2.000 0 175 0
28.800 6.400 2.800 0 175 0
28.800 6.800 2.000 0 175 0
28.800 6.800 2.400 0 175 0
28.800 6.800 2.800 0 175 0
28.800 7.200 2.000 0 175 0
28.800 8.000 0.800 0 175 0
28.800 8.800 0.800 75 0 75
28.800 9.600 1.600 150 240 80
28.800 10.400 1.600 0 175 0
28.800 10.400 2.400 0 175 0
28.800 10.800 1.200 0 175 0
28.800 14.000 3.600 0 175 0
28.800 14.800 1.600 0 175 0
28.800 17.200 1.600 0 175 0
28.800 17.600 2.000 0 175 0
28.800 17.600 2.400 0 175 0
28.800 18.000 2.400 0 175 0
28.800 18.000 2.800 0 175 0
28.800 18.400 2.800 0 175 0
28.800 18.800 2.000 0 175 0
28.800 19.200 2.000 0 175 0
28.800 19.200 2.400 0 175 0
28.800 19.600 1.600 0 175 0
28.800 19.600 2.000 0 175 0
28.800 19.600 2.400 0 175 0
28.800 20.000 1.200 0 175 0
28.800 20.000 1.600 0 175 0
28.800 20.000 2.000 0 175 0
28.800 20.000 2.400 0 175 0
28.800 20.000 2.800 0 175 0
28.800 20.400 0.800 255 120 50
28.800 20.400 1.200 0 175 0
28.800 20.400 1.600 0 175 0
28.800 20.800 0.400 75 0 75
28.800 21.600 0.400 75 0 75
28.800 22.400 0.400 75 0 75
28.800 22.800 0.400 75 0 75
28.800 23.200 0.400 255 0 255
28.800 23.200 0.800 255 40 200
28.800 23.200 1.200 255 40 200
28.800 23.200 1.600 255 40 200
28.800 23.600 0.400 255 0 255
28.800 23.600 0.800 255 40 200
28.800 23.600 1.200 255 40 200
28.800 23.600 1.600 255 40 200
28.800 24.000 0.400 255 0 255
28.800 24.400 0.400 255 0 255
28.800 24.800 0.400 255 0 255
28.800 25.200 0.400 255 0 255
28.800 25.200 1.200 100 150 245
28.800 25.600 0.400 255 0 255
28.800 25.600 1.600 100 150 245
28.800 26.000 0.400 255 0 255
28.800 26.400 0.400 255 0 255
28.800 26.800 0.000 255 0 255
28.800 26.800 0.400 255 0 255
28.800 26.800 0.800 100 150 245
28.800 26.800 1.200 100 150 245
28.800 27.200 0.400 255 0 255
28.800 27.200 0.800 100 150 245
28.800 27.200 1.200 100 150 245
28.800 27.200 1.600 100 150 245
28.800 27.600 0.400 255 0 255
28.800 27.600 0.800 100 150 245
28.800 27.600 1.200 100 150 245
28.800 27.600 1.600 100 150 245
28.800 28.000 0.400 255 0 255
28.800 28.000 0.800 100 150 245
28.800 28.000 1.200 100 150 245
28.800 28.000 1.600 100 150 245
28.800 28.000 2.000 100 150 245
28.800 28.400 0.400 255 0 255
28.800 28.400 0.800 100 150 245
28.800 28.400 1.200 100 150 245
28.800 28.800 0.400 150 240 80
28.800 28.800 0.800 0 175 0
28.800 29.200 0.400 150 240 80
28.800 29.200 0.800 0 175 0
28.800 29.600 0.800 150 240 80
28.800 29.600 2.800 0 175 0
28.800 30.000 0.800 0 175 0
28.800 30.000 1.200 0 175 0
28.800 30.000 1.600 0 175 0
28.800 30.000 2.000 0 175 0
28.800 30.000 2.800 0 175 0
28.800 30.000 3.200 0 175 0
28.800 30.400 0.800 0 175 0
28.800 30.400 3.600 0 175 0
28.800 30.800 0.800 0 175 0
28.800 31.200 2.000 0 175 0
28.800 31.200 2.400 0 175 0
28.800 31.200 2.800 0 175 0
28.800 31.200 3.600 0 175 0
28.800 31.600 2.400 0 175 0
28.800 32.000 0.400 150 240 80
28.800 32.000 0.800 0 175 0
28.800 32.000 1.200 0 175 0
28.800 32.000 1.600 0 175 0
28.800 32.400 0.800 150 240 80
28.800 32.400 1.200 0 175 0
28.800 32.400 1.600 0 175 0
28.800 32.400 2.800 0 175 0
28.800 32.800 0.400 150 240 80
28.800 32.800 0.800 0 175 0
28.800 32.800 1.200 0 175 0
28.800 32.800 2.400 0 175 0
28.800 32.800 2.800 0 175 0
28.800 32.800 3.200 0 175 0
28.800 33.200 0.400 150 240 80
28.800 33.200 0.800 0 175 0
28.800 33.200 2.000 0 175 0
28.800 33.200 2.400 0 175 0
28.800 33.600 1.200 0 175 0
28.800 33.600 1.600 0 175 0
28.800 33.600 2.000 0 175 0
28.800 33.600 2.400 0 175 0
28.800 34.000 1.600 0 175 0
28.800 34.000 2.000 0 175 0
28.800 34.000 2.400 0 175 0
28.800 34.000 2.800 0 175 0
28.800 34.400 1.600 0 175 0
28.800 34.400 2.000 0 175 0
28.800 34.400 2.400 0 175 0
28.800 34.800 2.000 150 240 80
29.200 2.800 3.200 0 175 0
29.200 3.200 2.800 0 175 0
29.200 3.200 3.200 0 175 0
29.200 3.600 2.800 0 175 0
29.200 3.600 3.200 0 175 0
29.200 5.600 1.200 0 175 0
29.200 6.400 2.800 0 175 0
29.200 6.800 0.800 0 175 0
29.200 6.800 2.800 0 175 0
29.200 7.200 0.800 0 175 0
29.200 9.600 1.600 0 175 0
29.200 9.600 2.000 0 175 0
29.200 10.000 2.000 0 175 0
29.200 10.400 2.000 0 175 0
29.200 18.000 2.800 0 175 0
29.200 18.800 2.000 0 175 0
29.200 19.200 2.000 0 175 0
29.200 19.200 2.400 0 175 0
29.200 19.600 1.600 150 240 80
29.200 19.600 2.000 0 175 0
29.200 19.600 2.400 0 175 0
29.200 20.000 1.200 0 175 0
29.200 20.000 1.600 0 175 0
29.200 20.000 2.000 0 175 0
29.200 20.000 2.400 0 175 0
29.200 20.000 2.800 0 175 0
29.200 20.400 0.800 255 120 50
29.200 20.400 1.200 0 175 0
29.200 20.400 1.600 0 175 0
29.200 20.400 2.000 0 175 0
29.200 21.200 0.400 75 0 75
29.200 21.600 0.400 75 0 75
29.200 22.000 0.400 75 0 75
29.200 22.400 0.400 75 0 75
29.200 22.800 0.400 75 0 75
29.200 23.200 0.400 255 0 255
29.200 23.200 0.800 255 40 200
29.200 23.200 1.200 255 40 200
29.200 23.200 1.600 255 40 200
29.200 23.200 2.000 255 40 200
29.200 23.600 0.400 255 0 255
29.200 23.600 0.800 255 40 200
29.200 23.600 1.200 255 40 200
29.200 23.600 1.600 255 40 200
29.200 24.000 0.400 255 0 255
29.200 24.400 0.400 255 0 255
29.200 24.400 0.800 100 150 245
29.200 24.400 1.200 100 150 245
29.200 24.800 0.400 255 0 255
29.200 24.800 1.200 100 150 245
29.200 25.200 0.400 255 0 255
29.200 25.200 0.800 100 150 245
29.200 25.200 1.200 100 150 245
29.200 25.600 0.400 255 0 255
29.200 26.000 0.400 255 0 255
29.200 26.400 0.400 255 0 255
29.200 26.800 0.400 255 0 255
29.200 26.800 0.800 100 150 245
29.200 26.800 1.200 100 150 245
29.200 26.800 1.600 100 150 245
29.200 26.800 2.000 100 150 245
29.200 27.200 0.400 255 0 255
29.200 27.200 0.800 100 150 245
29.200 27.200 1.600 100 150 245
29.200 27.200 2.000 100 150 245
29.200 27.600 0.400 255 0 255
29.200 27.600 0.800 100 150 245
29.200 27.600 1.600 100 150 245
29.200 27.600 2.000 100 150 245
29.200 28.000 0.400 255 0 255
29.200 28.000 0.800 100 150 245
29.200 28.000 1.200 100 150 245
29.200 28.000 1.600 100 150 245
29.200 28.000 2.000 100 150 245
29.200 28.400 0.400 255 0 255
29.200 28.400 0.800 100 150 245
29.200 28.400 1.200 100 150 245
29.200 28.400 1.600 100 150 245
29.200 28.800 0.400 150 240 80
29.200 28.800 0.800 0 175 0
29.200 28.800 4.000 0 175 0
29.200 29.200 0.800 150 240 80
29.200 29.200 2.800 0 175 0
29.200 29.600 0.800 150 240 80
29.200 29.600 3.600 0 175 0
29.200 29.600 4.000 0 175 0
29.200 30.000 0.800 0 175 0
29.200 30.000 1.200 0 175 0
29.200 30.000 2.800 0 175 0
29.200 30.400 0.800 0 175 0
29.200 30.400 1.200 0 175 0
29.200 30.400 1.600 0 175 0
29.200 30.400 3.200 0 175 0
29.200 30.400 3.600 0 175 0
29.200 30.800 0.800 0 175 0
29.200 30.800 1.200 0 175 0
29.200 30.800 1.600 0 175 0
29.200 31.200 0.800 150 240 80
29.200 31.200 1.200 0 175 0
29.200 31.600 0.800 150 240 80
29.200 31.600 1.200 0 175 0
29.200 31.600 1.600 0 175 0
29.200 32.000 0.800 0 175 0
29.200 32.000 1.200 0 175 0
29.200 32.000 1.600 0 175 0
29.200 32.400 1.200 0 175 0
29.200 32.400 1.600 0 175 0
29.200 32.800 0.400 150 240 80
29.200 32.800 2.000 0 175 0
29.200 32.800 2.400 0 175 0
29.200 32.800 2.800 0 175 0
29.200 33.200 0.400 150 240 80
29.200 33.200 1.200 0 175 0
29.200 33.200 1.600 0 175 0
29.200 33.200 2.000 0 175 0
29.200 33.200 2.400 0 175 0
29.200 33.200 2.800 0 175 0
29.200 33.600 1.200 0 175 0
29.200 33.600 1.600 0 175 0
29.200 33.600 2.000 0 175 0
29.200 33.600 2.400 0 175 0
29.200 33.600 2.800 0 175 0
29.200 33.600 3.200 0 175 0
29.200 34.000 1.200 0 175 0
29.200 34.000 1.600 0 175 0
29.200 34.000 2.000 0 175 0
29.200 34.000 2.400 0 175 0
29.200 34.000 2.800 0 175 0
29.200 34.400 2.000 0 175 0
29.200 34.400 2.400 0 175 0
29.200 38.400 2.000 0 175 0
29.200 38.800 2.400 0 175 0
29.600 3.200 2.800 0 175 0
29.600 3.200 3.600 0 175 0
29.600 3.600 2.800 0 175 0
29.600 4.000 2.000 0 175 0
29.600 4.000 2.400 0 175 0
29.600 4.000 2.800 0 175 0
29.600 4.400 1.600 0 175 0
29.600 5.200 1.200 0 175 0
29.600 6.800 0.800 0 175 0
29.600 8.400 2.400 0 175 0
29.600 8.800 2.400 0 175 0
29.600 9.200 2.000 0 175 0
29.600 9.200 2.400 0 175 0
29.600 9.600 2.000 0 175 0
29.600 9.600 2.400 0 175 0
29.600 10.400 1.600 0 175 0
29.600 10.800 1.600 0 175 0
29.600 10.800 2.000 0 175 0
29.600 11.200 1.200 0 175 0
29.600 19.200 2.400 0 175 0
29.600 19.600 1.600 0 175 0
29.600 19.600 2.000 0 175 0
29.600 19.600 2.400 0 175 0
29.600 20.000 1.200 0 175 0
29.600 20.000 1.600 0 175 0
29.600 20.000 2.000 0 175 0
29.600 20.000 2.400 0 175 0
29.600 20.000 2.800 0 175 0
29.600 20.400 1.600 0 175 0
29.600 20.400 2.000 0 175 0
29.600 20.400 2.800 0 175 0
29.600 20.800 0.400 75 0 75
29.600 20.800 2.800 0 175 0
29.600 21.200 0.400 75 0 75
29.600 21.600 0.400 75 0 75
29.600 22.400 0.400 75 0 75
29.600 22.800 0.400 75 0 75
29.600 23.200 0.400 255 0 255
29.600 23.200 0.800 255 40 200
29.600 23.200 1.200 255 40 200
29.600 23.200 1.600 255 40 200
29.600 23.200 2.000 255 40 200
29.600 23.600 0.400 255 0 255
29.600 23.600 0.800 255 40 200
29.600 23.600 1.200 255 40 200
29.600 23.600 1.600 255 40 200
29.600 24.000 0.400 255 0 255
29.600 24.400 0.400 255 0 255
29.600 24.800 0.400 255 0 255
29.600 25.200 0.400 255 0 255
29.600 25.600 0.400 255 0 255
29.600 26.000 0.400 255 0 255
29.600 26.400 0.400 255 0 255
29.600 26.800 0.400 100 150 245
29.600 26.800 0.800 100 150 245
29.600 26.800 1.200 100 150 245
29.600 26.800 1.600 100 150 245
29.600 26.800 2.000 100 150 245
29.600 27.200 0.400 255 0 255
29.600 27.200 1.600 100 150 245
29.600 27.200 2.000 100 150 245
29.600 27.600 0.400 255 0 255
29.600 27.600 2.000 100 150 245
29.600 28.000 0.400 255 0 255
29.600 28.000 1.200 100 150 245
29.600 28.000 1.600 100 150 245
29.600 28.000 2.000 100 150 245
29.600 28.400 0.400 100 150 245
29.600 28.400 1.600 100 150 245
29.600 28.800 0.400 150 240 80
29.600 28.800 0.800 0 175 0
29.600 29.200 0.800 150 240 80
29.600 29.200 2.400 0 175 0
29.600 29.200 2.800 0 175 0
29.600 29.200 4.000 0 175 0
29.600 29.600 0.800 150 240 80
29.600 29.600 1.200 0 175 0
29.600 29.600 2.800 0 175 0
29.600 30.000 0.800 0 175 0
29.600 30.000 1.200 0 175 0
29.600 30.000 2.800 0 175 0
29.600 30.400 0.800 0 175 0
29.600 30.400 1.200 0 175 0
29.600 30.400 1.600 0 175 0
29.600 30.400 3.200 0 175 0
29.600 30.800 0.800 150 240 80
29.600 30.800 1.200 0 175 0
29.600 30.800 1.600 0 175 0
29.600 31.200 0.800 150 240 80
29.600 31.200 1.200 0 175 0
29.600 31.200 1.600 0 175 0
29.600 31.600 0.800 150 240 80
29.600 31.600 1.200 0 175 0
29.600 31.600 1.600 0 175 0
29.600 31.600 3.200 0 175 0
29.600 31.600 3.600 0 175 0
29.600 32.000 0.800 150 240 80
29.600 32.000 1.200 0 175 0
29.600 32.000 1.600 0 175 0
29.600 32.000 3.200 0 175 0
29.600 32.400 0.400 150 240 80
29.600 32.400 0.800 150 240 80
29.600 32.400 2.400 0 175 0
29.600 32.800 0.800 150 240 80
29.600 32.800 2.000 0 175 0
29.600 32.800 2.400 0 175 0
29.600 32.800 3.600 0 175 0
29.600 33.200 0.400 150 240 80
29.600 33.200 0.800 0 175 0
29.600 33.200 1.600 0 175 0
29.600 33.200 2.000 0 175 0
29.600 33.200 2.400 0 175 0
29.600 33.200 2.800 0 175 0
29.600 33.600 0.400 150 240 80
29.600 33.600 0.800 0 175 0
29.600 33.600 1.200 0 175 0
29.600 33.600 1.600 0 175 0
29.600 33.600 2.000 0 175 0
29.600 33.600 2.400 0 175 0
29.600 33.600 2.800 0 175 0
29.600 34.000 0.800 0 175 0
29.600 34.000 2.000 0 175 0
29.600 34.000 2.400 0 175 0
29.600 34.000 2.800 0 175 0
29.600 34.400 1.600 150 240 80
29.600 34.400 2.000 0 175 0
29.600 34.400 2.400 0 175 0
29.600 34.800 2.400 0 175 0
29.600 38.400 1.600 135 60 0
29.600 38.400 2.000 135 60 0
29.600 38.800 2.400 0 175 0
29.600 43.200 3.200 0 175 0
30.000 3.200 3.200 0 175 0
30.000 3.600 2.800 0 175 0
30.000 3.600 3.200 0 175 0
30.000 4.000 2.400 0 175 0
30.000 4.000 2.800 0 175 0
30.000 4.000 3.200 0 175 0
30.000 5.600 0.800 0 175 0
30.000 6.800 1.200 0 175 0
30.000 8.400 2.800 0 175 0
30.000 8.800 2.400 0 175 0
30.000 10.800 1.200 0 175 0
30.000 13.200 0.800 0 175 0
30.000 18.000 2.400 0 175 0
30.000 19.200 2.400 0 175 0
30.000 19.200 2.800 0 175 0
30.000 19.600 1.200 0 175 0
30.000 19.600 1.600 0 175 0
30.000 19.600 2.000 0 175 0
30.000 19.600 2.400 0 175 0
30.000 19.600 2.800 0 175 0
30.000 20.000 0.800 255 120 50
30.000 20.000 1.200 0 175 0
30.000 20.000 1.600 0 175 0
30.000 20.000 2.000 0 175 0
30.000 20.000 2.400 0 175 0
30.000 20.000 2.800 0 175 0
30.000 20.400 0.800 255 120 50
30.000 20.400 1.600 0 175 0
30.000 20.400 2.000 0 175 0
30.000 21.200 0.400 75 0 75
30.000 21.600 0.400 75 0 75
30.000 22.400 0.400 75 0 75
30.000 22.800 0.400 255 0 255
30.000 23.200 0.400 255 0 255
30.000 23.200 0.800 255 40 200
30.000 23.200 1.200 255 40 200
30.000 23.200 1.600 255 40 200
30.000 23.200 2.000 255 40 200
30.000 23.600 0.400 255 0 255
30.000 23.600 1.600 255 40 200
30.000 24.000 0.400 255 0 255
30.000 24.000 0.800 100 150 245
30.000 24.400 0.400 255 0 255
30.000 24.400 1.200 100 150 245
30.000 24.800 0.400 255 0 255
30.000 24.800 0.800 100 150 245
30.000 24.800 1.200 100 150 245
30.000 25.200 0.400 255 0 255
30.000 25.200 0.800 100 150 245
30.000 25.200 1.200 100 150 245
30.000 25.600 0.400 255 0 255
30.000 26.000 0.400 255 0 255
30.000 26.400 0.400 255 0 255
30.000 26.800 0.400 255 0 255
30.000 26.800 0.800 100 150 245
30.000 26.800 1.200 100 150 245
30.000 26.800 1.600 100 150 245
30.000 26.800 2.000 100 150 245
30.000 27.200 0.400 255 0 255
30.000 27.200 1.600 100 150 245
30.000 27.200 2.000 100 150 245
30.000 27.600 0.400 255 0 255
30.000 27.600 2.000 100 150 245
30.000 28.000 0.400 255 0 255
30.000 28.000 1.200 100 150 245
30.000 28.000 1.600 100 150 245
30.000 28.000 2.000 100 150 245
30.000 28.400 0.400 255 0 255
30.000 28.400 1.200 100 150 245
30.000 28.400 1.600 100 150 245
30.000 28.800 0.400 150 240 80
30.000 28.800 0.800 150 240 80
30.000 29.200 0.800 150 240 80
30.000 29.600 0.800 150 240 80
30.000 29.600 1.200 0 175 0
30.000 29.600 2.400 0 175 0
30.000 29.600 2.800 0 175 0
30.000 29.600 3.200 0 175 0
30.000 30.000 0.800 0 175 0
30.000 30.000 1.200 0 175 0
30.000 30.000 1.600 0 175 0
30.000 30.000 2.400 0 175 0
30.000 30.000 2.800 0 175 0
30.000 30.000 3.200 0 175 0
30.000 30.400 0.800 0 175 0
30.000 30.400 1.200 0 175 0
30.000 30.400 1.600 0 175 0
30.000 30.400 2.800 0 175 0
30.000 30.400 3.200 0 175 0
30.000 30.400 4.000 0 175 0
30.000 30.800 0.800 150 240 80
30.000 30.800 1.200 0 175 0
30.000 30.800 1.600 0 175 0
30.000 30.800 2.800 0 175 0
30.000 31.200 0.800 150 240 80
30.000 31.200 1.200 0 175 0
30.000 31.200 1.600 0 175 0
30.000 31.600 0.800 150 240 80
30.000 31.600 1.200 0 175 0
30.000 31.600 1.600 0 175 0
30.000 31.600 2.800 0 175 0
30.000 31.600 3.200 0 175 0
30.000 31.600 3.600 0 175 0
30.000 32.000 0.800 150 240 80
30.000 32.000 1.200 0 175 0
30.000 32.000 1.600 0 175 0
30.000 32.000 2.000 0 175 0
30.000 32.400 2.000 0 175 0
30.000 32.400 2.400 0 175 0
30.000 32.800 2.400 0 175 0
30.000 33.200 0.800 0 175 0
30.000 33.200 1.600 0 175 0
30.000 33.200 2.000 0 175 0
30.000 33.200 2.400 0 175 0
30.000 33.200 2.800 0 175 0
30.000 33.200 3.200 0 175 0
30.000 33.600 0.400 150 240 80
30.000 33.600 1.200 0 175 0
30.000 33.600 1.600 0 175 0
30.000 33.600 2.000 0 175 0
30.000 33.600 2.400 0 175 0
30.000 33.600 2.800 0 175 0
30.000 34.000 0.800 0 175 0
30.000 34.000 1.200 0 175 0
30.000 34.000 1.600 0 175 0
30.000 34.000 2.000 0 175 0
30.000 34.000 2.400 0 175 0
30.000 34.000 2.800 0 175 0
30.000 34.000 3.600 0 175 0
30.000 34.400 1.600 0 175 0
30.000 34.400 2.000 0 175 0
30.000 34.800 2.000 0 175 0
30.000 34.800 2.400 0 175 0
30.000 35.200 2.800 0 175 0
30.000 38.400 2.000 135 60 0
30.000 38.400 2.800 135 60 0
30.000 38.400 3.200 135 60 0
30.000 39.200 2.800 0 175 0
30.400 3.200 2.800 0 175 0
30.400 3.200 3.200 0 175 0
30.400 3.600 2.400 0 175 0
30.400 3.600 2.800 0 175 0
30.400 8.400 2.400 0 175 0
30.400 8.800 1.600 0 175 0
30.400 8.800 2.000 0 175 0
30.400 8.800 2.400 0 175 0
30.400 9.200 2.000 0 175 0
30.400 9.600 1.200 0 175 0
30.400 18.000 2.400 0 175 0
30.400 18.000 2.800 0 175 0
30.400 18.400 0.800 0 175 0
30.400 18.800 2.400 0 175 0
30.400 19.200 2.400 0 175 0
30.400 19.200 2.800 0 175 0
30.400 19.600 1.200 0 175 0
30.400 19.600 2.000 0 175 0
30.400 19.600 2.400 0 175 0
30.400 19.600 2.800 0 175 0
30.400 20.000 0.800 255 120 50
30.400 20.000 1.200 0 175 0
30.400 20.000 1.600 0 175 0
30.400 20.000 2.000 0 175 0
30.400 20.000 2.400 0 175 0
30.400 20.000 2.800 0 175 0
30.400 20.400 1.600 0 175 0
30.400 20.400 2.000 0 175 0
30.400 20.400 2.400 0 175 0
30.400 20.400 2.800 0 175 0
30.400 20.800 3.200 0 175 0
30.400 21.600 0.400 75 0 75
30.400 22.400 0.400 75 0 75
30.400 22.800 0.400 255 0 255
30.400 23.200 0.400 255 0 255
30.400 23.200 0.800 255 40 200
30.400 23.200 1.200 255 40 200
30.400 23.200 1.600 255 40 200
30.400 23.200 2.000 255 40 200
30.400 23.600 0.400 255 0 255
30.400 23.600 1.600 255 40 200
30.400 24.000 0.400 255 0 255
30.400 24.400 0.400 255 0 255
30.400 24.800 0.400 255 0 255
30.400 25.200 0.400 255 0 255
30.400 25.600 0.400 255 0 255
30.400 26.000 0.400 255 0 255
30.400 26.400 0.400 255 0 255
30.400 26.800 0.400 255 0 255
30.400 26.800 0.800 100 150 245
30.400 26.800 1.200 100 150 245
30.400 26.800 1.600 100 150 245
30.400 26.800 2.000 100 150 245
30.400 27.200 0.400 255 0 255
30.400 27.200 1.600 100 150 245
30.400 27.600 0.400 255 0 255
30.400 28.000 0.400 255 0 255
30.400 28.000 1.200 100 150 245
30.400 28.000 1.600 100 150 245
30.400 28.400 0.400 255 0 255
30.400 28.400 1.200 100 150 245
30.400 28.400 1.600 100 150 245
30.400 28.800 0.400 150 240 80
30.400 29.200 0.800 150 240 80
30.400 29.600 0.800 0 175 0
30.400 29.600 1.200 0 175 0
30.400 29.600 1.600 0 175 0
30.400 29.600 2.400 0 175 0
30.400 29.600 2.800 0 175 0
30.400 30.000 0.800 0 175 0
30.400 30.000 1.200 0 175 0
30.400 30.000 1.600 0 175 0
30.400 30.000 2.400 0 175 0
30.400 30.000 2.800 0 175 0
30.400 30.400 0.800 0 175 0
30.400 30.400 1.200 0 175 0
30.400 30.400 1.600 0 175 0
30.400 30.400 2.000 0 175 0
30.400 30.400 2.400 0 175 0
30.400 30.400 2.800 0 175 0
30.400 30.400 3.200 0 175 0
30.400 30.800 0.800 150 240 80
30.400 30.800 1.200 0 175 0
30.400 30.800 1.600 0 175 0
30.400 30.800 2.000 0 175 0
30.400 30.800 2.400 0 175 0
30.400 30.800 2.800 0 175 0
30.400 30.800 3.600 0 175 0
30.400 31.200 0.800 150 240 80
30.400 31.200 1.200 0 175 0
30.400 31.200 1.600 0 175 0
30.400 31.200 2.000 0 175 0
30.400 31.200 2.400 0 175 0
30.400 31.200 2.800 0 175 0
30.400 31.600 0.800 150 240 80
30.400 31.600 1.200 0 175 0
30.400 31.600 2.000 0 175 0
30.400 31.600 2.400 0 175 0
30.400 31.600 2.800 0 175 0
30.400 31.600 3.600 0 175 0
30.400 32.000 0.800 150 240 80
30.400 32.000 1.200 0 175 0
30.400 32.000 1.600 0 175 0
30.400 32.000 2.000 0 175 0
30.400 32.000 2.400 0 175 0
30.400 32.000 2.800 0 175 0
30.400 32.400 1.200 0 175 0
30.400 32.400 1.600 0 175 0
30.400 32.400 2.000 0 175 0
30.400 32.400 2.400 0 175 0
30.400 32.400 2.800 0 175 0
30.400 32.400 3.200 0 175 0
30.400 32.800 0.800 0 175 0
30.400 32.800 2.000 0 175 0
30.400 32.800 2.400 0 175 0
30.400 32.800 2.800 0 175 0
30.400 32.800 3.200 0 175 0
30.400 33.200 1.200 0 175 0
30.400 33.200 1.600 0 175 0
30.400 33.200 2.000 0 175 0
30.400 33.200 2.400 0 175 0
30.400 33.200 2.800 0 175 0
30.400 33.200 3.200 0 175 0
30.400 33.600 1.200 0 175 0
30.400 33.600 1.600 0 175 0
30.400 33.600 2.000 0 175 0
30.400 33.600 2.400 0 175 0
30.400 33.600 2.800 0 175 0
30.400 34.000 0.400 150 240 80
30.400 34.000 0.800 150 240 80
30.400 34.000 1.200 0 175 0
30.400 34.000 1.600 0 175 0
30.400 34.000 2.000 0 175 0
30.400 34.000 2.400 0 175 0
30.400 34.400 2.000 0 175 0
30.400 34.400 2.400 0 175 0
30.400 34.400 3.200 0 175 0
30.400 34.800 2.000 0 175 0
30.400 34.800 2.400 0 175 0
30.400 35.200 2.400 0 175 0
30.400 38.400 2.000 135 60 0
30.400 38.400 2.400 135 60 0
30.400 38.800 2.400 135 60 0
30.400 39.200 2.000 0 175 0
30.400 40.400 2.800 0 175 0
30.400 42.800 2.800 0 175 0
30.400 43.200 2.400 0 175 0
30.400 43.200 3.200 0 175 0
30.400 44.800 2.800 0 175 0
30.800 2.000 2.400 0 175 0
30.800 5.600 0.800 0 175 0
30.800 5.600 1.200 0 175 0
30.800 6.000 1.200 0 175 0
30.800 6.800 1.200 0 175 0
30.800 7.200 1.200 0 175 0
30.800 8.800 2.400 0 175 0
30.800 9.200 1.200 0 175 0
30.800 17.200 2.400 0 175 0
30.800 17.600 2.000 0 175 0
30.800 17.600 2.400 0 175 0
30.800 18.400 2.800 0 175 0
30.800 19.200 2.000 0 175 0
30.800 19.200 2.400 0 175 0
30.800 19.200 2.800 0 175 0
30.800 19.600 1.200 0 175 0
30.800 19.600 2.000 0 175 0
30.800 19.600 2.400 0 175 0
30.800 19.600 2.800 0 175 0
30.800 19.600 3.200 0 175 0
30.800 20.000 0.800 255 120 50
30.800 20.000 1.200 0 175 0
30.800 20.000 1.600 0 175 0
30.800 20.000 2.000 0 175 0
30.800 20.000 2.400 0 175 0
30.800 20.000 2.800 0 175 0
30.800 20.000 3.200 0 175 0
30.800 20.400 1.600 0 175 0
30.800 20.400 2.000 0 175 0
30.800 20.400 2.400 0 175 0
30.800 20.400 2.800 0 175 0
30.800 20.400 3.200 0 175 0
30.800 20.800 0.400 75 0 75
30.800 22.400 0.400 75 0 75
30.800 22.800 0.400 255 0 255
30.800 23.200 0.400 255 0 255
30.800 23.200 0.800 255 40 200
30.800 23.200 1.200 255 40 200
30.800 23.200 1.600 255 40 200
30.800 23.200 2.000 255 40 200
30.800 23.600 0.400 255 0 255
30.800 24.000 0.400 255 0 255
30.800 24.400 0.400 255 0 255
30.800 24.400 1.200 100 150 245
30.800 24.800 0.400 255 0 255
30.800 24.800 0.800 100 150 245
30.800 25.200 0.400 255 0 255
30.800 25.600 0.400 255 0 255
30.800 26.000 0.400 255 0 255
30.800 26.400 0.400 255 0 255
30.800 26.800 0.400 255 0 255
30.800 26.800 0.800 100 150 245
30.800 26.800 1.200 100 150 245
30.800 26.800 1.600 100 150 245
30.800 26.800 2.000 100 150 245
30.800 27.200 0.400 255 0 255
30.800 27.200 1.600 100 150 245
30.800 27.200 2.000 100 150 245
30.800 27.600 0.400 255 0 255
30.800 27.600 1.200 100 150 245
30.800 27.600 1.600 100 150 245
30.800 28.000 0.400 255 0 255
30.800 28.000 0.800 100 150 245
30.800 28.000 1.200 100 150 245
30.800 28.000 1.600 100 150 245
30.800 28.000 2.000 100 150 245
30.800 28.400 0.400 255 0 255
30.800 28.400 0.800 100 150 245
30.800 28.400 1.200 100 150 245
30.800 28.400 1.600 100 150 245
30.800 28.800 0.400 150 240 80
30.800 29.200 0.800 150 240 80
30.800 29.200 2.800 0 175 0
30.800 29.600 0.800 0 175 0
30.800 29.600 1.200 0 175 0
30.800 29.600 1.600 0 175 0
30.800 29.600 2.800 0 175 0
30.800 30.000 0.800 0 175 0
30.800 30.000 1.200 0 175 0
30.800 30.000 1.600 0 175 0
30.800 30.000 2.000 0 175 0
30.800 30.000 2.400 0 175 0
30.800 30.000 2.800 0 175 0
30.800 30.400 0.800 0 175 0
30.800 30.400 1.200 0 175 0
30.800 30.400 1.600 0 175 0
30.800 30.400 2.000 0 175 0
30.800 30.400 2.400 0 175 0
30.800 30.400 2.800 0 175 0
30.800 30.400 3.200 0 175 0
30.800 30.800 0.800 150 240 80
30.800 30.800 1.600 0 175 0
30.800 30.800 2.000 0 175 0
30.800 30.800 2.400 0 175 0
30.800 30.800 2.800 0 175 0
30.800 30.800 3.200 0 175 0
30.800 31.200 1.200 0 175 0
30.800 31.200 1.600 0 175 0
30.800 31.200 2.000 0 175 0
30.800 31.200 2.400 0 175 0
30.800 31.200 2.800 0 175 0
30.800 31.200 3.200 0 175 0
30.800 31.600 0.800 150 240 80
30.800 31.600 1.200 0 175 0
30.800 31.600 1.600 0 175 0
30.800 31.600 2.000 0 175 0
30.800 31.600 2.400 0 175 0
30.800 31.600 2.800 0 175 0
30.800 31.600 3.200 0 175 0
30.800 32.000 0.800 150 240 80
30.800 32.000 1.200 0 175 0
30.800 32.000 2.000 0 175 0
30.800 32.000 2.400 0 175 0
30.800 32.000 2.800 0 175 0
30.800 32.000 3.600 0 175 0
30.800 32.400 0.800 150 240 80
30.800 32.400 1.200 0 175 0
30.800 32.400 1.600 0 175 0
30.800 32.400 2.000 0 175 0
30.800 32.400 2.400 0 175 0
30.800 32.400 2.800 0 175 0
30.800 32.400 3.200 0 175 0
30.800 32.400 3.600 0 175 0
30.800 32.800 0.800 0 175 0
30.800 32.800 1.200 0 175 0
30.800 32.800 1.600 0 175 0
30.800 32.800 2.000 0 175 0
30.800 32.800 2.400 0 175 0
30.800 32.800 2.800 0 175 0
30.800 32.800 3.200 0 175 0
30.800 33.200 0.400 150 240 80
30.800 33.200 0.800 0 175 0
30.800 33.200 1.200 0 175 0
30.800 33.200 1.600 0 175 0
30.800 33.200 2.000 0 175 0
30.800 33.200 2.400 0 175 0
30.800 33.200 2.800 0 175 0
30.800 33.200 3.200 0 175 0
30.800 33.600 1.200 0 175 0
30.800 33.600 1.600 0 175 0
30.800 33.600 2.000 0 175 0
30.800 33.600 2.400 0 175 0
30.800 34.000 1.200 0 175 0
30.800 34.000 1.600 0 175 0
30.800 34.000 2.000 0 175 0
30.800 34.000 2.400 0 175 0
30.800 34.400 2.000 0 175 0
30.800 34.400 2.400 0 175 0
30.800 34.400 2.800 0 175 0
30.800 34.800 2.000 0 175 0
30.800 34.800 2.400 0 175 0
30.800 34.800 2.800 0 175 0
30.800 35.200 2.000 0 175 0
30.800 37.600 3.200 0 175 0
30.800 38.400 2.800 135 60 0
30.800 38.800 1.200 135 60 0
30.800 38.800 1.600 135 60 0
30.800 38.800 2.800 135 60 0
30.800 38.800 3.200 135 60 0
30.800 39.200 2.400 0 175 0
30.800 40.000 2.800 0 175 0
30.800 42.800 2.400 0 175 0
30.800 44.000 3.600 0 175 0
30.800 44.800 2.800 0 175 0
30.800 45.200 2.800 0 175 0
31.200 0.400 2.400 0 175 0
31.200 1.200 2.000 0 175 0
31.200 1.600 2.400 0 175 0
31.200 3.200 0.800 0 175 0
31.200 4.800 2.400 0 175 0
31.200 9.600 2.400 0 175 0
31.200 9.600 3.200 0 175 0
31.200 10.400 2.400 0 175 0
31.200 18.000 2.000 0 175 0
31.200 18.000 2.400 0 175 0
31.200 18.400 2.400 0 175 0
31.200 18.800 2.400 0 175 0
31.200 18.800 2.800 0 175 0
31.200 19.200 2.400 0 175 0
31.200 19.200 2.800 0 175 0
31.200 19.200 3.200 0 175 0
31.200 19.600 1.200 0 175 0
31.200 19.600 2.000 0 175 0
31.200 19.600 2.400 0 175 0
31.200 19.600 2.800 0 175 0
31.200 20.000 0.800 255 120 50
31.200 20.000 1.200 0 175 0
31.200 20.000 1.600 0 175 0
31.200 20.000 2.000 0 175 0
31.200 20.000 2.400 0 175 0
31.200 20.000 3.200 0 175 0
31.200 20.400 1.600 0 175 0
31.200 20.400 2.000 0 175 0
31.200 20.400 2.400 0 175 0
31.200 20.400 2.800 0 175 0
31.200 20.400 3.200 0 175 0
31.200 20.800 0.400 75 0 75
31.200 20.800 2.400 0 175 0
31.200 20.800 2.800 0 175 0
31.200 20.800 3.200 0 175 0
31.200 22.400 0.400 75 0 75
31.200 22.800 0.400 255 0 255
31.200 23.200 0.400 255 0 255
31.200 23.200 0.800 255 40 200
31.200 23.200 1.200 255 40 200
31.200 23.200 2.000 255 40 200
31.200 23.600 0.400 255 0 255
31.200 24.000 0.400 255 0 255
31.200 24.400 0.400 255 0 255
31.200 24.800 0.400 255 0 255
31.200 24.800 0.800 100 150 245
31.200 25.200 0.400 255 0 255
31.200 25.600 0.400 255 0 255
31.200 26.000 0.400 255 0 255
31.200 26.400 0.400 255 0 255
31.200 26.800 0.400 255 0 255
31.200 26.800 0.800 100 150 245
31.200 26.800 1.200 100 150 245
31.200 26.800 1.600 100 150 245
31.200 26.800 2.000 100 150 245
31.200 27.200 0.400 255 0 255
31.200 27.200 1.200 100 150 245
31.200 27.200 1.600 100 150 245
31.200 27.200 2.000 100 150 245
31.200 27.600 0.400 255 0 255
31.200 27.600 1.200 100 150 245
31.200 27.600 1.600 100 150 245
31.200 28.000 0.400 255 0 255
31.200 28.000 0.800 100 150 245
31.200 28.000 1.200 100 150 245
31.200 28.000 1.600 100 150 245
31.200 28.000 2.000 100 150 245
31.200 28.400 0.800 100 150 245
31.200 28.400 1.200 100 150 245
31.200 28.400 1.600 100 150 245
31.200 29.600 0.800 0 175 0
31.200 29.600 1.200 0 175 0
31.200 29.600 2.800 0 175 0
31.200 30.000 0.800 0 175 0
31.200 30.000 1.200 0 175 0
31.200 30.000 1.600 0 175 0
31.200 30.000 2.400 0 175 0
31.200 30.000 2.800 0 175 0
31.200 30.400 0.800 0 175 0
31.200 30.400 1.200 0 175 0
31.200 30.400 1.600 0 175 0
31.200 30.400 2.400 0 175 0
31.200 30.400 2.800 0 175 0
31.200 30.400 3.200 0 175 0
31.200 30.800 0.800 0 175 0
31.200 30.800 1.200 0 175 0
31.200 30.800 1.600 0 175 0
31.200 30.800 2.000 0 175 0
31.200 30.800 2.400 0 175 0
31.200 30.800 2.800 0 175 0
31.200 30.800 3.200 0 175 0
31.200 31.200 0.800 150 240 80
31.200 31.200 1.200 0 175 0
31.200 31.200 1.600 0 175 0
31.200 31.200 2.000 0 175 0
31.200 31.200 2.400 0 175 0
31.200 31.200 2.800 0 175 0
31.200 31.600 1.200 0 175 0
31.200 31.600 1.600 0 175 0
31.200 31.600 2.000 0 175 0
31.200 31.600 2.400 0 175 0
31.200 31.600 2.800 0 175 0
31.200 31.600 3.600 0 175 0
31.200 32.000 0.800 150 240 80
31.200 32.000 1.200 0 175 0
31.200 32.000 1.600 0 175 0
31.200 32.000 2.000 0 175 0
31.200 32.000 2.400 0 175 0
31.200 32.000 3.200 0 175 0
31.200 32.400 0.800 150 240 80
31.200 32.400 1.200 0 175 0
31.200 32.400 1.600 0 175 0
31.200 32.400 2.000 0 175 0
31.200 32.400 2.400 0 175 0
31.200 32.400 2.800 0 175 0
31.200 32.400 3.200 0 175 0
31.200 32.400 3.600 0 175 0
31.200 32.800 0.400 150 240 80
31.200 32.800 1.200 0 175 0
31.200 32.800 1.600 0 175 0
31.200 32.800 2.000 0 175 0
31.200 32.800 2.400 0 175 0
31.200 32.800 2.800 0 175 0
31.200 32.800 3.600 0 175 0
31.200 33.200 0.400 150 240 80
31.200 33.200 0.800 0 175 0
31.200 33.200 1.200 0 175 0
31.200 33.200 1.600 0 175 0
31.200 33.200 2.000 0 175 0
31.200 33.200 2.400 0 175 0
31.200 33.200 2.800 0 175 0
31.200 33.200 3.200 0 175 0
31.200 33.600 0.400 150 240 80
31.200 33.600 0.800 0 175 0
31.200 33.600 1.200 0 175 0
31.200 33.600 1.600 0 175 0
31.200 33.600 2.000 0 175 0
31.200 33.600 2.400 0 175 0
31.200 34.000 1.200 0 175 0
31.200 34.000 1.600 0 175 0
31.200 34.000 2.000 0 175 0
31.200 34.000 2.400 0 175 0
31.200 34.000 2.800 0 175 0
31.200 34.400 1.200 150 240 80
31.200 34.400 2.000 0 175 0
31.200 34.400 2.400 0 175 0
31.200 34.400 2.800 0 175 0
31.200 34.800 1.200 0 175 0
31.200 34.800 1.600 0 175 0
31.200 34.800 2.000 0 175 0
31.200 35.200 1.600 0 175 0
31.200 35.200 2.000 0 175 0
31.200 35.200 2.400 0 175 0
31.200 35.600 2.000 0 175 0
31.200 36.800 1.600 0 175 0
31.200 37.200 1.600 0 175 0
31.200 37.600 2.800 135 60 0
31.200 37.600 3.200 135 60 0
31.200 38.000 2.000 135 60 0
31.200 38.000 2.400 135 60 0
31.200 38.400 1.200 135 60 0
31.200 38.400 1.600 135 60 0
31.200 38.800 0.400 135 60 0
31.200 38.800 0.800 135 60 0
31.200 38.800 1.200 135 60 0
31.200 38.800 1.600 135 60 0
31.200 38.800 2.000 135 60 0
31.200 38.800 2.400 135 60 0
31.200 38.800 2.800 135 60 0
31.200 46.000 3.600 0 175 0
31.600 0.000 2.800 0 175 0
31.600 1.600 1.600 0 175 0
31.600 3.600 0.800 0 175 0
31.600 4.000 0.800 0 175 0
31.600 4.000 2.800 0 175 0
31.600 4.800 2.800 0 175 0
31.600 5.200 2.800 0 175 0
31.600 7.200 1.600 0 175 0
31.600 9.200 2.800 0 175 0
31.600 9.600 2.400 0 175 0
31.600 9.600 2.800 0 175 0
31.600 10.000 0.800 0 175 0
31.600 10.000 2.000 0 175 0
31.600 10.000 2.400 0 175 0
31.600 10.000 2.800 0 175 0
31.600 10.400 2.000 0 175 0
31.600 10.400 2.800 0 175 0
31.600 17.600 2.400 0 175 0
31.600 18.000 2.400 0 175 0
31.600 18.000 2.800 0 175 0
31.600 18.400 2.400 0 175 0
31.600 18.400 2.800 0 175 0
31.600 18.800 2.400 0 175 0
31.600 19.200 2.000 0 175 0
31.600 19.200 2.400 0 175 0
31.600 19.200 2.800 0 175 0
31.600 19.600 2.000 0 175 0
31.600 19.600 2.400 0 175 0
31.600 19.600 2.800 0 175 0
31.600 20.000 0.800 255 120 50
31.600 20.000 1.200 0 175 0
31.600 20.000 1.600 0 175 0
31.600 20.000 2.000 0 175 0
31.600 20.000 2.400 0 175 0
31.600 20.000 2.800 0 175 0
31.600 20.000 3.200 0 175 0
31.600 20.400 0.800 255 120 50
31.600 20.400 1.600 0 175 0
31.600 20.400 2.000 0 175 0
31.600 20.400 2.400 0 175 0
31.600 20.400 2.800 0 175 0
31.600 20.800 2.400 0 175 0
31.600 20.800 2.800 0 175 0
31.600 20.800 3.200 0 175 0
31.600 21.200 0.400 75 0 75
31.600 22.400 0.400 75 0 75
31.600 22.800 0.400 255 0 255
31.600 22.800 0.800 255 40 200
31.600 22.800 1.200 255 40 200
31.600 23.200 0.400 255 0 255
31.600 23.200 0.800 255 40 200
31.600 23.200 1.200 255 40 200
31.600 23.600 0.400 255 0 255
31.600 24.000 0.400 255 0 255
31.600 24.400 0.400 255 0 255
31.600 24.800 0.400 255 0 255
31.600 25.200 0.400 255 0 255
31.600 25.600 0.400 255 0 255
31.600 26.000 0.400 255 0 255
31.600 26.400 0.400 255 0 255
31.600 26.800 0.400 255 0 255
31.600 26.800 0.800 100 150 245
31.600 26.800 1.200 100 150 245
31.600 26.800 1.600 100 150 245
31.600 26.800 2.000 100 150 245
31.600 27.200 0.400 255 0 255
31.600 27.200 2.000 100 150 245
31.600 27.600 0.400 255 0 255
31.600 27.600 1.200 100 150 245
31.600 27.600 2.000 100 150 245
31.600 28.000 0.400 255 0 255
31.600 28.000 1.200 100 150 245
31.600 28.000 2.000 100 150 245
31.600 28.400 1.200 100 150 245
31.600 28.400 1.600 100 150 245
31.600 29.600 0.800 0 175 0
31.600 29.600 2.800 0 175 0
31.600 29.600 3.200 0 175 0
31.600 30.000 0.800 0 175 0
31.600 30.000 1.200 0 175 0
31.600 30.000 2.400 0 175 0
31.600 30.000 2.800 0 175 0
31.600 30.000 3.200 0 175 0
31.600 30.400 0.800 0 175 0
31.600 30.400 1.600 0 175 0
31.600 30.400 2.400 0 175 0
31.600 30.400 2.800 0 175 0
31.600 30.400 3.200 0 175 0
31.600 30.800 0.800 0 175 0
31.600 30.800 1.200 0 175 0
31.600 30.800 1.600 0 175 0
31.600 30.800 2.000 0 175 0
31.600 30.800 2.400 0 175 0
31.600 30.800 2.800 0 175 0
31.600 31.200 0.800 150 240 80
31.600 31.200 1.200 0 175 0
31.600 31.200 1.600 0 175 0
31.600 31.200 2.000 0 175 0
31.600 31.200 2.400 0 175 0
31.600 31.200 2.800 0 175 0
31.600 31.200 3.200 0 175 0
31.600 31.600 0.800 150 240 80
31.600 31.600 1.200 0 175 0
31.600 31.600 2.000 0 175 0
31.600 31.600 2.400 0 175 0
31.600 31.600 2.800 0 175 0
31.600 31.600 3.200 0 175 0
31.600 32.000 0.800 0 175 0
31.600 32.000 1.200 0 175 0
31.600 32.000 1.600 0 175 0
31.600 32.000 2.000 0 175 0
31.600 32.000 2.400 0 175 0
31.600 32.000 2.800 0 175 0
31.600 32.000 3.600 0 175 0
31.600 32.400 1.200 0 175 0
31.600 32.400 1.600 0 175 0
31.600 32.400 2.000 0 175 0
31.600 32.400 2.400 0 175 0
31.600 32.400 3.200 0 175 0
31.600 32.400 3.600 0 175 0
31.600 32.800 0.800 0 175 0
31.600 32.800 1.200 0 175 0
31.600 32.800 1.600 0 175 0
31.600 32.800 2.000 0 175 0
31.600 32.800 2.400 0 175 0
31.600 32.800 2.800 0 175 0
31.600 32.800 3.200 0 175 0
31.600 33.200 0.800 0 175 0
31.600 33.200 1.200 0 175 0
31.600 33.200 1.600 0 175 0
31.600 33.200 2.000 0 175 0
31.600 33.200 2.400 0 175 0
31.600 33.200 2.800 0 175 0
31.600 33.200 3.200 0 175 0
31.600 33.200 3.600 0 175 0
31.600 33.600 0.800 0 175 0
31.600 33.600 1.200 0 175 0
31.600 33.600 1.600 0 175 0
31.600 33.600 2.000 0 175 0
31.600 33.600 2.400 0 175 0
31.600 33.600 2.800 0 175 0
31.600 33.600 3.200 0 175 0
31.600 34.000 1.200 0 175 0
31.600 34.000 1.600 0 175 0
31.600 34.000 2.000 0 175 0
31.600 34.000 2.400 0 175 0
31.600 34.000 2.800 0 175 0
31.600 34.400 1.200 0 175 0
31.600 34.400 1.600 0 175 0
31.600 34.400 2.400 0 175 0
31.600 34.400 2.800 0 175 0
31.600 34.400 3.200 0 175 0
31.600 34.800 0.800 150 240 80
31.600 34.800 1.200 0 175 0
31.600 34.800 1.600 0 175 0
31.600 34.800 2.400 0 175 0
31.600 34.800 2.800 0 175 0
31.600 35.200 1.200 0 175 0
31.600 35.200 2.000 0 175 0
31.600 35.200 2.400 0 175 0
31.600 35.600 1.600 0 175 0
31.600 38.400 1.200 135 60 0
31.600 38.400 3.200 135 60 0
31.600 38.800 0.000 135 60 0
31.600 38.800 0.400 135 60 0
31.600 38.800 0.800 135 60 0
31.600 38.800 1.200 135 60 0
31.600 38.800 2.000 135 60 0
31.600 38.800 2.400 135 60 0
31.600 38.800 2.800 135 60 0
31.600 38.800 3.200 135 60 0
31.600 39.200 0.800 0 175 0
31.600 39.200 2.800 0 175 0
32.000 0.000 2.400 0 175 0
32.000 0.000 2.800 0 175 0
32.000 1.200 0.800 0 175 0
32.000 1.200 2.800 0 175 0
32.000 1.600 0.800 0 175 0
32.000 2.400 2.800 0 175 0
32.000 2.800 0.800 0 175 0
32.000 3.200 0.800 0 175 0
32.000 3.600 0.800 0 175 0
32.000 3.600 2.000 0 175 0
32.000 4.000 2.000 0 175 0
32.000 4.400 1.600 0 175 0
32.000 4.400 2.000 0 175 0
32.000 4.400 2.400 0 175 0
32.000 4.400 2.800 0 175 0
32.000 4.400 3.200 0 175 0
32.000 4.800 2.800 0 175 0
32.000 4.800 3.200 0 175 0
32.000 5.200 2.800 0 175 0
32.000 5.600 2.800 0 175 0
32.000 6.000 2.400 0 175 0
32.000 6.800 1.600 0 175 0
32.000 7.600 1.200 0 175 0
32.000 7.600 1.600 0 175 0
32.000 8.800 0.800 0 175 0
32.000 9.200 3.200 0 175 0
32.000 9.600 2.000 0 175 0
32.000 10.000 2.000 0 175 0
32.000 10.000 2.400 0 175 0
32.000 10.000 2.800 0 175 0
32.000 10.400 2.800 0 175 0
32.000 17.200 2.000 0 175 0
32.000 17.200 2.400 0 175 0
32.000 17.600 2.400 0 175 0
32.000 18.000 2.400 0 175 0
32.000 18.000 2.800 0 175 0
32.000 18.400 2.400 0 175 0
32.000 18.400 2.800 0 175 0
32.000 18.800 2.400 0 175 0
32.000 19.200 1.600 0 175 0
32.000 19.200 2.400 0 175 0
32.000 19.200 2.800 0 175 0
32.000 19.600 1.200 0 175 0
32.000 19.600 1.600 0 175 0
32.000 19.600 2.000 0 175 0
32.000 19.600 2.400 0 175 0
32.000 20.000 0.800 255 120 50
32.000 20.000 1.200 0 175 0
32.000 20.000 1.600 0 175 0
32.000 20.000 2.000 0 175 0
32.000 20.000 2.400 0 175 0
32.000 20.000 2.800 0 175 0
32.000 20.400 1.600 0 175 0
32.000 20.400 2.000 0 175 0
32.000 20.400 2.400 0 175 0
32.000 20.400 2.800 0 175 0
32.000 20.800 0.400 75 0 75
32.000 20.800 2.000 0 175 0
32.000 20.800 2.400 0 175 0
32.000 20.800 2.800 0 175 0
32.000 20.800 3.200 0 175 0
32.000 21.200 3.200 0 175 0
32.000 21.600 3.600 0 175 0
32.000 22.400 0.400 75 0 75
32.000 22.800 0.400 255 0 255
32.000 22.800 0.800 255 40 200
32.000 23.200 0.400 255 0 255
32.000 23.200 0.800 255 40 200
32.000 23.200 1.200 255 40 200
32.000 23.600 0.400 255 0 255
32.000 24.000 0.400 255 0 255
32.000 24.400 0.400 255 0 255
32.000 24.800 0.400 255 0 255
32.000 25.200 0.400 255 0 255
32.000 25.600 0.400 255 0 255
32.000 26.000 0.400 255 0 255
32.000 26.400 0.400 255 0 255
32.000 26.400 1.600 100 150 245
32.000 26.800 0.400 255 0 255
32.000 26.800 0.800 100 150 245
32.000 26.800 1.200 100 150 245
32.000 26.800 1.600 100 150 245
32.000 26.800 2.000 100 150 245
32.000 27.200 0.400 255 0 255
32.000 27.200 1.600 100 150 245
32.000 27.600 0.400 255 0 255
32.000 27.600 1.600 100 150 245
32.000 27.600 2.000 100 150 245
32.000 28.000 0.400 255 0 255
32.000 28.000 0.800 100 150 245
32.000 28.000 1.200 100 150 245
32.000 28.000 1.600 100 150 245
32.000 28.000 2.000 100 150 245
32.000 28.400 0.400 255 0 255
32.000 28.400 0.800 100 150 245
32.000 28.400 1.200 100 150 245
32.000 28.400 1.600 100 150 245
32.000 29.200 0.800 150 240 80
32.000 29.600 0.800 0 175 0
32.000 30.000 0.800 0 175 0
32.000 30.000 1.200 0 175 0
32.000 30.000 1.600 0 175 0
32.000 30.400 0.800 0 175 0
32.000 30.400 1.200 0 175 0
32.000 30.400 2.000 0 175 0
32.000 30.400 2.400 0 175 0
32.000 30.800 0.800 0 175 0
32.000 30.800 1.200 0 175 0
32.000 30.800 2.000 0 175 0
32.000 30.800 2.400 0 175 0
32.000 30.800 2.800 0 175 0
32.000 31.200 0.800 150 240 80
32.000 31.200 1.200 0 175 0
32.000 31.200 1.600 0 175 0
32.000 31.200 2.000 0 175 0
32.000 31.200 2.400 0 175 0
32.000 31.200 2.800 0 175 0
32.000 31.600 0.800 150 240 80
32.000 31.600 1.200 0 175 0
32.000 31.600 2.000 0 175 0
32.000 31.600 2.400 0 175 0
32.000 31.600 2.800 0 175 0
32.000 31.600 3.600 0 175 0
32.000 32.000 0.800 150 240 80
32.000 32.000 1.200 0 175 0
32.000 32.000 2.000 0 175 0
32.000 32.000 2.400 0 175 0
32.000 32.000 2.800 0 175 0
32.000 32.000 3.600 0 175 0
32.000 32.400 0.800 0 175 0
32.000 32.400 1.200 0 175 0
32.000 32.400 1.600 0 175 0
32.000 32.400 2.000 0 175 0
32.000 32.400 2.400 0 175 0
32.000 32.400 2.800 0 175 0
32.000 32.400 3.200 0 175 0
32.000 32.400 3.600 0 175 0
32.000 32.800 0.800 0 175 0
32.000 32.800 1.200 0 175 0
32.000 32.800 1.600 0 175 0
32.000 32.800 2.000 0 175 0
32.000 32.800 2.400 0 175 0
32.000 32.800 2.800 0 175 0
32.000 32.800 3.200 0 175 0
32.000 33.200 0.800 150 240 80
32.000 33.200 1.200 0 175 0
32.000 33.200 1.600 0 175 0
32.000 33.200 2.000 0 175 0
32.000 33.200 2.400 0 175 0
32.000 33.200 2.800 0 175 0
32.000 33.200 3.200 0 175 0
32.000 33.600 0.400 150 240 80
32.000 33.600 0.800 0 175 0
32.000 33.600 1.200 0 175 0
32.000 33.600 1.600 0 175 0
32.000 33.600 2.000 0 175 0
32.000 33.600 2.400 0 175 0
32.000 33.600 2.800 0 175 0
32.000 34.000 0.800 0 175 0
32.000 34.000 1.200 0 175 0
32.000 34.000 1.600 0 175 0
32.000 34.000 2.000 0 175 0
32.000 34.000 2.400 0 175 0
32.000 34.000 2.800 0 175 0
32.000 34.400 1.200 0 175 0
32.000 34.400 1.600 0 175 0
32.000 34.400 2.400 0 175 0
32.000 34.800 1.200 0 175 0
32.000 34.800 1.600 0 175 0
32.000 34.800 2.000 0 175 0
32.000 34.800 2.400 0 175 0
32.000 35.200 1.600 0 175 0
32.000 35.200 2.400 0 175 0
32.000 35.200 2.800 0 175 0
32.000 35.200 3.200 0 175 0
32.000 35.600 1.200 0 175 0
32.000 37.600 2.800 0 175 0
32.000 38.000 1.600 0 175 0
32.000 38.000 2.000 0 175 0
32.000 38.000 3.200 0 175 0
32.000 38.400 2.400 0 175 0
32.000 38.400 2.800 135 60 0
32.000 38.800 2.400 135 60 0
32.400 0.000 1.200 0 175 0
32.400 0.000 2.000 0 175 0
32.400 0.000 2.400 0 175 0
32.400 1.200 2.800 0 175 0
32.400 3.200 1.600 0 175 0
32.400 4.400 2.000 0 175 0
32.400 4.400 2.400 0 175 0
32.400 4.400 2.800 0 175 0
32.400 4.400 3.200 0 175 0
32.400 4.800 2.400 0 175 0
32.400 4.800 2.800 0 175 0
32.400 5.200 2.000 0 175 0
32.400 5.200 2.400 0 175 0
32.400 5.600 2.400 0 175 0
32.400 5.600 2.800 0 175 0
32.400 7.600 1.600 0 175 0
32.400 8.000 1.200 0 175 0
32.400 10.000 2.800 0 175 0
32.400 10.400 2.800 0 175 0
32.400 15.600 1.600 0 175 0
32.400 16.800 2.800 0 175 0
32.400 17.200 2.400 0 175 0
32.400 17.200 2.800 0 175 0
32.400 17.600 2.400 0 175 0
32.400 17.600 2.800 0 175 0
32.400 18.000 2.800 0 175 0
32.400 18.400 0.800 0 175 0
32.400 18.400 2.000 0 175 0
32.400 18.400 2.400 0 175 0
32.400 18.400 2.800 0 175 0
32.400 18.800 2.400 0 175 0
32.400 19.200 2.400 0 175 0
32.400 19.200 2.800 0 175 0
32.400 19.600 2.000 0 175 0
32.400 19.600 2.400 0 175 0
32.400 19.600 2.800 0 175 0
32.400 20.000 0.800 255 120 50
32.400 20.000 1.200 0 175 0
32.400 20.000 1.600 0 175 0
32.400 20.000 2.000 0 175 0
32.400 20.000 2.400 0 175 0
32.400 20.400 1.200 0 175 0
32.400 20.400 1.600 0 175 0
32.400 20.400 2.000 0 175 0
32.400 20.400 2.400 0 175 0
32.400 20.400 2.800 0 175 0
32.400 20.800 2.400 0 175 0
32.400 20.800 2.800 0 175 0
32.400 21.200 0.400 75 0 75
32.400 21.200 2.800 0 175 0
32.400 21.200 3.200 0 175 0
32.400 21.200 3.600 0 175 0
32.400 21.600 3.600 0 175 0
32.400 22.400 0.400 75 0 75
32.400 22.800 0.400 255 0 255
32.400 23.200 0.400 255 0 255
32.400 23.200 1.200 255 40 200
32.400 23.600 0.400 255 0 255
32.400 24.000 0.400 255 0 255
32.400 24.400 0.400 255 0 255
32.400 24.800 0.400 255 0 255
32.400 25.200 0.400 255 0 255
32.400 25.600 0.400 255 0 255
32.400 26.000 0.400 255 0 255
32.400 26.400 0.400 255 0 255
32.400 26.800 0.400 255 0 255
32.400 26.800 0.800 100 150 245
32.400 26.800 1.200 100 150 245
32.400 26.800 1.600 100 150 245
32.400 27.200 0.400 100 150 245
32.400 27.200 0.800 100 150 245
32.400 27.200 1.600 100 150 245
32.400 27.600 0.400 255 0 255
32.400 27.600 1.600 100 150 245
32.400 28.000 0.400 255 0 255
32.400 28.000 1.600 100 150 245
32.400 28.400 1.600 100 150 245
32.400 29.200 0.800 150 240 80
32.400 29.600 0.800 150 240 80
32.400 30.000 0.800 0 175 0
32.400 30.000 1.600 0 175 0
32.400 30.400 0.800 0 175 0
32.400 30.400 1.200 0 175 0
32.400 30.400 1.600 0 175 0
32.400 30.400 2.000 0 175 0
32.400 30.800 0.800 0 175 0
32.400 30.800 1.200 0 175 0
32.400 30.800 1.600 0 175 0
32.400 30.800 2.000 0 175 0
32.400 31.200 0.800 0 175 0
32.400 31.200 1.200 0 175 0
32.400 31.200 1.600 0 175 0
32.400 31.200 2.000 0 175 0
32.400 31.200 2.400 0 175 0
32.400 31.200 2.800 0 175 0
32.400 31.600 0.800 150 240 80
32.400 31.600 1.200 0 175 0
32.400 31.600 1.600 0 175 0
32.400 31.600 2.000 0 175 0
32.400 31.600 2.400 0 175 0
32.400 31.600 2.800 0 175 0
32.400 31.600 3.600 0 175 0
32.400 32.000 1.200 0 175 0
32.400 32.000 1.600 0 175 0
32.400 32.000 2.000 0 175 0
32.400 32.000 2.400 0 175 0
32.400 32.000 2.800 0 175 0
32.400 32.000 3.600 0 175 0
32.400 32.400 0.800 150 240 80
32.400 32.400 1.600 0 175 0
32.400 32.400 2.000 0 175 0
32.400 32.400 2.400 0 175 0
32.400 32.400 2.800 0 175 0
32.400 32.400 3.600 0 175 0
32.400 32.800 0.800 150 240 80
32.400 32.800 1.600 0 175 0
32.400 32.800 2.000 0 175 0
32.400 32.800 2.400 0 175 0
32.400 33.200 1.200 0 175 0
32.400 33.200 2.000 0 175 0
32.400 33.200 2.400 0 175 0
32.400 33.200 2.800 0 175 0
32.400 33.600 2.400 0 175 0
32.400 34.000 1.200 0 175 0
32.400 34.000 2.000 0 175 0
32.400 34.000 2.400 0 175 0
32.400 34.000 2.800 0 175 0
32.400 34.000 3.600 0 175 0
32.400 34.400 0.800 0 175 0
32.400 34.400 1.600 0 175 0
32.400 34.400 2.000 0 175 0
32.400 34.400 2.400 0 175 0
32.400 34.400 2.800 0 175 0
32.400 34.800 0.800 0 175 0
32.400 34.800 1.200 0 175 0
32.400 34.800 1.600 0 175 0
32.400 34.800 2.000 0 175 0
32.400 34.800 2.400 0 175 0
32.400 35.200 1.600 0 175 0
32.400 35.200 2.000 0 175 0
32.400 35.200 2.400 0 175 0
32.400 35.200 2.800 0 175 0
32.400 35.600 2.800 0 175 0
32.400 35.600 3.200 0 175 0
32.400 36.000 2.400 0 175 0
32.400 38.800 1.600 0 175 0
32.400 38.800 2.400 0 175 0
32.400 40.000 2.800 0 175 0
32.400 43.200 2.800 0 175 0
32.400 43.600 2.400 0 175 0
32.400 45.600 3.600 0 175 0
32.800 0.000 3.200 0 175 0
32.800 2.000 0.800 0 175 0
32.800 2.400 1.200 0 175 0
32.800 4.800 2.000 0 175 0
32.800 4.800 2.400 0 175 0
32.800 4.800 2.800 0 175 0
32.800 4.800 3.200 0 175 0
32.800 5.200 2.000 0 175 0
32.800 5.200 2.400 0 175 0
32.800 5.200 2.800 0 175 0
32.800 6.400 2.800 0 175 0
32.800 6.800 1.600 0 175 0
32.800 6.800 2.400 0 175 0
32.800 7.600 1.200 0 175 0
32.800 8.400 0.800 0 175 0
32.800 12.000 0.800 0 175 0
32.800 16.000 2.400 0 175 0
32.800 16.000 2.800 0 175 0
32.800 16.400 2.800 0 175 0
32.800 16.400 3.200 0 175 0
32.800 16.800 2.400 0 175 0
32.800 16.800 2.800 0 175 0
32.800 17.200 2.000 0 175 0
32.800 17.600 2.000 0 175 0
32.800 17.600 2.400 0 175 0
32.800 17.600 2.800 0 175 0
32.800 18.000 2.000 0 175 0
32.800 18.000 2.400 0 175 0
32.800 18.000 2.800 0 175 0
32.800 18.400 1.200 0 175 0
32.800 18.400 2.000 0 175 0
32.800 18.400 2.400 0 175 0
32.800 18.400 2.800 0 175 0
32.800 18.800 2.400 0 175 0
32.800 19.200 2.000 0 175 0
32.800 19.200 2.400 0 175 0
32.800 19.200 2.800 0 175 0
32.800 19.600 1.200 0 175 0
32.800 19.600 2.000 0 175 0
32.800 19.600 2.400 0 175 0
32.800 19.600 2.800 0 175 0
32.800 20.000 0.800 255 120 50
32.800 20.000 1.200 0 175 0
32.800 20.000 1.600 0 175 0
32.800 20.000 2.000 0 175 0
32.800 20.000 2.400 0 175 0
32.800 20.000 3.200 0 175 0
32.800 20.400 1.600 0 175 0
32.800 20.400 2.000 0 175 0
32.800 20.400 2.400 0 175 0
32.800 20.400 2.800 0 175 0
32.800 20.400 3.200 0 175 0
32.800 20.800 2.400 0 175 0
32.800 20.800 2.800 0 175 0
32.800 20.800 3.200 0 175 0
32.800 20.800 3.600 0 175 0
32.800 21.200 0.400 75 0 75
32.800 21.200 2.800 0 175 0
32.800 21.200 3.200 0 175 0
32.800 21.200 3.600 0 175 0
32.800 22.000 0.400 75 0 75
32.800 22.400 0.400 75 0 75
32.800 22.800 0.400 255 0 255
32.800 23.200 0.400 255 0 255
32.800 23.200 1.200 255 40 200
32.800 23.600 0.400 255 0 255
32.800 24.000 0.400 255 0 255
32.800 24.400 0.400 255 0 255
32.800 24.800 0.400 255 0 255
32.800 25.200 0.400 255 0 255
32.800 25.600 0.400 255 0 255
32.800 26.000 0.400 255 0 255
32.800 26.400 0.400 255 0 255
32.800 26.800 0.400 255 0 255
32.800 26.800 0.800 100 150 245
32.800 26.800 1.200 100 150 245
32.800 26.800 1.600 100 150 245
32.800 27.200 0.400 255 0 255
32.800 27.200 1.200 100 150 245
32.800 27.200 1.600 100 150 245
32.800 27.600 0.400 255 0 255
32.800 27.600 1.600 100 150 245
32.800 28.000 0.400 255 0 255
32.800 28.000 0.800 100 150 245
32.800 28.000 1.600 100 150 245
32.800 28.400 0.400 255 0 255
32.800 28.400 0.800 100 150 245
32.800 28.400 1.200 100 150 245
32.800 28.800 0.800 150 240 80
32.800 29.200 0.800 150 240 80
32.800 29.600 0.800 150 240 80
32.800 29.600 1.200 0 175 0
32.800 29.600 1.600 0 175 0
32.800 29.600 2.400 0 175 0
32.800 30.000 0.800 0 175 0
32.800 30.000 1.200 0 175 0
32.800 30.000 1.600 0 175 0
32.800 30.000 2.000 0 175 0
32.800 30.400 0.800 0 175 0
32.800 30.400 1.200 0 175 0
32.800 30.400 1.600 0 175 0
32.800 30.400 2.000 0 175 0
32.800 30.800 0.800 0 175 0
32.800 30.800 1.200 0 175 0
32.800 30.800 1.600 0 175 0
32.800 30.800 3.200 0 175 0
32.800 31.200 0.800 0 175 0
32.800 31.200 1.200 0 175 0
32.800 31.200 1.600 0 175 0
32.800 31.200 2.000 0 175 0
32.800 31.200 2.400 0 175 0
32.800 31.200 2.800 0 175 0
32.800 31.200 3.200 0 175 0
32.800 31.600 0.800 150 240 80
32.800 31.600 1.200 0 175 0
32.800 31.600 1.600 0 175 0
32.800 31.600 2.000 0 175 0
32.800 31.600 2.400 0 175 0
32.800 31.600 2.800 0 175 0
32.800 31.600 3.600 0 175 0
32.800 32.000 0.800 150 240 80
32.800 32.000 1.200 0 175 0
32.800 32.000 1.600 0 175 0
32.800 32.000 2.000 0 175 0
32.800 32.000 2.400 0 175 0
32.800 32.000 2.800 0 175 0
32.800 32.000 3.200 0 175 0
32.800 32.400 0.800 0 175 0
32.800 32.400 1.200 0 175 0
32.800 32.400 1.600 0 175 0
32.800 32.400 2.800 0 175 0
32.800 32.800 1.600 0 175 0
32.800 32.800 2.400 0 175 0
32.800 32.800 2.800 0 175 0
32.800 32.800 3.600 0 175 0
32.800 33.200 0.800 0 175 0
32.800 33.200 1.200 0 175 0
32.800 33.200 1.600 0 175 0
32.800 33.200 2.000 0 175 0
32.800 33.200 2.400 0 175 0
32.800 33.600 0.800 0 175 0
32.800 33.600 1.200 0 175 0
32.800 33.600 2.000 0 175 0
32.800 33.600 2.400 0 175 0
32.800 33.600 3.200 0 175 0
32.800 34.000 0.800 0 175 0
32.800 34.000 1.200 0 175 0
32.800 34.000 2.000 0 175 0
32.800 34.000 2.400 0 175 0
32.800 34.400 0.800 0 175 0
32.800 34.400 1.200 0 175 0
32.800 34.400 1.600 0 175 0
32.800 34.400 2.000 0 175 0
32.800 34.400 2.400 0 175 0
32.800 34.400 2.800 0 175 0
32.800 34.800 0.800 0 175 0
32.800 34.800 1.600 0 175 0
32.800 34.800 2.000 0 175 0
32.800 34.800 2.400 0 175 0
32.800 34.800 2.800 0 175 0
32.800 35.200 1.200 0 175 0
32.800 35.200 1.600 0 175 0
32.800 35.200 2.000 0 175 0
32.800 35.200 2.400 0 175 0
32.800 35.200 2.800 0 175 0
32.800 35.600 1.600 0 175 0
32.800 35.600 2.000 0 175 0
32.800 35.600 2.400 0 175 0
32.800 35.600 3.200 0 175 0
32.800 37.200 2.800 0 175 0
32.800 38.400 1.600 0 175 0
32.800 38.800 1.200 0 175 0
32.800 39.200 2.800 0 175 0
32.800 40.400 2.400 0 175 0
32.800 40.400 2.800 0 175 0
32.800 43.600 2.400 0 175 0
33.200 0.400 0.800 0 175 0
33.200 4.800 2.000 0 175 0
33.200 4.800 2.400 0 175 0
33.200 5.200 1.600 0 175 0
33.200 5.200 2.000 0 175 0
33.200 5.200 2.400 0 175 0
33.200 5.200 2.800 0 175 0
33.200 5.200 3.200 0 175 0
33.200 5.600 2.000 0 175 0
33.200 6.400 2.800 0 175 0
33.200 7.200 1.600 0 175 0
33.200 12.400 0.800 0 175 0
33.200 13.200 2.400 0 175 0
33.200 15.200 2.000 0 175 0
33.200 16.000 2.400 0 175 0
33.200 16.400 2.400 0 175 0
33.200 16.400 2.800 0 175 0
33.200 16.400 3.600 0 175 0
33.200 16.800 2.400 0 175 0
33.200 16.800 2.800 0 175 0
33.200 16.800 3.200 0 175 0
33.200 16.800 3.600 0 175 0
33.200 17.200 2.400 0 175 0
33.200 17.200 2.800 0 175 0
33.200 17.600 2.400 0 175 0
33.200 17.600 2.800 0 175 0
33.200 18.000 2.000 0 175 0
33.200 18.000 2.400 0 175 0
33.200 18.400 0.800 0 175 0
33.200 18.400 1.600 0 175 0
33.200 18.400 2.000 0 175 0
33.200 18.400 2.400 0 175 0
33.200 18.400 2.800 0 175 0
33.200 18.400 3.600 0 175 0
33.200 18.800 0.800 0 175 0
33.200 18.800 1.200 0 175 0
33.200 18.800 1.600 0 175 0
33.200 18.800 2.000 0 175 0
33.200 18.800 2.400 0 175 0
33.200 18.800 2.800 0 175 0
33.200 19.200 0.800 0 175 0
33.200 19.200 1.200 0 175 0
33.200 19.200 1.600 0 175 0
33.200 19.200 2.000 0 175 0
33.200 19.200 2.400 0 175 0
33.200 19.200 2.800 0 175 0
33.200 19.200 3.200 0 175 0
33.200 19.600 0.800 0 175 0
33.200 19.600 1.200 0 175 0
33.200 19.600 1.600 0 175 0
33.200 19.600 2.000 0 175 0
33.200 19.600 2.400 0 175 0
33.200 19.600 2.800 0 175 0
33.200 20.000 0.800 255 120 50
33.200 20.000 1.200 0 175 0
33.200 20.000 1.600 0 175 0
33.200 20.000 2.000 0 175 0
33.200 20.000 2.400 0 175 0
33.200 20.000 2.800 0 175 0
33.200 20.000 3.200 0 175 0
33.200 20.000 3.600 0 175 0
33.200 20.400 1.600 0 175 0
33.200 20.400 2.000 0 175 0
33.200 20.400 2.400 0 175 0
33.200 20.400 2.800 0 175 0
33.200 20.400 3.200 0 175 0
33.200 20.400 3.600 0 175 0
33.200 20.800 0.400 75 0 75
33.200 20.800 2.400 0 175 0
33.200 20.800 2.800 0 175 0
33.200 20.800 3.200 0 175 0
33.200 20.800 3.600 0 175 0
33.200 21.200 2.800 0 175 0
33.200 21.600 0.400 75 0 75
33.200 22.000 0.400 75 0 75
33.200 22.400 0.400 75 0 75
33.200 22.800 0.400 255 0 255
33.200 23.200 0.400 255 0 255
33.200 23.200 1.200 255 40 200
33.200 23.600 0.400 255 0 255
33.200 24.000 0.400 255 0 255
33.200 24.400 0.400 255 0 255
33.200 24.800 0.400 255 0 255
33.200 25.200 0.400 255 0 255
33.200 25.600 0.400 255 0 255
33.200 26.000 0.400 255 0 255
33.200 26.400 0.400 255 0 255
33.200 26.800 0.400 255 0 255
33.200 26.800 0.800 100 150 245
33.200 26.800 1.200 100 150 245
33.200 27.200 0.400 255 0 255
33.200 27.200 0.800 100 150 245
33.200 27.200 1.200 100 150 245
33.200 27.600 0.400 255 0 255
33.200 27.600 0.800 100 150 245
33.200 27.600 1.200 100 150 245
33.200 28.000 0.400 255 0 255
33.200 28.000 0.800 100 150 245
33.200 28.000 1.200 100 150 245
33.200 28.400 0.400 255 0 255
33.200 28.400 0.800 100 150 245
33.200 28.800 0.800 100 150 245
33.200 29.200 0.800 150 240 80
33.200 29.600 0.800 150 240 80
33.200 29.600 1.200 0 175 0
33.200 29.600 1.600 0 175 0
33.200 29.600 2.000 0 175 0
33.200 29.600 2.400 0 175 0
33.200 29.600 3.200 0 175 0
33.200 30.000 0.800 0 175 0
33.200 30.000 1.200 0 175 0
33.200 30.000 1.600 0 175 0
33.200 30.000 2.000 0 175 0
33.200 30.000 2.400 0 175 0
33.200 30.000 3.200 0 175 0
33.200 30.400 0.800 0 175 0
33.200 30.400 1.200 0 175 0
33.200 30.400 1.600 0 175 0
33.200 30.400 2.000 0 175 0
33.200 30.400 2.400 0 175 0
33.200 30.400 2.800 0 175 0
33.200 30.400 3.200 0 175 0
33.200 30.800 0.800 0 175 0
33.200 30.800 1.200 0 175 0
33.200 30.800 1.600 0 175 0
33.200 30.800 2.000 0 175 0
33.200 30.800 2.400 0 175 0
33.200 30.800 2.800 0 175 0
33.200 30.800 3.600 0 175 0
33.200 31.200 0.800 0 175 0
33.200 31.200 1.200 0 175 0
33.200 31.200 1.600 0 175 0
33.200 31.200 2.000 0 175 0
33.200 31.200 2.400 0 175 0
33.200 31.200 2.800 0 175 0
33.200 31.600 0.800 0 175 0
33.200 31.600 1.200 0 175 0
33.200 31.600 1.600 0 175 0
33.200 31.600 2.000 0 175 0
33.200 31.600 2.400 0 175 0
33.200 31.600 2.800 0 175 0
33.200 32.000 0.800 0 175 0
33.200 32.000 1.200 0 175 0
33.200 32.000 1.600 0 175 0
33.200 32.000 2.000 0 175 0
33.200 32.000 2.400 0 175 0
33.200 32.400 0.800 0 175 0
33.200 32.400 1.200 0 175 0
33.200 32.400 1.600 0 175 0
33.200 32.400 2.000 0 175 0
33.200 32.800 0.800 0 175 0
33.200 32.800 1.600 0 175 0
33.200 32.800 2.000 0 175 0
33.200 32.800 2.400 0 175 0
33.200 32.800 2.800 0 175 0
33.200 33.200 0.800 0 175 0
33.200 33.200 1.200 0 175 0
33.200 33.200 1.600 0 175 0
33.200 33.200 2.000 0 175 0
33.200 33.200 2.400 0 175 0
33.200 33.600 0.800 0 175 0
33.200 33.600 1.200 0 175 0
33.200 33.600 1.600 0 175 0
33.200 33.600 2.400 0 175 0
33.200 33.600 3.600 0 175 0
33.200 34.000 1.200 0 175 0
33.200 34.000 1.600 0 175 0
33.200 34.400 0.800 0 175 0
33.200 34.400 1.200 0 175 0
33.200 34.400 1.600 0 175 0
33.200 34.400 2.000 0 175 0
33.200 34.800 1.200 0 175 0
33.200 34.800 1.600 0 175 0
33.200 34.800 2.000 0 175 0
33.200 34.800 2.400 0 175 0
33.200 34.800 2.800 0 175 0
33.200 35.200 1.200 0 175 0
33.200 35.200 2.400 0 175 0
33.200 35.200 2.800 0 175 0
33.200 36.800 2.000 0 175 0
33.200 36.800 3.200 0 175 0
33.200 37.200 2.400 0 175 0
33.200 37.200 2.800 0 175 0
33.200 40.400 2.400 0 175 0
33.200 43.600 2.800 0 175 0
33.200 43.600 3.200 0 175 0
33.200 44.000 2.000 0 175 0
33.200 44.000 2.400 0 175 0
33.200 44.000 3.200 0 175 0
33.200 45.200 3.200 0 175 0
33.600 0.000 0.800 0 175 0
33.600 5.200 2.000 0 175 0
33.600 5.200 2.400 0 175 0
33.600 5.200 2.800 0 175 0
33.600 5.200 3.200 0 175 0
33.600 5.600 2.000 0 175 0
33.600 5.600 2.400 0 175 0
33.600 5.600 2.800 0 175 0
33.600 5.600 3.200 0 175 0
33.600 6.400 2.000 0 175 0
33.600 6.400 2.400 0 175 0
33.600 6.400 2.800 0 175 0
33.600 6.800 2.800 0 175 0
33.600 7.200 0.800 0 175 0
33.600 7.200 1.600 0 175 0
33.600 7.200 2.000 0 175 0
33.600 7.200 2.400 0 175 0
33.600 10.800 0.800 0 175 0
33.600 12.800 2.000 0 175 0
33.600 13.200 2.000 0 175 0
33.600 14.000 1.600 0 175 0
33.600 14.000 2.000 0 175 0
33.600 16.000 1.600 0 175 0
33.600 16.000 3.200 0 175 0
33.600 16.000 3.600 0 175 0
33.600 16.400 2.400 0 175 0
33.600 16.400 2.800 0 175 0
33.600 16.400 3.600 0 175 0
33.600 16.800 1.200 0 175 0
33.600 16.800 2.000 0 175 0
33.600 16.800 2.800 0 175 0
33.600 16.800 3.200 0 175 0
33.600 17.200 2.400 0 175 0
33.600 17.200 2.800 0 175 0
33.600 17.600 2.400 0 175 0
33.600 17.600 2.800 0 175 0
33.600 18.000 1.200 0 175 0
33.600 18.000 1.600 0 175 0
33.600 18.000 2.000 0 175 0
33.600 18.000 2.400 0 175 0
33.600 18.000 2.800 0 175 0
33.600 18.000 3.200 0 175 0
33.600 18.400 0.800 0 175 0
33.600 18.400 1.200 0 175 0
33.600 18.400 1.600 0 175 0
33.600 18.400 2.000 0 175 0
33.600 18.400 2.400 0 175 0
33.600 18.400 2.800 0 175 0
33.600 18.800 0.800 0 175 0
33.600 18.800 1.200 0 175 0
33.600 18.800 1.600 0 175 0
33.600 18.800 2.000 0 175 0
33.600 18.800 2.400 0 175 0
33.600 18.800 2.800 0 175 0
33.600 18.800 3.200 0 175 0
33.600 19.200 0.800 0 175 0
33.600 19.200 1.200 0 175 0
33.600 19.200 1.600 0 175 0
33.600 19.200 2.000 0 175 0
33.600 19.200 2.400 0 175 0
33.600 19.200 2.800 0 175 0
33.600 19.200 3.200 0 175 0
33.600 19.200 3.600 0 175 0
33.600 19.600 0.800 75 0 75
33.600 19.600 1.200 0 175 0
33.600 19.600 1.600 0 175 0
33.600 19.600 2.000 0 175 0
33.600 19.600 2.400 0 175 0
33.600 19.600 2.800 0 175 0
33.600 19.600 3.200 0 175 0
33.600 19.600 3.600 0 175 0
33.600 20.000 0.800 255 120 50
33.600 20.000 1.200 255 120 50
33.600 20.000 1.600 255 120 50
33.600 20.000 2.000 0 175 0
33.600 20.000 2.400 0 175 0
33.600 20.000 2.800 0 175 0
33.600 20.000 3.200 0 175 0
33.600 20.000 3.600 0 175 0
33.600 20.400 2.400 0 175 0
33.600 20.400 2.800 0 175 0
33.600 20.400 3.200 0 175 0
33.600 20.400 3.600 0 175 0
33.600 20.800 3.200 0 175 0
33.600 20.800 3.600 0 175 0
33.600 21.200 0.400 75 0 75
33.600 22.400 0.400 75 0 75
33.600 22.800 0.400 255 0 255
33.600 22.800 1.600 255 40 200
33.600 23.200 0.400 255 0 255
33.600 23.200 0.800 255 40 200
33.600 23.200 1.200 255 40 200
33.600 23.200 1.600 255 40 200
33.600 23.200 2.000 255 40 200
33.600 23.600 0.400 255 0 255
33.600 24.000 0.400 255 0 255
33.600 24.400 0.400 255 0 255
33.600 24.800 0.400 255 0 255
33.600 25.200 0.400 255 0 255
33.600 25.600 0.400 255 0 255
33.600 26.000 0.400 255 0 255
33.600 26.400 0.400 255 0 255
33.600 26.800 0.400 255 0 255
33.600 27.200 0.400 255 0 255
33.600 27.600 0.400 255 0 255
33.600 28.000 0.400 255 0 255
33.600 28.400 0.400 255 0 255
33.600 29.200 0.800 150 240 80
33.600 29.600 0.800 0 175 0
33.600 29.600 1.600 0 175 0
33.600 29.600 2.400 0 175 0
33.600 30.000 0.800 0 175 0
33.600 30.000 1.200 0 175 0
33.600 30.000 1.600 0 175 0
33.600 30.000 2.000 0 175 0
33.600 30.000 2.400 0 175 0
33.600 30.000 2.800 0 175 0
33.600 30.400 0.800 0 175 0
33.600 30.400 1.200 0 175 0
33.600 30.400 1.600 0 175 0
33.600 30.400 2.000 0 175 0
33.600 30.400 2.400 0 175 0
33.600 30.400 2.800 0 175 0
33.600 30.800 0.800 0 175 0
33.600 30.800 1.200 0 175 0
33.600 30.800 1.600 0 175 0
33.600 30.800 2.000 0 175 0
33.600 30.800 2.400 0 175 0
33.600 30.800 2.800 0 175 0
33.600 31.200 0.800 0 175 0
33.600 31.200 1.200 0 175 0
33.600 31.200 1.600 0 175 0
33.600 31.200 2.000 0 175 0
33.600 31.200 2.400 0 175 0
33.600 31.600 1.200 0 175 0
33.600 31.600 1.600 0 175 0
33.600 31.600 2.000 0 175 0
33.600 32.000 0.800 0 175 0
33.600 32.000 1.200 0 175 0
33.600 32.000 1.600 0 175 0
33.600 32.000 2.000 0 175 0
33.600 32.400 0.800 135 60 0
33.600 32.400 1.200 135 60 0
33.600 32.400 1.600 135 60 0
33.600 32.400 2.000 135 60 0
33.600 32.400 2.400 135 60 0
33.600 32.400 2.800 135 60 0
33.600 32.400 3.200 135 60 0
33.600 32.800 1.200 0 175 0
33.600 32.800 2.000 0 175 0
33.600 32.800 2.400 0 175 0
33.600 33.200 1.200 0 175 0
33.600 33.200 1.600 0 175 0
33.600 33.200 2.000 0 175 0
33.600 33.600 0.800 0 175 0
33.600 33.600 1.200 0 175 0
33.600 33.600 1.600 0 175 0
33.600 33.600 2.000 0 175 0
33.600 34.000 0.800 0 175 0
33.600 34.000 1.200 0 175 0
33.600 34.000 1.600 0 175 0
33.600 34.000 3.200 0 175 0
33.600 34.400 0.800 0 175 0
33.600 34.400 1.200 0 175 0
33.600 34.400 1.600 0 175 0
33.600 34.800 1.600 0 175 0
33.600 36.800 2.000 0 175 0
33.600 36.800 2.400 0 175 0
33.600 37.200 2.800 0 175 0
33.600 37.600 2.800 0 175 0
33.600 39.200 2.800 0 175 0
33.600 42.800 3.200 0 175 0
33.600 43.200 2.400 0 175 0
33.600 43.200 2.800 0 175 0
33.600 43.600 2.400 0 175 0
33.600 44.000 2.400 0 175 0
34.000 5.600 2.000 0 175 0
34.000 5.600 2.400 0 175 0
34.000 5.600 2.800 0 175 0
34.000 5.600 3.200 0 175 0
34.000 6.400 2.000 0 175 0
34.000 13.200 1.600 0 175 0
34.000 13.200 2.000 0 175 0
34.000 13.200 2.400 0 175 0
34.000 13.600 3.600 0 175 0
34.000 14.000 1.200 0 175 0
34.000 14.000 3.200 0 175 0
34.000 14.400 3.600 0 175 0
34.000 16.000 2.800 0 175 0
34.000 16.000 3.200 0 175 0
34.000 16.400 2.000 0 175 0
34.000 16.400 2.400 0 175 0
34.000 16.400 2.800 0 175 0
34.000 16.400 3.200 0 175 0
34.000 16.400 3.600 0 175 0
34.000 16.800 1.200 0 175 0
34.000 16.800 1.600 0 175 0
34.000 16.800 2.000 0 175 0
34.000 16.800 2.800 0 175 0
34.000 16.800 3.200 0 175 0
34.000 17.200 2.000 0 175 0
34.000 17.200 2.800 0 175 0
34.000 17.200 3.200 0 175 0
34.000 17.200 3.600 0 175 0
34.000 17.600 1.200 0 175 0
34.000 17.600 2.800 0 175 0
34.000 17.600 3.200 0 175 0
34.000 18.000 1.200 0 175 0
34.000 18.000 1.600 0 175 0
34.000 18.000 2.000 0 175 0
34.000 18.000 2.400 0 175 0
34.000 18.000 2.800 0 175 0
34.000 18.000 3.200 0 175 0
34.000 18.400 0.800 0 175 0
34.000 18.400 1.200 0 175 0
34.000 18.400 1.600 0 175 0
34.000 18.400 2.000 0 175 0
34.000 18.400 2.400 0 175 0
34.000 18.400 2.800 0 175 0
34.000 18.400 3.200 0 175 0
34.000 18.400 3.600 0 175 0
34.000 18.800 0.800 0 175 0
34.000 18.800 1.200 0 175 0
34.000 18.800 1.600 0 175 0
34.000 18.800 2.000 0 175 0
34.000 18.800 2.400 0 175 0
34.000 18.800 2.800 0 175 0
34.000 19.200 0.800 75 0 75
34.000 19.200 1.200 0 175 0
34.000 19.200 1.600 0 175 0
34.000 19.200 2.000 0 175 0
34.000 19.200 2.400 0 175 0
34.000 19.200 2.800 0 175 0
34.000 19.200 3.200 0 175 0
34.000 19.600 0.800 255 120 50
34.000 19.600 1.200 255 120 50
34.000 19.600 1.600 255 120 50
34.000 19.600 2.000 255 120 50
34.000 19.600 2.400 0 175 0
34.000 19.600 2.800 0 175 0
34.000 19.600 3.200 0 175 0
34.000 19.600 3.600 0 175 0
34.000 20.000 2.800 0 175 0
34.000 20.000 3.200 0 175 0
34.000 20.000 3.600 0 175 0
34.000 20.400 2.800 0 175 0
34.000 22.400 0.400 75 0 75
34.000 22.800 0.400 255 0 255
34.000 22.800 0.800 255 40 200
34.000 22.800 1.600 255 40 200
34.000 23.200 0.400 255 0 255
34.000 23.200 0.800 255 40 200
34.000 23.200 1.200 255 40 200
34.000 23.200 1.600 255 40 200
34.000 23.200 2.000 255 40 200
34.000 23.600 0.400 255 0 255
34.000 24.000 0.400 255 0 255
34.000 24.400 0.400 255 0 255
34.000 24.800 0.400 255 0 255
34.000 25.200 0.400 255 0 255
34.000 25.600 0.400 255 0 255
34.000 26.000 0.400 255 0 255
34.000 26.400 0.400 255 0 255
34.000 26.800 0.400 255 0 255
34.000 27.200 0.400 255 0 255
34.000 27.600 0.400 255 0 255
34.000 28.000 0.400 255 0 255
34.000 28.400 0.400 255 0 255
34.000 28.800 0.800 150 240 80
34.000 29.200 0.800 0 175 0
34.000 29.200 1.200 0 175 0
34.000 29.600 0.800 0 175 0
34.000 29.600 1.200 0 175 0
34.000 30.000 0.800 0 175 0
34.000 30.000 1.200 0 175 0
34.000 30.000 2.000 0 175 0
34.000 30.000 2.400 0 175 0
34.000 30.000 2.800 0 175 0
34.000 30.400 0.800 0 175 0
34.000 30.400 1.200 0 175 0
34.000 30.400 1.600 0 175 0
34.000 30.400 2.000 0 175 0
34.000 30.400 2.400 0 175 0
34.000 30.400 2.800 0 175 0
34.000 30.800 0.800 0 175 0
34.000 30.800 1.200 0 175 0
34.000 30.800 1.600 0 175 0
34.000 30.800 2.000 0 175 0
34.000 30.800 2.400 0 175 0
34.000 30.800 2.800 0 175 0
34.000 30.800 3.200 0 175 0
34.000 31.200 0.800 0 175 0
34.000 31.200 1.200 0 175 0
34.000 31.200 1.600 0 175 0
34.000 31.200 2.000 0 175 0
34.000 31.200 2.400 0 175 0
34.000 31.200 2.800 0 175 0
34.000 31.600 0.800 0 175 0
34.000 31.600 1.200 0 175 0
34.000 31.600 2.000 0 175 0
34.000 31.600 2.400 0 175 0
34.000 32.000 0.800 0 175 0
34.000 32.000 1.200 0 175 0
34.000 32.000 1.600 0 175 0
34.000 32.000 2.000 0 175 0
34.000 32.000 2.400 0 175 0
34.000 32.000 2.800 0 175 0
34.000 32.400 0.800 0 175 0
34.000 32.400 1.200 0 175 0
34.000 32.400 1.600 0 175 0
34.000 32.400 2.000 0 175 0
34.000 32.400 2.400 0 175 0
34.000 32.400 2.800 0 175 0
34.000 32.800 1.200 0 175 0
34.000 32.800 1.600 0 175 0
34.000 32.800 2.000 0 175 0
34.000 32.800 2.400 0 175 0
34.000 32.800 2.800 0 175 0
34.000 32.800 3.600 0 175 0
34.000 33.200 0.800 0 175 0
34.000 33.200 1.200 0 175 0
34.000 33.200 1.600 0 175 0
34.000 33.200 2.000 0 175 0
34.000 33.200 2.400 0 175 0
34.000 33.600 0.800 0 175 0
34.000 33.600 1.200 0 175 0
34.000 33.600 1.600 0 175 0
34.000 33.600 2.800 0 175 0
34.000 34.000 0.400 0 175 0
34.000 34.000 0.800 0 175 0
34.000 34.000 1.200 0 175 0
34.000 34.000 1.600 0 175 0
34.000 34.400 0.800 0 175 0
34.000 34.400 1.200 0 175 0
34.000 34.400 1.600 0 175 0
34.000 36.400 2.400 0 175 0
34.000 36.800 2.400 0 175 0
34.000 37.200 2.400 0 175 0
34.000 37.200 2.800 0 175 0
34.000 37.600 2.800 0 175 0
34.000 38.000 2.800 0 175 0
34.000 39.200 2.800 0 175 0
34.000 39.200 3.200 0 175 0
34.000 39.600 3.200 0 175 0
34.000 42.800 2.000 0 175 0
34.000 42.800 2.400 0 175 0
34.000 42.800 2.800 0 175 0
34.000 43.200 1.600 0 175 0
34.000 43.200 2.400 0 175 0
34.000 43.200 2.800 0 175 0
34.000 43.600 1.600 0 175 0
34.000 43.600 2.000 0 175 0
34.000 43.600 2.400 0 175 0
34.400 5.200 2.400 0 175 0
34.400 5.600 2.800 0 175 0
34.400 6.000 3.200 0 175 0
34.400 6.400 2.000 0 175 0
34.400 8.000 2.400 0 175 0
34.400 12.000 1.600 0 175 0
34.400 12.400 2.800 0 175 0
34.400 12.800 2.800 0 175 0
34.400 13.200 2.400 0 175 0
34.400 13.600 2.000 0 175 0
34.400 13.600 2.400 0 175 0
34.400 13.600 2.800 0 175 0
34.400 14.000 2.000 0 175 0
34.400 14.000 2.400 0 175 0
34.400 14.000 2.800 0 175 0
34.400 14.400 2.000 0 175 0
34.400 14.400 2.400 0 175 0
34.400 14.400 2.800 0 175 0
34.400 14.400 3.600 0 175 0
34.400 14.800 1.600 0 175 0
34.400 14.800 2.800 0 175 0
34.400 15.200 1.200 0 175 0
34.400 16.000 2.800 0 175 0
34.400 16.000 3.200 0 175 0
34.400 16.400 1.600 0 175 0
34.400 16.400 2.000 0 175 0
34.400 16.400 2.800 0 175 0
34.400 16.400 3.600 0 175 0
34.400 16.800 0.800 0 175 0
34.400 16.800 1.200 0 175 0
34.400 16.800 1.600 0 175 0
34.400 16.800 2.000 0 175 0
34.400 16.800 2.400 0 175 0
34.400 16.800 2.800 0 175 0
34.400 16.800 3.200 0 175 0
34.400 17.200 0.800 0 175 0
34.400 17.200 1.200 0 175 0
34.400 17.200 2.400 0 175 0
34.400 17.200 2.800 0 175 0
34.400 17.200 3.200 0 175 0
34.400 17.600 0.800 0 175 0
34.400 17.600 1.200 0 175 0
34.400 17.600 2.000 0 175 0
34.400 17.600 2.800 0 175 0
34.400 17.600 3.200 0 175 0
34.400 18.000 0.800 0 175 0
34.400 18.000 1.200 0 175 0
34.400 18.000 1.600 0 175 0
34.400 18.000 2.000 0 175 0
34.400 18.000 2.400 0 175 0
34.400 18.000 2.800 0 175 0
34.400 18.000 3.200 0 175 0
34.400 18.000 3.600 0 175 0
34.400 18.400 0.800 75 0 75
34.400 18.400 1.600 0 175 0
34.400 18.400 2.000 0 175 0
34.400 18.400 2.400 0 175 0
34.400 18.400 2.800 0 175 0
34.400 18.400 3.200 0 175 0
34.400 18.800 0.800 75 0 75
34.400 18.800 2.000 0 175 0
34.400 18.800 2.400 0 175 0
34.400 18.800 2.800 0 175 0
34.400 18.800 3.200 0 175 0
34.400 18.800 3.600 0 175 0
34.400 19.200 0.800 75 0 75
34.400 19.200 1.200 255 120 50
34.400 19.200 1.600 255 120 50
34.400 19.200 2.000 255 120 50
34.400 19.200 2.400 255 120 50
34.400 19.200 2.800 0 175 0
34.400 19.200 3.200 0 175 0
34.400 19.200 3.600 0 175 0
34.400 19.600 0.800 75 0 75
34.400 19.600 1.600 255 120 50
34.400 19.600 2.000 255 120 50
34.400 19.600 2.400 0 175 0
34.400 20.000 0.800 75 0 75
34.400 22.400 0.400 75 0 75
34.400 22.800 0.400 255 0 255
34.400 22.800 0.800 255 40 200
34.400 22.800 1.200 255 40 200
34.400 22.800 1.600 255 40 200
34.400 23.200 0.400 255 0 255
34.400 23.200 0.800 255 40 200
34.400 23.200 1.200 255 40 200
34.400 23.200 1.600 255 40 200
34.400 23.200 2.000 255 40 200
34.400 23.600 0.400 255 0 255
34.400 24.000 0.400 255 0 255
34.400 24.400 0.400 255 0 255
34.400 24.800 0.400 255 0 255
34.400 25.200 0.400 255 0 255
34.400 25.600 0.400 255 0 255
34.400 26.000 0.400 255 0 255
34.400 26.400 0.400 255 0 255
34.400 26.800 0.400 255 0 255
34.400 27.200 0.400 255 0 255
34.400 27.600 0.400 255 0 255
34.400 28.000 0.400 255 0 255
34.400 28.400 0.400 255 0 255
34.400 28.800 0.800 150 240 80
34.400 29.200 0.800 150 240 80
34.400 29.200 1.200 0 175 0
34.400 29.600 0.800 0 175 0
34.400 29.600 1.200 0 175 0
34.400 29.600 2.800 0 175 0
34.400 30.000 0.800 0 175 0
34.400 30.000 1.200 0 175 0
34.400 30.000 2.000 0 175 0
34.400 30.000 2.400 0 175 0
34.400 30.000 2.800 0 175 0
34.400 30.000 3.200 0 175 0
34.400 30.400 0.800 0 175 0
34.400 30.400 1.200 0 175 0
34.400 30.400 2.000 0 175 0
34.400 30.400 2.400 0 175 0
34.400 30.400 2.800 0 175 0
34.400 30.800 0.000 0 175 0
34.400 30.800 0.800 0 175 0
34.400 30.800 1.200 0 175 0
34.400 30.800 1.600 0 175 0
34.400 30.800 2.000 0 175 0
34.400 30.800 2.400 0 175 0
34.400 30.800 2.800 0 175 0
34.400 30.800 3.600 0 175 0
34.400 31.200 0.800 0 175 0
34.400 31.200 1.200 0 175 0
34.400 31.200 1.600 0 175 0
34.400 31.200 2.000 0 175 0
34.400 31.200 2.400 0 175 0
34.400 31.600 0.800 0 175 0
34.400 31.600 1.200 0 175 0
34.400 31.600 1.600 0 175 0
34.400 31.600 2.000 0 175 0
34.400 31.600 2.400 0 175 0
34.400 32.000 0.800 0 175 0
34.400 32.000 1.200 0 175 0
34.400 32.000 1.600 0 175 0
34.400 32.000 2.000 0 175 0
34.400 32.000 2.400 0 175 0
34.400 32.400 0.800 0 175 0
34.400 32.400 1.200 0 175 0
34.400 32.400 1.600 0 175 0
34.400 32.400 2.000 0 175 0
34.400 32.400 2.400 0 175 0
34.400 32.800 0.800 0 175 0
34.400 32.800 1.200 0 175 0
34.400 32.800 1.600 0 175 0
34.400 32.800 2.000 0 175 0
34.400 32.800 2.400 0 175 0
34.400 32.800 2.800 0 175 0
34.400 33.200 0.800 0 175 0
34.400 33.200 1.200 0 175 0
34.400 33.200 1.600 0 175 0
34.400 33.200 2.000 0 175 0
34.400 33.200 2.400 0 175 0
34.400 33.200 2.800 0 175 0
34.400 33.600 0.800 0 175 0
34.400 33.600 1.200 0 175 0
34.400 33.600 1.600 0 175 0
34.400 33.600 2.000 0 175 0
34.400 34.000 0.400 0 175 0
34.400 34.000 0.800 0 175 0
34.400 34.000 1.200 0 175 0
34.400 34.000 2.400 0 175 0
34.400 34.400 1.200 0 175 0
34.400 34.400 1.600 0 175 0
34.400 34.400 2.000 0 175 0
34.400 34.800 0.000 0 175 0
34.400 34.800 1.200 0 175 0
34.400 34.800 2.400 0 175 0
34.400 35.200 0.400 0 175 0
34.400 35.200 2.400 0 175 0
34.400 37.200 2.400 0 175 0
34.400 37.600 2.400 0 175 0
34.400 37.600 2.800 0 175 0
34.400 38.000 2.800 0 175 0
34.400 42.800 1.600 0 175 0
34.400 42.800 2.000 0 175 0
34.400 43.200 2.400 0 175 0
34.400 43.600 3.200 0 175 0
34.800 1.600 2.800 0 175 0
34.800 4.000 2.400 0 175 0
34.800 5.200 2.000 0 175 0
34.800 5.600 2.000 0 175 0
34.800 5.600 2.800 0 175 0
34.800 6.000 1.600 0 175 0
34.800 6.400 1.600 0 175 0
34.800 6.800 1.600 0 175 0
34.800 7.200 2.000 0 175 0
34.800 7.600 1.600 0 175 0
34.800 7.600 2.000 0 175 0
34.800 7.600 2.400 0 175 0
34.800 8.000 1.200 0 175 0
34.800 8.000 1.600 0 175 0
34.800 8.000 2.000 0 175 0
34.800 8.000 2.400 0 175 0
34.800 14.000 2.800 0 175 0
34.800 14.400 1.200 0 175 0
34.800 14.400 2.000 0 175 0
34.800 14.400 2.800 0 175 0
34.800 14.400 3.200 0 175 0
34.800 14.400 3.600 0 175 0
34.800 14.800 2.000 0 175 0
34.800 14.800 2.800 0 175 0
34.800 14.800 3.200 0 175 0
34.800 15.200 1.200 0 175 0
34.800 15.200 2.800 0 175 0
34.800 15.600 1.200 0 175 0
34.800 16.000 1.600 0 175 0
34.800 16.000 2.000 0 175 0
34.800 16.000 2.800 0 175 0
34.800 16.400 2.000 0 175 0
34.800 16.400 2.400 0 175 0
34.800 16.400 2.800 0 175 0
34.800 16.800 0.800 0 175 0
34.800 16.800 1.200 0 175 0
34.800 16.800 1.600 0 175 0
34.800 16.800 2.000 0 175 0
34.800 16.800 2.400 0 175 0
34.800 16.800 2.800 0 175 0
34.800 16.800 3.200 0 175 0
34.800 16.800 3.600 0 175 0
34.800 17.200 0.800 0 175 0
34.800 17.200 1.200 0 175 0
34.800 17.200 1.600 0 175 0
34.800 17.200 2.000 0 175 0
34.800 17.200 2.400 0 175 0
34.800 17.200 2.800 0 175 0
34.800 17.200 3.200 0 175 0
34.800 17.200 3.600 0 175 0
34.800 17.600 0.800 75 0 75
34.800 17.600 1.200 0 175 0
34.800 17.600 2.800 0 175 0
34.800 17.600 3.200 0 175 0
34.800 17.600 3.600 0 175 0
34.800 18.000 2.000 0 175 0
34.800 18.000 2.400 0 175 0
34.800 18.000 2.800 0 175 0
34.800 18.000 3.200 0 175 0
34.800 18.000 3.600 0 175 0
34.800 18.400 2.400 255 120 50
34.800 18.800 0.800 75 0 75
34.800 18.800 2.800 0 175 0
34.800 18.800 3.200 0 175 0
34.800 18.800 3.600 0 175 0
34.800 19.200 0.800 75 0 75
34.800 19.200 2.800 0 175 0
34.800 19.200 3.200 0 175 0
34.800 19.200 3.600 0 175 0
34.800 19.600 0.800 75 0 75
34.800 19.600 1.200 0 175 0
34.800 19.600 1.600 0 175 0
34.800 19.600 2.000 0 175 0
34.800 19.600 2.400 0 175 0
34.800 20.000 0.800 255 120 50
34.800 20.000 1.200 0 175 0
34.800 20.000 1.600 0 175 0
34.800 20.000 2.000 0 175 0
34.800 20.000 2.400 0 175 0
34.800 22.400 0.400 75 0 75
34.800 22.800 0.400 255 0 255
34.800 22.800 0.800 255 40 200
34.800 22.800 1.200 255 40 200
34.800 22.800 1.600 255 40 200
34.800 22.800 2.000 255 40 200
34.800 23.200 0.400 255 0 255
34.800 23.200 0.800 255 40 200
34.800 23.200 1.200 255 40 200
34.800 23.200 1.600 255 40 200
34.800 23.200 2.000 255 40 200
34.800 23.600 0.400 255 0 255
34.800 24.000 0.400 255 0 255
34.800 24.400 0.400 255 0 255
34.800 24.800 0.400 255 0 255
34.800 25.200 0.400 255 0 255
34.800 25.600 0.400 255 0 255
34.800 26.000 0.400 255 0 255
34.800 26.400 0.400 255 0 255
34.800 26.800 0.400 255 0 255
34.800 27.200 0.400 255 0 255
34.800 27.600 0.400 255 0 255
34.800 28.000 0.400 255 0 255
34.800 28.400 0.400 255 0 255
34.800 28.800 0.800 150 240 80
34.800 28.800 1.200 0 175 0
34.800 29.200 0.800 150 240 80
34.800 29.200 1.200 0 175 0
34.800 29.600 0.800 0 175 0
34.800 29.600 1.200 0 175 0
34.800 30.000 0.800 0 175 0
34.800 30.000 1.200 0 175 0
34.800 30.400 0.800 0 175 0
34.800 30.400 1.200 0 175 0
34.800 30.800 0.800 0 175 0
34.800 30.800 1.200 0 175 0
34.800 30.800 2.000 0 175 0
34.800 30.800 2.400 0 175 0
34.800 30.800 2.800 0 175 0
34.800 31.200 0.800 0 175 0
34.800 31.200 1.200 0 175 0
34.800 31.200 1.600 0 175 0
34.800 31.200 2.400 0 175 0
34.800 31.200 2.800 0 175 0
34.800 31.600 0.800 0 175 0
34.800 31.600 1.600 0 175 0
34.800 31.600 2.000 0 175 0
34.800 31.600 2.400 0 175 0
34.800 32.000 0.800 0 175 0
34.800 32.000 1.200 0 175 0
34.800 32.000 1.600 0 175 0
34.800 32.000 2.000 0 175 0
34.800 32.000 2.400 0 175 0
34.800 32.000 2.800 0 175 0
34.800 32.400 0.800 0 175 0
34.800 32.400 1.200 0 175 0
34.800 32.400 1.600 0 175 0
34.800 32.400 2.000 0 175 0
34.800 32.400 2.400 0 175 0
34.800 32.400 2.800 0 175 0
34.800 32.800 0.800 0 175 0
34.800 32.800 1.200 0 175 0
34.800 32.800 1.600 0 175 0
34.800 32.800 2.000 0 175 0
34.800 32.800 2.400 0 175 0
34.800 32.800 2.800 0 175 0
34.800 33.200 0.800 0 175 0
34.800 33.200 1.200 0 175 0
34.800 33.200 2.000 0 175 0
34.800 33.200 2.400 0 175 0
34.800 33.600 0.400 0 175 0
34.800 33.600 0.800 0 175 0
34.800 33.600 1.200 0 175 0
34.800 33.600 1.600 0 175 0
34.800 33.600 2.400 0 175 0
34.800 34.000 0.800 0 175 0
34.800 34.000 1.200 0 175 0
34.800 34.000 1.600 0 175 0
34.800 34.000 2.000 0 175 0
34.800 34.000 2.400 0 175 0
34.800 34.400 1.200 0 175 0
34.800 34.400 1.600 0 175 0
34.800 34.800 1.200 0 175 0
34.800 34.800 2.000 0 175 0
34.800 35.200 0.000 0 175 0
34.800 35.200 2.000 0 175 0
34.800 36.800 2.000 0 175 0
34.800 37.600 3.600 0 175 0
34.800 38.000 2.800 0 175 0
34.800 38.800 2.400 0 175 0
34.800 38.800 3.600 0 175 0
34.800 39.200 2.000 0 175 0
34.800 39.200 2.400 0 175 0
34.800 39.200 3.600 0 175 0
34.800 39.600 2.000 0 175 0
34.800 43.200 3.600 0 175 0
34.800 43.600 3.200 0 175 0
35.200 4.000 2.400 0 175 0
35.200 5.600 2.400 0 175 0
35.200 5.600 2.800 0 175 0
35.200 6.400 1.600 0 175 0
35.200 6.800 2.400 0 175 0
35.200 7.600 2.400 0 175 0
35.200 7.600 2.800 0 175 0
35.200 8.000 2.000 0 175 0
35.200 8.000 2.400 0 175 0
35.200 8.400 1.600 0 175 0
35.200 8.400 2.400 0 175 0
35.200 12.000 2.800 0 175 0
35.200 12.400 2.400 0 175 0
35.200 12.400 2.800 0 175 0
35.200 12.800 1.600 0 175 0
35.200 12.800 2.800 0 175 0
35.200 12.800 3.600 0 175 0
35.200 13.200 2.400 0 175 0
35.200 13.200 2.800 0 175 0
35.200 13.200 3.600 0 175 0
35.200 13.600 2.000 0 175 0
35.200 13.600 2.400 0 175 0
35.200 13.600 2.800 0 175 0
35.200 13.600 3.600 0 175 0
35.200 14.000 2.400 0 175 0
35.200 14.000 3.200 0 175 0
35.200 14.400 2.800 0 175 0
35.200 14.400 3.200 0 175 0
35.200 14.800 1.600 0 175 0
35.200 14.800 2.800 0 175 0
35.200 14.800 3.200 0 175 0
35.200 14.800 3.600 0 175 0
35.200 15.200 1.200 0 175 0
35.200 15.200 1.600 0 175 0
35.200 15.200 2.000 0 175 0
35.200 15.200 2.800 0 175 0
35.200 15.600 1.200 0 175 0
35.200 15.600 2.800 0 175 0
35.200 16.000 1.200 0 175 0
35.200 16.400 1.200 0 175 0
35.200 16.400 1.600 0 175 0
35.200 16.400 3.200 0 175 0
35.200 16.400 3.600 0 175 0
35.200 16.800 0.800 0 175 0
35.200 16.800 1.200 0 175 0
35.200 16.800 2.400 0 175 0
35.200 16.800 3.600 0 175 0
35.200 17.200 0.800 75 0 75
35.200 17.200 3.600 0 175 0
35.200 17.600 0.800 75 0 75
35.200 17.600 2.800 0 175 0
35.200 18.000 0.800 75 0 75
35.200 18.000 2.800 0 175 0
35.200 18.000 3.600 0 175 0
35.200 18.800 0.800 75 0 75
35.200 19.200 0.800 0 175 0
35.200 19.200 1.200 0 175 0
35.200 19.200 2.000 0 175 0
35.200 19.200 2.400 0 175 0
35.200 19.600 0.800 0 175 0
35.200 19.600 1.200 0 175 0
35.200 19.600 1.600 0 175 0
35.200 19.600 2.000 0 175 0
35.200 19.600 2.400 0 175 0
35.200 20.000 0.800 255 120 50
35.200 20.000 1.200 0 175 0
35.200 20.000 1.600 0 175 0
35.200 20.000 2.000 0 175 0
35.200 20.000 2.400 0 175 0
35.200 22.400 0.400 75 0 75
35.200 22.800 0.400 255 0 255
35.200 22.800 0.800 255 40 200
35.200 22.800 1.200 255 40 200
35.200 22.800 1.600 255 40 200
35.200 22.800 2.000 255 40 200
35.200 23.200 0.400 255 0 255
35.200 23.200 0.800 255 40 200
35.200 23.200 1.200 255 40 200
35.200 23.200 1.600 255 40 200
35.200 23.200 2.000 255 40 200
35.200 23.600 0.400 255 0 255
35.200 24.000 0.400 255 0 255
35.200 24.400 0.400 255 0 255
35.200 24.800 0.400 255 0 255
35.200 25.200 0.400 255 0 255
35.200 25.600 0.400 255 0 255
35.200 26.000 0.400 255 0 255
35.200 26.400 0.400 255 0 255
35.200 26.800 0.400 255 0 255
35.200 27.200 0.400 255 0 255
35.200 27.600 0.400 255 0 255
35.200 28.000 0.400 255 0 255
35.200 28.400 0.400 255 0 255
35.200 28.800 0.800 0 175 0
35.200 28.800 1.200 0 175 0
35.200 29.200 0.800 0 175 0
35.200 29.200 1.200 0 175 0
35.200 29.600 0.800 0 175 0
35.200 29.600 1.200 0 175 0
35.200 30.000 0.800 0 175 0
35.200 30.000 1.200 0 175 0
35.200 30.400 0.800 0 175 0
35.200 30.400 1.200 0 175 0
35.200 30.800 0.800 0 175 0
35.200 30.800 1.200 0 175 0
35.200 30.800 1.600 0 175 0
35.200 30.800 2.000 0 175 0
35.200 30.800 2.400 0 175 0
35.200 30.800 2.800 0 175 0
35.200 30.800 3.200 0 175 0
35.200 31.200 0.800 0 175 0
35.200 31.200 1.200 0 175 0
35.200 31.200 1.600 0 175 0
35.200 31.200 2.000 0 175 0
35.200 31.200 2.400 0 175 0
35.200 31.200 2.800 0 175 0
35.200 31.600 1.200 0 175 0
35.200 31.600 1.600 0 175 0
35.200 31.600 2.000 0 175 0
35.200 31.600 2.400 0 175 0
35.200 31.600 2.800 0 175 0
35.200 32.000 0.800 0 175 0
35.200 32.000 1.200 0 175 0
35.200 32.000 1.600 0 175 0
35.200 32.000 2.000 0 175 0
35.200 32.000 2.400 0 175 0
35.200 32.000 2.800 0 175 0
35.200 32.400 0.800 0 175 0
35.200 32.400 1.200 0 175 0
35.200 32.400 1.600 0 175 0
35.200 32.400 2.000 0 175 0
35.200 32.400 2.400 0 175 0
35.200 32.400 2.800 0 175 0
35.200 32.800 0.800 0 175 0
35.200 32.800 1.600 0 175 0
35.200 32.800 2.000 0 175 0
35.200 32.800 2.400 0 175 0
35.200 33.200 0.800 0 175 0
35.200 33.200 1.200 0 175 0
35.200 33.200 1.600 0 175 0
35.200 33.200 2.000 0 175 0
35.200 33.200 2.400 0 175 0
35.200 33.600 0.800 0 175 0
35.200 33.600 1.200 0 175 0
35.200 33.600 1.600 0 175 0
35.200 33.600 2.000 0 175 0
35.200 34.000 0.800 0 175 0
35.200 34.000 1.200 0 175 0
35.200 34.000 1.600 0 175 0
35.200 34.000 2.000 0 175 0
35.200 34.400 0.400 0 175 0
35.200 34.400 1.200 0 175 0
35.200 34.400 1.600 0 175 0
35.200 34.400 2.400 0 175 0
35.200 34.800 1.200 0 175 0
35.200 34.800 1.600 0 175 0
35.200 34.800 2.000 0 175 0
35.200 35.200 1.600 0 175 0
35.200 35.200 2.000 0 175 0
35.200 37.600 2.800 0 175 0
35.200 38.000 2.000 0 175 0
35.200 38.000 2.400 0 175 0
35.200 38.000 2.800 0 175 0
35.200 38.000 3.200 0 175 0
35.200 38.000 3.600 0 175 0
35.200 38.400 2.000 0 175 0
35.200 38.400 2.400 0 175 0
35.200 38.400 2.800 0 175 0
35.200 38.800 2.400 0 175 0
35.200 38.800 2.800 0 175 0
35.200 39.200 2.800 0 175 0
35.200 39.600 2.800 0 175 0
35.200 42.800 3.600 0 175 0
35.200 43.600 2.400 0 175 0
35.200 43.600 2.800 0 175 0
35.200 43.600 3.200 0 175 0
35.600 6.000 2.000 0 175 0
35.600 6.000 2.400 0 175 0
35.600 6.000 2.800 0 175 0
35.600 6.000 3.200 0 175 0
35.600 6.400 2.400 0 175 0
35.600 6.400 2.800 0 175 0
35.600 6.400 3.200 0 175 0
35.600 6.800 2.800 0 175 0
35.600 7.200 2.400 0 175 0
35.600 8.000 1.600 0 175 0
35.600 8.000 2.000 0 175 0
35.600 8.000 2.400 0 175 0
35.600 8.400 1.600 0 175 0
35.600 8.400 2.400 0 175 0
35.600 12.000 2.800 0 175 0
35.600 12.400 2.800 0 175 0
35.600 12.800 2.800 0 175 0
35.600 13.200 2.000 0 175 0
35.600 13.200 2.400 0 175 0
35.600 13.200 2.800 0 175 0
35.600 13.200 3.600 0 175 0
35.600 13.600 2.400 0 175 0
35.600 13.600 2.800 0 175 0
35.600 13.600 3.200 0 175 0
35.600 13.600 3.600 0 175 0
35.600 14.000 2.400 0 175 0
35.600 14.000 2.800 0 175 0
35.600 14.000 3.200 0 175 0
35.600 14.000 3.600 0 175 0
35.600 14.400 2.400 0 175 0
35.600 14.400 2.800 0 175 0
35.600 14.400 3.200 0 175 0
35.600 14.400 3.600 0 175 0
35.600 14.800 1.200 0 175 0
35.600 14.800 1.600 0 175 0
35.600 14.800 2.000 0 175 0
35.600 14.800 2.400 0 175 0
35.600 14.800 2.800 0 175 0
35.600 14.800 3.200 0 175 0
35.600 15.200 1.600 0 175 0
35.600 15.200 2.000 0 175 0
35.600 15.200 2.400 0 175 0
35.600 15.200 2.800 0 175 0
35.600 15.200 3.200 0 175 0
35.600 15.200 3.600 0 175 0
35.600 15.600 1.200 0 175 0
35.600 15.600 1.600 0 175 0
35.600 15.600 2.000 0 175 0
35.600 15.600 2.400 0 175 0
35.600 15.600 2.800 0 175 0
35.600 15.600 3.200 0 175 0
35.600 15.600 3.600 0 175 0
35.600 16.000 1.200 0 175 0
35.600 16.000 3.200 0 175 0
35.600 16.400 0.800 75 0 75
35.600 16.400 1.200 0 175 0
35.600 16.400 1.600 0 175 0
35.600 16.400 3.200 0 175 0
35.600 16.400 3.600 0 175 0
35.600 16.800 0.800 75 0 75
35.600 16.800 3.200 0 175 0
35.600 17.200 0.800 75 0 75
35.600 17.600 0.800 75 0 75
35.600 18.000 0.800 75 0 75
35.600 18.400 0.800 75 0 75
35.600 18.800 0.800 75 0 75
35.600 19.200 0.800 0 175 0
35.600 19.200 1.200 0 175 0
35.600 19.200 1.600 0 175 0
35.600 19.200 2.400 0 175 0
35.600 19.600 0.800 0 175 0
35.600 19.600 1.200 0 175 0
35.600 19.600 1.600 0 175 0
35.600 19.600 2.000 0 175 0
35.600 19.600 2.400 0 175 0
35.600 20.000 0.400 75 0 75
35.600 20.000 0.800 255 120 50
35.600 20.000 1.200 0 175 0
35.600 20.000 1.600 0 175 0
35.600 20.000 2.000 0 175 0
35.600 20.000 2.400 0 175 0
35.600 20.400 0.400 75 0 75
35.600 22.000 0.400 75 0 75
35.600 22.400 0.400 75 0 75
35.600 22.800 0.400 255 0 255
35.600 22.800 0.800 255 40 200
35.600 22.800 1.200 255 40 200
35.600 22.800 1.600 255 40 200
35.600 23.200 0.400 255 0 255
35.600 23.200 0.800 255 40 200
35.600 23.200 1.200 255 40 200
35.600 23.200 1.600 255 40 200
35.600 23.200 2.000 255 40 200
35.600 23.600 0.400 255 0 255
35.600 24.000 0.400 255 0 255
35.600 24.400 0.400 255 0 255
35.600 24.800 0.400 255 0 255
35.600 25.200 0.400 255 0 255
35.600 25.600 0.400 255 0 255
35.600 26.000 0.400 255 0 255
35.600 26.400 0.400 255 0 255
35.600 26.800 0.400 255 0 255
35.600 27.200 0.400 255 0 255
35.600 27.600 0.400 255 0 255
35.600 28.000 0.400 255 0 255
35.600 28.400 0.400 255 0 255
35.600 28.800 0.800 0 175 0
35.600 28.800 1.200 0 175 0
35.600 29.200 0.800 0 175 0
35.600 29.200 1.200 0 175 0
35.600 29.600 0.800 0 175 0
35.600 29.600 1.200 0 175 0
35.600 30.000 0.800 0 175 0
35.600 30.000 1.200 0 175 0
35.600 30.400 0.800 0 175 0
35.600 30.400 1.200 0 175 0
35.600 30.400 1.600 0 175 0
35.600 30.400 2.000 0 175 0
35.600 30.400 2.400 0 175 0
35.600 30.800 0.800 0 175 0
35.600 30.800 1.200 0 175 0
35.600 30.800 1.600 0 175 0
35.600 30.800 2.000 0 175 0
35.600 30.800 2.400 0 175 0
35.600 30.800 2.800 0 175 0
35.600 31.200 0.800 0 175 0
35.600 31.200 1.200 0 175 0
35.600 31.200 1.600 0 175 0
35.600 31.200 2.000 0 175 0
35.600 31.200 2.400 0 175 0
35.600 31.200 2.800 0 175 0
35.600 31.200 3.200 0 175 0
35.600 31.600 0.800 0 175 0
35.600 31.600 1.200 0 175 0
35.600 31.600 1.600 0 175 0
35.600 31.600 2.000 0 175 0
35.600 31.600 2.400 0 175 0
35.600 31.600 2.800 0 175 0
35.600 31.600 3.200 0 175 0
35.600 32.000 0.800 0 175 0
35.600 32.000 1.200 0 175 0
35.600 32.000 2.000 0 175 0
35.600 32.000 2.400 0 175 0
35.600 32.000 2.800 0 175 0
35.600 32.400 2.800 0 175 0
35.600 32.800 1.600 0 175 0
35.600 32.800 2.000 0 175 0
35.600 32.800 2.400 0 175 0
35.600 33.200 0.800 0 175 0
35.600 33.200 1.600 0 175 0
35.600 33.200 2.400 0 175 0
35.600 33.600 0.800 0 175 0
35.600 33.600 1.200 0 175 0
35.600 33.600 1.600 0 175 0
35.600 34.000 0.800 0 175 0
35.600 34.000 1.200 0 175 0
35.600 34.000 1.600 0 175 0
35.600 34.400 0.400 0 175 0
35.600 34.400 0.800 0 175 0
35.600 34.400 1.200 0 175 0
35.600 34.400 1.600 0 175 0
35.600 34.800 1.600 0 175 0
35.600 35.200 1.600 0 175 0
35.600 35.200 2.000 0 175 0
35.600 36.400 0.800 0 175 0
35.600 37.600 2.000 0 175 0
35.600 37.600 2.800 0 175 0
35.600 38.000 2.000 0 175 0
35.600 38.000 2.800 0 175 0
35.600 38.400 2.400 0 175 0
35.600 38.400 2.800 0 175 0
35.600 38.800 2.800 0 175 0
35.600 38.800 3.200 0 175 0
35.600 39.200 2.800 0 175 0
35.600 39.200 3.200 0 175 0
35.600 43.200 3.200 0 175 0
36.000 6.800 2.400 0 175 0
36.000 6.800 2.800 0 175 0
36.000 6.800 3.200 0 175 0
36.000 7.200 2.400 0 175 0
36.000 8.000 2.000 0 175 0
36.000 8.000 2.800 0 175 0
36.000 8.000 3.200 0 175 0
36.000 8.400 2.000 0 175 0
36.000 8.400 2.800 0 175 0
36.000 12.400 2.800 0 175 0
36.000 12.400 3.200 0 175 0
36.000 12.800 2.000 0 175 0
36.000 12.800 3.600 0 175 0
36.000 13.200 1.600 0 175 0
36.000 13.600 1.600 0 175 0
36.000 13.600 2.000 0 175 0
36.000 13.600 2.800 0 175 0
36.000 13.600 3.200 0 175 0
36.000 13.600 3.600 0 175 0
36.000 14.000 2.000 0 175 0
36.000 14.000 2.400 0 175 0
36.000 14.000 2.800 0 175 0
36.000 14.000 3.200 0 175 0
36.000 14.400 1.600 0 175 0
36.000 14.400 2.000 0 175 0
36.000 14.400 2.400 0 175 0
36.000 14.400 2.800 0 175 0
36.000 14.400 3.200 0 175 0
36.000 14.400 3.600 0 175 0
36.000 14.800 2.000 0 175 0
36.000 14.800 2.400 0 175 0
36.000 14.800 3.200 0 175 0
36.000 14.800 3.600 0 175 0
36.000 15.200 0.800 0 175 0
36.000 15.200 1.200 0 175 0
36.000 15.200 1.600 0 175 0
36.000 15.200 2.000 0 175 0
36.000 15.200 2.400 0 175 0
36.000 15.200 2.800 0 175 0
36.000 15.600 0.800 0 175 0
36.000 15.600 1.200 0 175 0
36.000 15.600 1.600 0 175 0
36.000 15.600 2.800 0 175 0
36.000 15.600 3.200 0 175 0
36.000 15.600 3.600 0 175 0
36.000 16.000 0.800 75 0 75
36.000 16.000 2.800 0 175 0
36.000 16.000 3.200 0 175 0
36.000 16.400 0.800 75 0 75
36.000 16.800 0.800 75 0 75
36.000 17.200 0.800 75 0 75
36.000 17.600 0.800 75 0 75
36.000 18.000 0.800 75 0 75
36.000 19.200 0.800 0 175 0
36.000 19.200 1.600 0 175 0
36.000 19.200 2.000 0 175 0
36.000 19.600 0.800 255 120 50
36.000 19.600 1.200 0 175 0
36.000 19.600 1.600 0 175 0
36.000 19.600 2.000 0 175 0
36.000 19.600 2.400 0 175 0
36.000 20.000 0.800 255 120 50
36.000 20.000 1.200 0 175 0
36.000 20.000 1.600 0 175 0
36.000 20.000 2.000 0 175 0
36.000 20.000 2.400 0 175 0
36.000 20.400 0.400 75 0 75
36.000 20.800 0.400 75 0 75
36.000 22.000 0.400 75 0 75
36.000 22.400 0.400 75 0 75
36.000 22.800 0.400 255 0 255
36.000 22.800 0.800 255 40 200
36.000 22.800 1.200 255 40 200
36.000 22.800 1.600 255 40 200
36.000 23.200 0.400 255 0 255
36.000 23.200 0.800 255 40 200
36.000 23.200 1.200 255 40 200
36.000 23.200 1.600 255 40 200
36.000 23.200 2.000 255 40 200
36.000 23.600 0.400 255 0 255
36.000 24.000 0.400 255 0 255
36.000 24.400 0.400 255 0 255
36.000 24.800 0.400 255 0 255
36.000 25.200 0.400 255 0 255
36.000 25.600 0.400 255 0 255
36.000 26.000 0.400 255 0 255
36.000 26.400 0.400 255 0 255
36.000 26.800 0.400 255 0 255
36.000 27.200 0.400 255 0 255
36.000 27.600 0.400 255 0 255
36.000 28.000 0.400 255 0 255
36.000 28.400 0.400 255 0 255
36.000 28.800 0.800 0 175 0
36.000 29.200 0.800 0 175 0
36.000 29.200 1.200 0 175 0
36.000 29.600 0.800 0 175 0
36.000 29.600 1.200 0 175 0
36.000 30.000 0.800 0 175 0
36.000 30.400 0.800 0 175 0
36.000 30.400 1.200 0 175 0
36.000 30.400 1.600 0 175 0
36.000 30.400 2.000 0 175 0
36.000 30.800 0.800 0 175 0
36.000 30.800 1.200 0 175 0
36.000 30.800 1.600 0 175 0
36.000 30.800 2.000 0 175 0
36.000 30.800 2.400 0 175 0
36.000 30.800 2.800 0 175 0
36.000 31.200 0.800 0 175 0
36.000 31.200 1.200 0 175 0
36.000 31.200 1.600 0 175 0
36.000 31.200 2.000 0 175 0
36.000 31.200 2.400 0 175 0
36.000 31.200 2.800 0 175 0
36.000 31.200 3.200 0 175 0
36.000 31.600 0.800 0 175 0
36.000 31.600 1.200 0 175 0
36.000 31.600 1.600 0 175 0
36.000 31.600 2.000 0 175 0
36.000 31.600 2.400 0 175 0
36.000 31.600 2.800 0 175 0
36.000 31.600 3.200 0 175 0
36.000 32.000 0.800 0 175 0
36.000 32.000 1.200 0 175 0
36.000 32.000 1.600 0 175 0
36.000 32.000 2.000 0 175 0
36.000 32.000 2.400 0 175 0
36.000 32.000 2.800 0 175 0
36.000 32.000 3.200 0 175 0
36.000 32.400 1.200 0 175 0
36.000 32.400 1.600 0 175 0
36.000 32.400 2.000 0 175 0
36.000 32.400 2.400 0 175 0
36.000 32.400 2.800 0 175 0
36.000 32.400 3.200 0 175 0
36.000 32.800 0.800 0 175 0
36.000 32.800 1.600 0 175 0
36.000 32.800 2.000 0 175 0
36.000 32.800 2.400 0 175 0
36.000 32.800 2.800 0 175 0
36.000 32.800 3.200 0 175 0
36.000 33.200 0.800 0 175 0
36.000 33.200 1.600 0 175 0
36.000 33.200 2.000 0 175 0
36.000 33.200 2.400 0 175 0
36.000 33.200 2.800 0 175 0
36.000 33.600 1.200 0 175 0
36.000 34.000 0.800 0 175 0
36.000 34.000 1.200 0 175 0
36.000 34.400 0.800 0 175 0
36.000 34.400 1.200 0 175 0
36.000 34.800 0.400 0 175 0
36.000 34.800 1.200 0 175 0
36.000 35.600 0.800 0 175 0
36.000 36.000 0.800 0 175 0
36.000 37.600 2.000 0 175 0
36.000 37.600 3.200 0 175 0
36.000 38.000 2.400 0 175 0
36.000 38.000 2.800 0 175 0
36.000 38.000 3.200 0 175 0
36.000 38.400 2.800 0 175 0
36.000 38.400 3.200 0 175 0
36.400 2.400 2.800 0 175 0
36.400 3.200 2.400 0 175 0
36.400 7.200 2.000 0 175 0
36.400 7.200 2.400 0 175 0
36.400 7.200 2.800 0 175 0
36.400 7.200 3.200 0 175 0
36.400 7.600 2.000 0 175 0
36.400 7.600 2.800 0 175 0
36.400 9.200 1.200 0 175 0
36.400 10.400 2.800 0 175 0
36.400 10.400 3.200 0 175 0
36.400 10.800 2.400 0 175 0
36.400 12.400 2.800 0 175 0
36.400 12.400 3.200 0 175 0
36.400 12.800 1.600 0 175 0
36.400 12.800 2.800 0 175 0
36.400 12.800 3.200 0 175 0
36.400 13.200 1.200 0 175 0
36.400 13.200 1.600 0 175 0
36.400 13.200 2.000 0 175 0
36.400 13.200 2.800 0 175 0
36.400 13.200 3.200 0 175 0
36.400 13.600 2.000 0 175 0
36.400 13.600 2.800 0 175 0
36.400 13.600 3.200 0 175 0
36.400 14.000 2.800 0 175 0
36.400 14.000 3.200 0 175 0
36.400 14.400 1.200 0 175 0
36.400 14.400 1.600 0 175 0
36.400 14.800 0.800 0 175 0
36.400 14.800 1.200 0 175 0
36.400 14.800 1.600 0 175 0
36.400 14.800 2.000 0 175 0
36.400 14.800 2.400 0 175 0
36.400 15.200 0.800 75 0 75
36.400 15.200 2.400 0 175 0
36.400 15.600 0.800 75 0 75
36.400 15.600 2.800 0 175 0
36.400 16.000 0.800 75 0 75
36.400 16.000 2.800 0 175 0
36.400 16.400 0.800 75 0 75
36.400 16.800 0.800 75 0 75
36.400 17.200 0.800 75 0 75
36.400 17.600 0.800 75 0 75
36.400 18.000 0.800 75 0 75
36.400 18.800 0.800 75 0 75
36.400 19.200 0.800 0 175 0
36.400 19.200 1.600 0 175 0
36.400 19.200 2.000 0 175 0
36.400 19.200 2.400 0 175 0
36.400 19.600 0.800 0 175 0
36.400 19.600 1.200 0 175 0
36.400 19.600 1.600 0 175 0
36.400 19.600 2.000 0 175 0
36.400 19.600 2.400 0 175 0
36.400 20.000 0.800 255 120 50
36.400 20.000 1.200 0 175 0
36.400 20.000 1.600 0 175 0
36.400 20.000 2.000 0 175 0
36.400 20.000 2.400 0 175 0
36.400 20.800 0.400 75 0 75
36.400 22.000 0.400 75 0 75
36.400 22.400 0.400 75 0 75
36.400 22.800 0.400 255 0 255
36.400 22.800 1.600 255 40 200
36.400 23.200 0.400 255 0 255
36.400 23.200 0.800 255 40 200
36.400 23.200 1.200 255 40 200
36.400 23.200 1.600 255 40 200
36.400 23.200 2.000 255 40 200
36.400 23.600 0.400 255 0 255
36.400 24.000 0.400 255 0 255
36.400 24.400 0.400 255 0 255
36.400 24.800 0.400 255 0 255
36.400 25.200 0.400 255 0 255
36.400 25.600 0.400 255 0 255
36.400 26.000 0.400 255 0 255
36.400 26.400 0.400 255 0 255
36.400 26.800 0.400 255 0 255
36.400 26.800 0.800 100 150 245
36.400 27.200 0.400 255 0 255
36.400 27.200 0.800 100 150 245
36.400 27.600 0.400 255 0 255
36.400 27.600 0.800 100 150 245
36.400 28.000 0.400 255 0 255
36.400 28.400 0.400 255 0 255
36.400 28.400 0.800 0 175 0
36.400 28.800 0.800 0 175 0
36.400 28.800 1.200 0 175 0
36.400 29.200 0.800 0 175 0
36.400 29.200 1.200 0 175 0
36.400 29.600 0.800 0 175 0
36.400 29.600 1.200 0 175 0
36.400 30.000 0.800 0 175 0
36.400 30.400 0.800 0 175 0
36.400 30.400 1.600 0 175 0
36.400 30.800 0.800 0 175 0
36.400 30.800 1.200 0 175 0
36.400 30.800 1.600 0 175 0
36.400 31.200 0.800 0 175 0
36.400 31.200 1.200 0 175 0
36.400 31.200 1.600 0 175 0
36.400 31.200 2.000 0 175 0
36.400 31.200 2.400 0 175 0
36.400 31.200 2.800 0 175 0
36.400 31.200 3.200 0 175 0
36.400 31.600 0.800 0 175 0
36.400 31.600 1.200 0 175 0
36.400 31.600 1.600 0 175 0
36.400 31.600 2.000 0 175 0
36.400 31.600 2.400 0 175 0
36.400 31.600 2.800 0 175 0
36.400 31.600 3.200 0 175 0
36.400 32.000 0.800 0 175 0
36.400 32.000 1.200 0 175 0
36.400 32.000 1.600 0 175 0
36.400 32.000 2.000 0 175 0
36.400 32.000 2.400 0 175 0
36.400 32.400 0.800 0 175 0
36.400 32.400 1.200 0 175 0
36.400 32.400 1.600 0 175 0
36.400 32.400 2.000 0 175 0
36.400 32.400 2.400 0 175 0
36.400 32.400 2.800 0 175 0
36.400 32.400 3.200 0 175 0
36.400 32.800 0.800 0 175 0
36.400 32.800 1.200 0 175 0
36.400 32.800 1.600 0 175 0
36.400 32.800 2.000 0 175 0
36.400 32.800 2.400 0 175 0
36.400 33.200 0.800 0 175 0
36.400 33.200 1.200 0 175 0
36.400 33.600 0.400 0 175 0
36.400 34.000 0.400 0 175 0
36.400 34.000 1.200 0 175 0
36.400 34.400 0.400 0 175 0
36.400 34.800 0.000 0 175 0
36.400 34.800 0.400 0 175 0
36.400 34.800 0.800 0 175 0
36.400 34.800 1.600 0 175 0
36.400 35.200 0.000 0 175 0
36.400 35.200 0.400 0 175 0
36.400 35.200 0.800 0 175 0
36.400 35.200 1.200 0 175 0
36.400 35.200 1.600 0 175 0
36.400 35.600 0.000 0 175 0
36.400 35.600 0.400 0 175 0
36.400 35.600 0.800 0 175 0
36.400 35.600 1.200 0 175 0
36.400 36.400 0.400 0 175 0
36.400 38.000 2.400 0 175 0
36.400 38.000 2.800 0 175 0
36.400 38.400 2.000 0 175 0
36.400 38.400 2.400 0 175 0
36.400 38.400 2.800 0 175 0
36.800 2.800 2.800 0 175 0
36.800 2.800 3.200 0 175 0
36.800 7.200 1.600 0 175 0
36.800 7.200 2.400 0 175 0
36.800 7.200 2.800 0 175 0
36.800 7.200 3.200 0 175 0
36.800 7.600 2.000 0 175 0
36.800 8.000 2.400 0 175 0
36.800 8.000 2.800 0 175 0
36.800 10.000 2.400 0 175 0
36.800 10.000 2.800 0 175 0
36.800 11.600 3.200 0 175 0
36.800 12.000 2.800 0 175 0
36.800 12.000 3.200 0 175 0
36.800 12.400 2.800 0 175 0
36.800 12.400 3.200 0 175 0
36.800 12.800 1.600 0 175 0
36.800 12.800 2.000 0 175 0
36.800 12.800 2.800 0 175 0
36.800 12.800 3.200 0 175 0
36.800 13.200 1.200 0 175 0
36.800 13.200 1.600 0 175 0
36.800 13.200 2.000 0 175 0
36.800 13.200 2.800 0 175 0
36.800 13.200 3.200 0 175 0
36.800 13.600 1.200 0 175 0
36.800 13.600 1.600 0 175 0
36.800 13.600 3.200 0 175 0
36.800 14.000 0.800 0 175 0
36.800 14.000 3.200 0 175 0
36.800 14.400 0.800 75 0 75
36.800 14.400 1.200 0 175 0
36.800 14.400 1.600 0 175 0
36.800 14.800 0.800 75 0 75
36.800 15.600 0.800 75 0 75
36.800 16.000 0.800 75 0 75
36.800 16.400 0.800 75 0 75
36.800 16.800 0.800 75 0 75
36.800 17.200 0.800 75 0 75
36.800 17.600 0.800 75 0 75
36.800 18.800 0.800 0 175 0
36.800 19.200 0.800 0 175 0
36.800 19.200 1.200 0 175 0
36.800 19.200 1.600 0 175 0
36.800 19.200 2.000 0 175 0
36.800 19.600 0.800 0 175 0
36.800 19.600 1.200 0 175 0
36.800 19.600 1.600 0 175 0
36.800 19.600 2.000 0 175 0
36.800 19.600 2.400 0 175 0
36.800 20.000 0.800 255 120 50
36.800 20.000 1.200 0 175 0
36.800 20.000 1.600 0 175 0
36.800 20.000 2.000 0 175 0
36.800 20.000 2.400 0 175 0
36.800 22.400 0.400 75 0 75
36.800 22.800 0.400 255 0 255
36.800 22.800 1.600 255 40 200
36.800 22.800 2.000 255 40 200
36.800 23.200 0.400 255 0 255
36.800 23.200 0.800 255 40 200
36.800 23.200 1.200 255 40 200
36.800 23.200 1.600 255 40 200
36.800 23.200 2.000 255 40 200
36.800 23.600 0.400 255 0 255
36.800 24.000 0.400 255 0 255
36.800 24.400 0.400 255 0 255
36.800 24.800 0.400 255 0 255
36.800 25.200 0.400 255 0 255
36.800 25.600 0.400 255 0 255
36.800 26.000 0.400 255 0 255
36.800 26.400 0.400 255 0 255
36.800 26.800 0.400 255 0 255
36.800 26.800 0.800 100 150 245
36.800 26.800 1.200 100 150 245
36.800 27.200 0.400 255 0 255
36.800 27.200 0.800 100 150 245
36.800 27.200 1.200 100 150 245
36.800 27.600 0.400 255 0 255
36.800 27.600 0.800 100 150 245
36.800 27.600 1.200 100 150 245
36.800 28.000 0.400 255 0 255
36.800 28.000 0.800 100 150 245
36.800 28.000 1.200 100 150 245
36.800 28.400 0.400 255 0 255
36.800 28.400 0.800 0 175 0
36.800 28.800 0.800 0 175 0
36.800 29.200 0.800 0 175 0
36.800 29.600 0.800 0 175 0
36.800 29.600 1.200 0 175 0
36.800 30.000 0.800 0 175 0
36.800 30.400 0.800 0 175 0
36.800 30.400 2.400 0 175 0
36.800 30.800 0.800 0 175 0
36.800 30.800 1.200 0 175 0
36.800 30.800 1.600 0 175 0
36.800 30.800 2.000 0 175 0
36.800 30.800 2.400 0 175 0
36.800 30.800 2.800 0 175 0
36.800 31.200 0.800 0 175 0
36.800 31.200 1.200 0 175 0
36.800 31.200 1.600 0 175 0
36.800 31.200 2.000 0 175 0
36.800 31.200 2.400 0 175 0
36.800 31.200 2.800 0 175 0
36.800 31.600 0.800 0 175 0
36.800 31.600 1.200 0 175 0
36.800 31.600 1.600 0 175 0
36.800 31.600 2.000 0 175 0
36.800 31.600 2.400 0 175 0
36.800 31.600 2.800 0 175 0
36.800 31.600 3.600 0 175 0
36.800 32.000 0.800 0 175 0
36.800 32.000 1.200 0 175 0
36.800 32.000 1.600 0 175 0
36.800 32.000 2.000 0 175 0
36.800 32.000 2.400 0 175 0
36.800 32.000 2.800 0 175 0
36.800 32.000 3.200 0 175 0
36.800 32.400 0.800 0 175 0
36.800 32.400 1.200 0 175 0
36.800 32.400 1.600 0 175 0
36.800 32.400 2.000 0 175 0
36.800 32.400 2.400 0 175 0
36.800 32.400 2.800 0 175 0
36.800 32.800 1.200 0 175 0
36.800 32.800 1.600 0 175 0
36.800 32.800 2.400 0 175 0
36.800 33.200 2.800 0 175 0
36.800 33.600 0.400 0 175 0
36.800 33.600 0.800 0 175 0
36.800 33.600 2.800 0 175 0
36.800 34.000 2.800 0 175 0
36.800 34.400 0.400 0 175 0
36.800 34.800 0.000 0 175 0
36.800 34.800 0.400 0 175 0
36.800 34.800 0.800 0 175 0
36.800 35.200 0.000 0 175 0
36.800 35.200 0.400 0 175 0
36.800 35.200 0.800 0 175 0
36.800 35.200 1.200 0 175 0
36.800 35.600 0.000 0 175 0
36.800 35.600 0.400 0 175 0
36.800 35.600 0.800 0 175 0
36.800 35.600 1.600 0 175 0
36.800 36.000 1.200 0 175 0
36.800 36.000 1.600 0 175 0
36.800 36.400 1.200 0 175 0
36.800 36.400 1.600 0 175 0
37.200 3.200 2.400 0 175 0
37.200 3.200 2.800 0 175 0
37.200 7.600 2.000 0 175 0
37.200 7.600 2.400 0 175 0
37.200 7.600 2.800 0 175 0
37.200 7.600 3.200 0 175 0
37.200 8.400 2.000 0 175 0
37.200 9.200 1.200 0 175 0
37.200 10.000 2.800 0 175 0
37.200 10.400 1.200 0 175 0
37.200 10.400 2.800 0 175 0
37.200 10.800 3.200 0 175 0
37.200 11.200 3.200 0 175 0
37.200 11.600 2.800 0 175 0
37.200 12.000 2.400 0 175 0
37.200 12.000 2.800 0 175 0
37.200 12.400 2.000 0 175 0
37.200 12.400 2.800 0 175 0
37.200 12.400 3.200 0 175 0
37.200 12.800 1.600 0 175 0
37.200 12.800 2.000 0 175 0
37.200 12.800 2.400 0 175 0
37.200 12.800 2.800 0 175 0
37.200 12.800 3.200 0 175 0
37.200 13.200 2.800 0 175 0
37.200 13.200 3.200 0 175 0
37.200 13.600 0.800 0 175 0
37.200 14.000 0.800 75 0 75
37.200 15.200 0.800 75 0 75
37.200 15.600 0.800 75 0 75
37.200 16.000 0.800 75 0 75
37.200 16.400 0.800 75 0 75
37.200 17.200 0.800 75 0 75
37.200 17.600 0.800 75 0 75
37.200 19.200 0.800 0 175 0
37.200 19.200 1.200 0 175 0
37.200 19.200 1.600 0 175 0
37.200 19.200 2.000 0 175 0
37.200 19.200 2.400 0 175 0
37.200 19.600 0.800 255 120 50
37.200 19.600 1.200 0 175 0
37.200 19.600 1.600 0 175 0
37.200 19.600 2.000 0 175 0
37.200 19.600 2.400 0 175 0
37.200 20.000 0.800 255 120 50
37.200 20.000 1.200 0 175 0
37.200 20.000 1.600 0 175 0
37.200 20.000 2.000 0 175 0
37.200 20.000 2.400 0 175 0
37.200 22.400 0.400 75 0 75
37.200 22.800 0.400 255 0 255
37.200 22.800 1.200 255 40 200
37.200 22.800 1.600 255 40 200
37.200 22.800 2.000 255 40 200
37.200 23.200 0.400 255 0 255
37.200 23.200 0.800 255 40 200
37.200 23.200 1.200 255 40 200
37.200 23.200 1.600 255 40 200
37.200 23.600 0.400 255 0 255
37.200 24.000 0.400 255 0 255
37.200 24.400 0.400 255 0 255
37.200 24.800 0.400 255 0 255
37.200 25.200 0.400 255 0 255
37.200 25.600 0.400 255 0 255
37.200 26.000 0.400 255 0 255
37.200 26.400 0.400 255 0 255
37.200 26.400 0.800 100 150 245
37.200 26.800 0.400 255 0 255
37.200 26.800 0.800 100 150 245
37.200 26.800 1.200 100 150 245
37.200 27.200 0.400 255 0 255
37.200 27.200 1.200 100 150 245
37.200 27.600 0.400 255 0 255
37.200 27.600 1.200 100 150 245
37.200 28.000 0.400 255 0 255
37.200 28.000 1.200 100 150 245
37.200 28.400 0.400 255 0 255
37.200 28.800 0.800 0 175 0
37.200 29.200 0.800 0 175 0
37.200 29.200 1.200 0 175 0
37.200 29.600 0.800 0 175 0
37.200 29.600 1.600 0 175 0
37.200 30.000 0.800 0 175 0
37.200 30.000 1.600 0 175 0
37.200 30.400 0.800 0 175 0
37.200 30.400 1.200 0 175 0
37.200 30.800 0.800 0 175 0
37.200 30.800 1.200 0 175 0
37.200 30.800 2.000 0 175 0
37.200 30.800 2.400 0 175 0
37.200 31.200 0.800 0 175 0
37.200 31.200 1.200 0 175 0
37.200 31.200 1.600 0 175 0
37.200 31.200 2.000 0 175 0
37.200 31.200 2.400 0 175 0
37.200 31.200 2.800 0 175 0
37.200 31.600 0.800 0 175 0
37.200 31.600 1.200 0 175 0
37.200 31.600 1.600 0 175 0
37.200 31.600 2.000 0 175 0
37.200 31.600 2.400 0 175 0
37.200 31.600 2.800 0 175 0
37.200 31.600 3.200 0 175 0
37.200 32.000 0.800 0 175 0
37.200 32.000 1.200 0 175 0
37.200 32.000 1.600 0 175 0
37.200 32.000 2.000 0 175 0
37.200 32.000 2.400 0 175 0
37.200 32.000 2.800 0 175 0
37.200 32.000 3.200 0 175 0
37.200 32.400 0.800 0 175 0
37.200 32.400 1.200 0 175 0
37.200 32.400 1.600 0 175 0
37.200 32.400 2.000 0 175 0
37.200 32.400 2.400 0 175 0
37.200 32.400 2.800 0 175 0
37.200 32.800 0.800 0 175 0
37.200 32.800 1.200 0 175 0
37.200 32.800 1.600 0 175 0
37.200 32.800 2.000 0 175 0
37.200 32.800 2.400 0 175 0
37.200 32.800 2.800 0 175 0
37.200 33.200 2.400 0 175 0
37.200 33.200 2.800 0 175 0
37.200 33.600 2.000 0 175 0
37.200 33.600 2.400 0 175 0
37.200 33.600 2.800 0 175 0
37.200 34.000 2.400 0 175 0
37.200 34.000 2.800 0 175 0
37.200 34.400 2.800 0 175 0
37.200 34.800 0.800 0 175 0
37.200 35.200 0.400 0 175 0
37.200 35.200 1.200 0 175 0
37.200 35.200 1.600 0 175 0
37.200 35.600 0.000 0 175 0
37.200 35.600 0.800 0 175 0
37.200 35.600 1.200 0 175 0
37.200 36.000 1.600 0 175 0
37.200 36.400 1.200 0 175 0
37.200 36.400 1.600 0 175 0
37.200 36.400 2.400 0 175 0
37.200 37.200 0.800 0 175 0
37.200 37.600 1.200 0 175 0
37.600 7.600 1.600 0 175 0
37.600 7.600 2.000 0 175 0
37.600 7.600 2.400 0 175 0
37.600 7.600 2.800 0 175 0
37.600 7.600 3.200 0 175 0
37.600 8.000 2.400 0 175 0
37.600 8.000 2.800 0 175 0
37.600 10.000 2.800 0 175 0
37.600 10.400 2.800 0 175 0
37.600 10.800 2.800 0 175 0
37.600 10.800 3.200 0 175 0
37.600 11.200 1.200 0 175 0
37.600 11.200 3.200 0 175 0
37.600 11.600 1.200 0 175 0
37.600 11.600 2.800 0 175 0
37.600 11.600 3.200 0 175 0
37.600 12.000 1.200 0 175 0
37.600 12.000 2.000 0 175 0
37.600 12.000 2.800 0 175 0
37.600 12.400 1.200 0 175 0
37.600 12.400 1.600 0 175 0
37.600 12.400 2.000 0 175 0
37.600 12.400 2.800 0 175 0
37.600 12.400 3.200 0 175 0
37.600 12.800 0.800 0 175 0
37.600 12.800 1.200 0 175 0
37.600 12.800 2.000 0 175 0
37.600 13.200 0.800 75 0 75
37.600 14.000 0.800 75 0 75
37.600 14.400 0.800 75 0 75
37.600 14.800 0.800 75 0 75
37.600 15.200 0.800 75 0 75
37.600 15.600 0.800 75 0 75
37.600 16.000 0.800 75 0 75
37.600 16.400 0.800 75 0 75
37.600 16.800 0.800 75 0 75
37.600 17.200 0.800 75 0 75
37.600 17.600 1.200 0 175 0
37.600 18.000 0.800 0 175 0
37.600 18.400 0.800 0 175 0
37.600 18.800 0.800 0 175 0
37.600 19.200 0.800 0 175 0
37.600 19.200 1.200 0 175 0
37.600 19.200 1.600 0 175 0
37.600 19.200 2.000 0 175 0
37.600 19.200 2.400 0 175 0
37.600 19.600 0.800 0 175 0
37.600 19.600 1.200 0 175 0
37.600 19.600 1.600 0 175 0
37.600 19.600 2.000 0 175 0
37.600 19.600 2.400 0 175 0
37.600 20.000 0.800 255 120 50
37.600 20.000 1.200 0 175 0
37.600 20.000 1.600 0 175 0
37.600 20.000 2.000 0 175 0
37.600 20.000 2.400 0 175 0
37.600 20.000 2.800 0 175 0
37.600 22.400 0.400 75 0 75
37.600 22.800 0.400 255 0 255
37.600 22.800 1.600 255 40 200
37.600 22.800 2.000 255 40 200
37.600 23.200 0.400 255 0 255
37.600 23.200 1.200 255 40 200
37.600 23.200 1.600 255 40 200
37.600 23.200 2.000 255 40 200
37.600 23.600 0.400 255 0 255
37.600 24.000 0.400 255 0 255
37.600 24.400 0.400 255 0 255
37.600 24.800 0.400 255 0 255
37.600 25.200 0.400 255 0 255
37.600 25.600 0.400 255 0 255
37.600 26.000 0.400 255 0 255
37.600 26.400 0.400 255 0 255
37.600 26.400 1.200 100 150 245
37.600 26.800 0.400 255 0 255
37.600 26.800 0.800 100 150 245
37.600 26.800 1.200 100 150 245
37.600 27.200 0.400 255 0 255
37.600 27.600 0.400 100 150 245
37.600 28.000 0.400 100 150 245
37.600 28.000 0.800 100 150 245
37.600 28.800 0.800 0 175 0
37.600 28.800 1.200 0 175 0
37.600 29.200 0.800 0 175 0
37.600 29.200 2.000 0 175 0
37.600 29.200 2.400 0 175 0
37.600 29.600 0.800 0 175 0
37.600 29.600 1.200 0 175 0
37.600 29.600 1.600 0 175 0
37.600 29.600 2.000 0 175 0
37.600 30.000 0.800 0 175 0
37.600 30.000 1.200 0 175 0
37.600 30.000 1.600 0 175 0
37.600 30.400 0.800 0 175 0
37.600 30.400 1.200 0 175 0
37.600 30.400 2.000 0 175 0
37.600 30.400 2.400 0 175 0
37.600 30.800 0.800 0 175 0
37.600 30.800 1.200 0 175 0
37.600 30.800 1.600 0 175 0
37.600 30.800 2.000 0 175 0
37.600 30.800 2.400 0 175 0
37.600 31.200 0.800 0 175 0
37.600 31.200 1.200 0 175 0
37.600 31.200 1.600 0 175 0
37.600 31.200 2.000 0 175 0
37.600 31.200 2.400 0 175 0
37.600 31.200 2.800 0 175 0
37.600 31.600 0.800 0 175 0
37.600 31.600 1.200 0 175 0
37.600 31.600 1.600 0 175 0
37.600 31.600 2.000 0 175 0
37.600 31.600 2.400 0 175 0
37.600 31.600 2.800 0 175 0
37.600 31.600 3.600 0 175 0
37.600 32.000 0.800 0 175 0
37.600 32.000 1.200 0 175 0
37.600 32.000 1.600 0 175 0
37.600 32.000 2.000 0 175 0
37.600 32.000 2.400 0 175 0
37.600 32.000 2.800 0 175 0
37.600 32.000 3.200 0 175 0
37.600 32.400 0.800 0 175 0
37.600 32.400 1.200 0 175 0
37.600 32.400 1.600 0 175 0
37.600 32.400 2.000 0 175 0
37.600 32.400 2.400 0 175 0
37.600 32.400 2.800 0 175 0
37.600 32.800 0.800 0 175 0
37.600 32.800 1.200 0 175 0
37.600 32.800 1.600 0 175 0
37.600 32.800 2.000 0 175 0
37.600 32.800 2.400 0 175 0
37.600 32.800 2.800 0 175 0
37.600 33.200 1.200 0 175 0
37.600 33.200 1.600 0 175 0
37.600 33.200 2.000 0 175 0
37.600 33.200 2.400 0 175 0
37.600 33.200 2.800 0 175 0
37.600 33.600 2.000 0 175 0
37.600 33.600 2.400 0 175 0
37.600 33.600 2.800 0 175 0
37.600 34.000 2.000 0 175 0
37.600 34.000 2.400 0 175 0
37.600 34.000 2.800 0 175 0
37.600 34.400 2.000 0 175 0
37.600 35.200 0.800 0 175 0
37.600 35.600 0.400 0 175 0
37.600 35.600 1.200 0 175 0
37.600 35.600 1.600 0 175 0
37.600 36.000 0.800 0 175 0
37.600 36.000 1.200 0 175 0
37.600 36.400 0.800 0 175 0
37.600 36.400 1.600 0 175 0
37.600 36.400 2.000 0 175 0
37.600 36.400 2.400 0 175 0
37.600 36.400 2.800 0 175 0
37.600 36.800 2.000 0 175 0
37.600 36.800 2.400 0 175 0
37.600 36.800 2.800 0 175 0
37.600 37.200 0.800 0 175 0
38.000 7.600 3.200 0 175 0
38.000 8.000 1.600 0 175 0
38.000 8.000 2.400 0 175 0
38.000 8.000 2.800 0 175 0
38.000 8.400 2.400 0 175 0
38.000 10.800 1.200 0 175 0
38.000 10.800 2.800 0 175 0
38.000 10.800 3.200 0 175 0
38.000 11.200 1.200 0 175 0
38.000 11.200 1.600 0 175 0
38.000 11.200 2.000 0 175 0
38.000 11.200 2.800 0 175 0
38.000 11.200 3.200 0 175 0
38.000 11.600 1.600 0 175 0
38.000 11.600 2.000 0 175 0
38.000 11.600 2.800 0 175 0
38.000 11.600 3.200 0 175 0
38.000 12.000 1.200 0 175 0
38.000 12.000 1.600 0 175 0
38.000 12.000 2.000 0 175 0
38.000 12.000 2.800 0 175 0
38.000 12.000 3.200 0 175 0
38.000 12.400 0.800 0 175 0
38.000 12.800 0.800 75 0 75
38.000 14.000 0.800 75 0 75
38.000 14.400 0.800 75 0 75
38.000 15.200 0.800 75 0 75
38.000 16.000 0.800 75 0 75
38.000 16.400 0.800 75 0 75
38.000 16.800 0.800 75 0 75
38.000 17.600 1.200 0 175 0
38.000 18.000 1.200 0 175 0
38.000 18.000 1.600 0 175 0
38.000 18.400 1.200 0 175 0
38.000 18.800 0.800 0 175 0
38.000 18.800 1.200 0 175 0
38.000 19.200 0.800 0 175 0
38.000 19.200 1.200 0 175 0
38.000 19.200 1.600 0 175 0
38.000 19.200 2.000 0 175 0
38.000 19.600 0.800 255 120 50
38.000 19.600 1.200 0 175 0
38.000 19.600 1.600 0 175 0
38.000 19.600 2.000 0 175 0
38.000 19.600 2.400 0 175 0
38.000 20.000 0.800 255 120 50
38.000 20.000 1.600 0 175 0
38.000 20.000 2.000 0 175 0
38.000 20.000 2.400 0 175 0
38.000 22.000 0.400 75 0 75
38.000 22.400 0.400 75 0 75
38.000 22.800 0.400 255 0 255
38.000 22.800 1.600 255 40 200
38.000 22.800 2.000 255 40 200
38.000 23.200 0.400 255 0 255
38.000 23.200 0.800 255 40 200
38.000 23.200 1.200 255 40 200
38.000 23.200 1.600 255 40 200
38.000 23.200 2.000 255 40 200
38.000 23.600 0.400 255 0 255
38.000 24.000 0.400 255 0 255
38.000 24.400 0.400 255 0 255
38.000 24.800 0.400 255 0 255
38.000 25.200 0.400 255 0 255
38.000 25.600 0.400 255 0 255
38.000 26.000 0.400 255 0 255
38.000 26.400 0.400 255 0 255
38.000 26.400 1.200 100 150 245
38.000 26.800 0.400 255 0 255
38.000 26.800 1.200 100 150 245
38.000 26.800 1.600 100 150 245
38.000 27.200 0.400 255 0 255
38.000 27.200 1.600 100 150 245
38.000 27.600 1.200 100 150 245
38.000 27.600 1.600 100 150 245
38.000 28.000 0.800 100 150 245
38.000 28.000 1.200 100 150 245
38.000 28.000 1.600 100 150 245
38.000 28.800 0.800 0 175 0
38.000 29.200 0.800 0 175 0
38.000 29.200 1.200 0 175 0
38.000 29.200 2.000 0 175 0
38.000 29.600 0.800 0 175 0
38.000 29.600 1.200 0 175 0
38.000 29.600 1.600 0 175 0
38.000 29.600 2.000 0 175 0
38.000 30.000 0.800 0 175 0
38.000 30.000 1.200 0 175 0
38.000 30.000 1.600 0 175 0
38.000 30.000 2.000 0 175 0
38.000 30.400 0.800 0 175 0
38.000 30.400 1.200 0 175 0
38.000 30.400 1.600 0 175 0
38.000 30.400 2.000 0 175 0
38.000 30.800 0.800 0 175 0
38.000 30.800 1.200 0 175 0
38.000 30.800 2.400 0 175 0
38.000 30.800 2.800 0 175 0
38.000 30.800 3.200 0 175 0
38.000 31.200 0.800 0 175 0
38.000 31.200 1.200 0 175 0
38.000 31.200 1.600 0 175 0
38.000 31.200 2.400 0 175 0
38.000 31.200 2.800 0 175 0
38.000 31.200 3.600 0 175 0
38.000 31.600 0.800 0 175 0
38.000 31.600 1.200 0 175 0
38.000 31.600 1.600 0 175 0
38.000 31.600 2.000 0 175 0
38.000 31.600 2.400 0 175 0
38.000 31.600 2.800 0 175 0
38.000 32.000 0.800 0 175 0
38.000 32.000 1.200 0 175 0
38.000 32.000 1.600 0 175 0
38.000 32.000 2.000 0 175 0
38.000 32.000 2.400 0 175 0
38.000 32.000 2.800 0 175 0
38.000 32.000 3.200 0 175 0
38.000 32.400 0.800 0 175 0
38.000 32.400 1.200 0 175 0
38.000 32.400 1.600 0 175 0
38.000 32.400 2.000 0 175 0
38.000 32.400 2.400 0 175 0
38.000 32.400 2.800 0 175 0
38.000 32.800 0.800 0 175 0
38.000 32.800 1.200 0 175 0
38.000 32.800 1.600 0 175 0
38.000 32.800 2.000 0 175 0
38.000 32.800 2.400 0 175 0
38.000 32.800 2.800 0 175 0
38.000 32.800 3.200 0 175 0
38.000 33.200 0.800 0 175 0
38.000 33.200 1.600 0 175 0
38.000 33.200 2.000 0 175 0
38.000 33.200 2.400 0 175 0
38.000 33.200 2.800 0 175 0
38.000 33.600 1.200 0 175 0
38.000 33.600 1.600 0 175 0
38.000 33.600 2.000 0 175 0
38.000 33.600 2.400 0 175 0
38.000 33.600 2.800 0 175 0
38.000 34.000 0.400 0 175 0
38.000 34.000 2.000 0 175 0
38.000 34.000 2.400 0 175 0
38.000 34.000 2.800 0 175 0
38.000 34.800 1.600 0 175 0
38.000 34.800 2.800 0 175 0
38.000 35.200 0.800 0 175 0
38.000 35.200 1.600 0 175 0
38.000 35.600 1.600 0 175 0
38.000 36.000 1.200 0 175 0
38.000 36.000 1.600 0 175 0
38.000 36.400 1.600 0 175 0
38.000 36.400 2.000 0 175 0
38.000 36.400 2.400 0 175 0
38.000 36.400 2.800 0 175 0
38.000 36.800 1.600 0 175 0
38.000 36.800 2.000 0 175 0
38.000 36.800 2.800 0 175 0
38.400 8.000 1.600 0 175 0
38.400 8.000 2.400 0 175 0
38.400 8.000 2.800 0 175 0
38.400 8.400 2.000 0 175 0
38.400 10.400 1.200 0 175 0
38.400 10.400 1.600 0 175 0
38.400 10.400 2.000 0 175 0
38.400 10.800 1.600 0 175 0
38.400 10.800 2.400 0 175 0
38.400 10.800 2.800 0 175 0
38.400 10.800 3.200 0 175 0
38.400 11.200 0.800 0 175 0
38.400 11.200 1.200 0 175 0
38.400 11.200 1.600 0 175 0
38.400 11.200 2.000 0 175 0
38.400 11.200 2.400 0 175 0
38.400 11.200 2.800 0 175 0
38.400 11.600 0.800 0 175 0
38.400 11.600 2.800 0 175 0
38.400 12.000 0.800 75 0 75
38.400 12.000 2.800 0 175 0
38.400 12.800 0.800 75 0 75
38.400 13.200 0.800 75 0 75
38.400 13.600 0.800 75 0 75
38.400 14.000 0.800 75 0 75
38.400 14.400 0.800 75 0 75
38.400 14.800 0.800 75 0 75
38.400 15.200 0.800 75 0 75
38.400 15.600 0.800 75 0 75
38.400 16.400 0.800 0 175 0
38.400 18.400 1.200 0 175 0
38.400 18.400 1.600 0 175 0
38.400 18.800 0.800 0 175 0
38.400 19.200 0.800 0 175 0
38.400 19.200 1.200 0 175 0
38.400 19.200 1.600 0 175 0
38.400 19.200 2.000 0 175 0
38.400 19.200 2.400 0 175 0
38.400 19.600 0.800 255 120 50
38.400 19.600 1.200 0 175 0
38.400 19.600 1.600 0 175 0
38.400 19.600 2.000 0 175 0
38.400 19.600 2.400 0 175 0
38.400 20.000 0.800 75 0 75
38.400 20.000 1.600 0 175 0
38.400 20.000 2.000 0 175 0
38.400 20.000 2.400 0 175 0
38.400 22.400 0.400 75 0 75
38.400 22.800 0.400 255 0 255
38.400 22.800 1.200 255 40 200
38.400 22.800 1.600 255 40 200
38.400 22.800 2.000 255 40 200
38.400 23.200 0.400 255 0 255
38.400 23.200 0.800 255 40 200
38.400 23.200 1.200 255 40 200
38.400 23.200 1.600 255 40 200
38.400 23.200 2.000 255 40 200
38.400 23.600 0.400 255 0 255
38.400 24.000 0.400 255 0 255
38.400 24.400 0.400 255 0 255
38.400 24.800 0.400 255 0 255
38.400 25.200 0.400 255 0 255
38.400 25.600 0.400 255 0 255
38.400 26.000 0.400 255 0 255
38.400 26.400 0.400 255 0 255
38.400 26.400 0.800 100 150 245
38.400 26.800 0.400 255 0 255
38.400 26.800 1.600 100 150 245
38.400 27.200 0.400 100 150 245
38.400 27.200 1.200 100 150 245
38.400 27.200 1.600 100 150 245
38.400 27.600 1.600 100 150 245
38.400 28.000 0.800 100 150 245
38.400 28.000 1.200 100 150 245
38.400 28.000 1.600 100 150 245
38.400 29.200 0.800 0 175 0
38.400 29.200 1.600 0 175 0
38.400 29.600 0.800 0 175 0
38.400 29.600 1.200 0 175 0
38.400 29.600 1.600 0 175 0
38.400 29.600 2.000 0 175 0
38.400 30.000 0.800 0 175 0
38.400 30.000 1.200 0 175 0
38.400 30.000 1.600 0 175 0
38.400 30.000 2.000 0 175 0
38.400 30.400 0.800 0 175 0
38.400 30.400 1.200 0 175 0
38.400 30.400 1.600 0 175 0
38.400 30.400 2.000 0 175 0
38.400 30.800 0.800 0 175 0
38.400 30.800 1.200 0 175 0
38.400 30.800 1.600 0 175 0
38.400 30.800 2.000 0 175 0
38.400 30.800 2.400 0 175 0
38.400 30.800 2.800 0 175 0
38.400 31.200 0.800 0 175 0
38.400 31.200 1.200 0 175 0
38.400 31.200 2.400 0 175 0
38.400 31.600 0.800 0 175 0
38.400 31.600 1.200 0 175 0
38.400 31.600 1.600 0 175 0
38.400 31.600 2.000 0 175 0
38.400 31.600 2.400 0 175 0
38.400 32.000 1.200 0 175 0
38.400 32.000 1.600 0 175 0
38.400 32.000 2.000 0 175 0
38.400 32.000 2.400 0 175 0
38.400 32.000 2.800 0 175 0
38.400 32.400 0.800 0 175 0
38.400 32.400 1.200 0 175 0
38.400 32.400 1.600 0 175 0
38.400 32.400 2.000 0 175 0
38.400 32.400 2.400 0 175 0
38.400 32.400 2.800 0 175 0
38.400 32.800 0.800 0 175 0
38.400 32.800 1.200 0 175 0
38.400 32.800 1.600 0 175 0
38.400 32.800 2.000 0 175 0
38.400 32.800 2.400 0 175 0
38.400 32.800 2.800 0 175 0
38.400 33.200 0.800 0 175 0
38.400 33.200 1.200 0 175 0
38.400 33.200 1.600 0 175 0
38.400 33.200 2.000 0 175 0
38.400 33.200 2.400 0 175 0
38.400 33.600 0.800 0 175 0
38.400 33.600 1.200 0 175 0
38.400 33.600 1.600 0 175 0
38.400 33.600 2.000 0 175 0
38.400 33.600 2.400 0 175 0
38.400 34.000 1.600 0 175 0
38.400 34.000 2.000 0 175 0
38.400 34.400 2.000 0 175 0
38.400 34.400 2.400 0 175 0
38.400 34.400 2.800 0 175 0
38.400 34.800 1.600 0 175 0
38.400 34.800 2.000 0 175 0
38.400 34.800 2.400 0 175 0
38.400 34.800 2.800 0 175 0
38.400 35.200 1.600 0 175 0
38.800 8.000 2.800 0 175 0
38.800 9.600 3.200 0 175 0
38.800 10.000 2.800 0 175 0
38.800 10.000 3.200 0 175 0
38.800 10.400 1.200 0 175 0
38.800 10.400 1.600 0 175 0
38.800 10.400 2.000 0 175 0
38.800 10.400 2.800 0 175 0
38.800 10.400 3.200 0 175 0
38.800 10.800 1.200 0 175 0
38.800 10.800 1.600 0 175 0
38.800 10.800 2.000 0 175 0
38.800 10.800 2.400 0 175 0
38.800 10.800 2.800 0 175 0
38.800 10.800 3.200 0 175 0
38.800 11.200 2.800 0 175 0
38.800 11.200 3.200 0 175 0
38.800 12.000 2.800 0 175 0
38.800 12.400 0.800 75 0 75
38.800 12.800 0.800 75 0 75
38.800 13.200 0.800 75 0 75
38.800 13.600 0.800 75 0 75
38.800 14.400 0.800 75 0 75
38.800 14.800 0.800 75 0 75
38.800 15.200 0.800 75 0 75
38.800 15.600 0.800 75 0 75
38.800 16.000 0.800 0 175 0
38.800 16.400 0.800 0 175 0
38.800 18.400 0.800 0 175 0
38.800 18.400 1.200 0 175 0
38.800 18.800 0.800 0 175 0
38.800 18.800 1.200 0 175 0
38.800 19.200 0.800 0 175 0
38.800 19.200 1.200 0 175 0
38.800 19.200 1.600 0 175 0
38.800 19.200 2.000 0 175 0
38.800 19.200 2.400 0 175 0
38.800 19.600 0.800 255 120 50
38.800 19.600 1.200 0 175 0
38.800 19.600 1.600 0 175 0
38.800 19.600 2.000 0 175 0
38.800 19.600 2.400 0 175 0
38.800 19.600 2.800 0 175 0
38.800 20.000 0.800 75 0 75
38.800 20.000 2.000 0 175 0
38.800 20.000 2.400 0 175 0
38.800 20.400 0.800 75 0 75
38.800 22.400 0.400 255 0 255
38.800 22.800 0.400 255 0 255
38.800 22.800 1.200 255 40 200
38.800 22.800 1.600 255 40 200
38.800 22.800 2.000 255 40 200
38.800 23.200 0.400 255 0 255
38.800 23.200 0.800 255 40 200
38.800 23.200 1.200 255 40 200
38.800 23.200 1.600 255 40 200
38.800 23.200 2.000 255 40 200
38.800 23.600 0.400 255 0 255
38.800 24.000 0.400 255 0 255
38.800 24.400 0.400 255 0 255
38.800 24.800 0.400 255 0 255
38.800 25.200 0.400 255 0 255
38.800 25.600 0.400 255 0 255
38.800 26.000 0.400 255 0 255
38.800 26.400 0.400 255 0 255
38.800 26.400 0.800 100 150 245
38.800 26.400 1.200 100 150 245
38.800 26.800 0.400 255 0 255
38.800 26.800 1.200 100 150 245
38.800 26.800 1.600 100 150 245
38.800 27.200 1.200 100 150 245
38.800 27.200 1.600 100 150 245
38.800 27.600 1.200 100 150 245
38.800 27.600 1.600 100 150 245
38.800 28.000 0.800 100 150 245
38.800 28.000 1.200 100 150 245
38.800 28.000 1.600 100 150 245
38.800 29.200 0.800 0 175 0
38.800 29.200 1.600 0 175 0
38.800 29.600 0.800 0 175 0
38.800 29.600 1.200 0 175 0
38.800 29.600 1.600 0 175 0
38.800 29.600 2.000 0 175 0
38.800 30.000 0.800 0 175 0
38.800 30.000 1.200 0 175 0
38.800 30.000 1.600 0 175 0
38.800 30.000 2.000 0 175 0
38.800 30.000 2.400 0 175 0
38.800 30.000 3.200 0 175 0
38.800 30.400 0.800 0 175 0
38.800 30.400 1.200 0 175 0
38.800 30.400 1.600 0 175 0
38.800 30.400 2.000 0 175 0
38.800 30.400 2.400 0 175 0
38.800 30.400 2.800 0 175 0
38.800 30.400 3.200 0 175 0
38.800 30.800 0.800 0 175 0
38.800 30.800 1.200 0 175 0
38.800 30.800 1.600 0 175 0
38.800 30.800 2.000 0 175 0
38.800 30.800 2.400 0 175 0
38.800 30.800 2.800 0 175 0
38.800 31.200 0.800 0 175 0
38.800 31.200 1.200 0 175 0
38.800 31.200 1.600 0 175 0
38.800 31.200 2.000 0 175 0
38.800 31.200 2.400 0 175 0
38.800 31.600 0.800 0 175 0
38.800 31.600 1.200 0 175 0
38.800 31.600 1.600 0 175 0
38.800 31.600 2.000 0 175 0
38.800 31.600 2.400 0 175 0
38.800 32.000 0.800 0 175 0
38.800 32.000 1.200 0 175 0
38.800 32.000 1.600 0 175 0
38.800 32.000 2.000 0 175 0
38.800 32.000 2.400 0 175 0
38.800 32.000 2.800 0 175 0
38.800 32.400 0.800 0 175 0
38.800 32.400 1.200 0 175 0
38.800 32.400 1.600 0 175 0
38.800 32.400 2.000 0 175 0
38.800 32.400 2.400 0 175 0
38.800 32.400 2.800 0 175 0
38.800 32.400 3.200 0 175 0
38.800 32.800 0.800 0 175 0
38.800 32.800 1.200 0 175 0
38.800 32.800 1.600 0 175 0
38.800 32.800 2.000 0 175 0
38.800 32.800 2.400 0 175 0
38.800 32.800 2.800 0 175 0
38.800 33.200 0.800 0 175 0
38.800 33.200 1.200 0 175 0
38.800 33.200 1.600 0 175 0
38.800 33.200 2.000 0 175 0
38.800 33.200 2.400 0 175 0
38.800 33.200 2.800 0 175 0
38.800 33.200 3.200 0 175 0
38.800 33.600 0.800 0 175 0
38.800 33.600 1.600 0 175 0
38.800 33.600 2.000 0 175 0
38.800 33.600 2.400 0 175 0
38.800 33.600 2.800 0 175 0
38.800 34.000 2.400 0 175 0
38.800 34.400 1.200 0 175 0
38.800 34.400 2.400 0 175 0
38.800 34.800 1.600 0 175 0
38.800 34.800 2.000 0 175 0
38.800 35.200 1.600 0 175 0
39.200 9.600 3.200 0 175 0
39.200 10.000 3.200 255 200 0
39.200 10.400 1.200 0 175 0
39.200 10.400 1.600 0 175 0
39.200 10.800 0.800 75 0 75
39.200 10.800 2.000 0 175 0
39.200 10.800 2.800 0 175 0
39.200 11.200 2.800 0 175 0
39.200 11.600 0.800 75 0 75
39.200 12.000 0.800 75 0 75
39.200 12.400 0.800 75 0 75
39.200 13.600 0.800 75 0 75
39.200 14.000 0.800 75 0 75
39.200 14.400 0.800 75 0 75
39.200 15.200 0.800 75 0 75
39.200 15.600 1.600 0 175 0
39.200 16.000 0.800 0 175 0
39.200 16.000 1.600 0 175 0
39.200 16.400 2.000 0 175 0
39.200 18.400 0.800 0 175 0
39.200 18.400 1.200 0 175 0
39.200 18.800 1.200 0 175 0
39.200 19.200 1.200 0 175 0
39.200 19.200 1.600 0 175 0
39.200 19.200 2.000 0 175 0
39.200 19.200 2.400 0 175 0
39.200 19.600 0.800 255 120 50
39.200 19.600 1.200 0 175 0
39.200 19.600 1.600 0 175 0
39.200 19.600 2.000 0 175 0
39.200 19.600 2.400 0 175 0
39.200 20.000 0.800 75 0 75
39.200 20.000 2.000 0 175 0
39.200 20.000 2.800 0 175 0
39.200 20.400 0.800 75 0 75
39.200 21.600 0.400 75 0 75
39.200 22.000 0.400 75 0 75
39.200 22.400 0.400 255 0 255
39.200 22.800 0.400 255 0 255
39.200 22.800 1.200 255 40 200
39.200 22.800 1.600 255 40 200
39.200 23.200 0.400 255 0 255
39.200 23.200 0.800 255 40 200
39.200 23.200 1.200 255 40 200
39.200 23.200 1.600 255 40 200
39.200 23.200 2.000 255 40 200
39.200 23.600 0.400 255 0 255
39.200 24.000 0.400 255 0 255
39.200 24.400 0.400 255 0 255
39.200 24.800 0.400 255 0 255
39.200 25.200 0.400 255 0 255
39.200 25.600 0.400 255 0 255
39.200 26.000 0.400 255 0 255
39.200 26.400 0.400 255 0 255
39.200 26.400 0.800 100 150 245
39.200 26.400 1.200 100 150 245
39.200 26.800 0.400 255 0 255
39.200 26.800 1.600 100 150 245
39.200 27.200 1.200 100 150 245
39.200 27.200 1.600 100 150 245
39.200 27.600 1.200 100 150 245
39.200 27.600 1.600 100 150 245
39.200 28.000 1.200 100 150 245
39.200 28.000 1.600 100 150 245
39.200 29.200 0.800 0 175 0
39.200 29.200 2.400 0 175 0
39.200 29.600 0.800 0 175 0
39.200 29.600 1.200 0 175 0
39.200 29.600 2.000 0 175 0
39.200 29.600 2.400 0 175 0
39.200 30.000 0.800 0 175 0
39.200 30.000 1.200 0 175 0
39.200 30.000 2.000 0 175 0
39.200 30.000 3.200 0 175 0
39.200 30.400 0.800 0 175 0
39.200 30.400 1.200 0 175 0
39.200 30.400 2.000 0 175 0
39.200 30.400 2.400 0 175 0
39.200 30.400 2.800 0 175 0
39.200 30.400 3.200 0 175 0
39.200 30.800 0.800 0 175 0
39.200 30.800 1.200 0 175 0
39.200 30.800 1.600 0 175 0
39.200 30.800 2.000 0 175 0
39.200 30.800 2.400 0 175 0
39.200 30.800 2.800 0 175 0
39.200 31.200 0.800 0 175 0
39.200 31.200 1.200 0 175 0
39.200 31.200 1.600 0 175 0
39.200 31.200 2.000 0 175 0
39.200 31.200 2.400 0 175 0
39.200 31.600 0.800 0 175 0
39.200 31.600 1.200 0 175 0
39.200 31.600 1.600 0 175 0
39.200 31.600 2.000 0 175 0
39.200 31.600 2.400 0 175 0
39.200 31.600 2.800 0 175 0
39.200 32.000 0.800 0 175 0
39.200 32.000 1.200 0 175 0
39.200 32.000 1.600 0 175 0
39.200 32.000 2.000 0 175 0
39.200 32.000 2.400 0 175 0
39.200 32.000 2.800 0 175 0
39.200 32.000 3.200 0 175 0
39.200 32.400 0.800 0 175 0
39.200 32.400 1.200 0 175 0
39.200 32.400 1.600 0 175 0
39.200 32.400 2.000 0 175 0
39.200 32.400 2.400 0 175 0
39.200 32.400 2.800 0 175 0
39.200 32.400 3.200 0 175 0
39.200 32.800 0.800 0 175 0
39.200 32.800 1.200 0 175 0
39.200 32.800 1.600 0 175 0
39.200 32.800 2.000 0 175 0
39.200 32.800 2.400 0 175 0
39.200 32.800 2.800 0 175 0
39.200 33.200 0.400 0 175 0
39.200 33.200 0.800 0 175 0
39.200 33.200 1.200 0 175 0
39.200 33.200 1.600 0 175 0
39.200 33.200 2.000 0 175 0
39.200 33.200 2.400 0 175 0
39.200 33.200 2.800 0 175 0
39.200 33.600 0.400 0 175 0
39.200 33.600 1.200 0 175 0
39.200 33.600 1.600 0 175 0
39.200 33.600 2.000 0 175 0
39.200 33.600 2.400 0 175 0
39.200 33.600 3.600 0 175 0
39.200 34.000 2.400 0 175 0
39.200 34.000 2.800 0 175 0
39.200 34.400 0.800 0 175 0
39.200 34.400 1.200 0 175 0
39.200 34.400 1.600 0 175 0
39.200 34.400 2.000 0 175 0
39.200 34.400 2.400 0 175 0
39.200 34.400 2.800 0 175 0
39.200 35.200 0.800 0 175 0
39.600 9.200 2.400 255 200 0
39.600 9.200 2.800 255 200 0
39.600 9.200 3.200 255 200 0
39.600 9.600 2.000 255 200 0
39.600 9.600 2.800 255 200 0
39.600 10.000 1.200 0 175 0
39.600 10.000 1.600 0 175 0
39.600 10.800 0.800 75 0 75
39.600 11.600 0.800 75 0 75
39.600 12.400 0.800 75 0 75
39.600 13.200 0.800 75 0 75
39.600 13.600 0.800 75 0 75
39.600 14.000 0.800 75 0 75
39.600 14.400 0.800 75 0 75
39.600 14.800 0.800 75 0 75
39.600 15.200 0.800 0 175 0
39.600 15.200 1.200 0 175 0
39.600 15.600 0.800 0 175 0
39.600 15.600 1.200 0 175 0
39.600 15.600 1.600 0 175 0
39.600 15.600 2.000 0 175 0
39.600 15.600 2.400 0 175 0
39.600 16.000 0.800 0 175 0
39.600 16.000 1.200 0 175 0
39.600 16.000 1.600 0 175 0
39.600 16.000 2.000 0 175 0
39.600 16.000 2.400 0 175 0
39.600 16.000 2.800 0 175 0
39.600 16.400 0.800 0 175 0
39.600 16.400 1.200 0 175 0
39.600 16.400 1.600 0 175 0
39.600 16.400 2.000 0 175 0
39.600 16.400 2.400 0 175 0
39.600 16.800 1.600 0 175 0
39.600 16.800 2.000 0 175 0
39.600 16.800 2.400 0 175 0
39.600 18.000 0.800 0 175 0
39.600 18.400 0.800 0 175 0
39.600 18.800 0.800 0 175 0
39.600 19.200 1.200 0 175 0
39.600 19.200 1.600 0 175 0
39.600 19.200 2.000 0 175 0
39.600 19.200 2.400 0 175 0
39.600 19.200 2.800 0 175 0
39.600 19.200 3.200 0 175 0
39.600 19.600 0.800 255 120 50
39.600 19.600 1.200 0 175 0
39.600 19.600 1.600 0 175 0
39.600 19.600 2.000 0 175 0
39.600 19.600 2.400 0 175 0
39.600 20.000 0.800 75 0 75
39.600 20.000 2.400 0 175 0
39.600 20.400 0.800 75 0 75
39.600 22.000 0.400 75 0 75
39.600 22.400 0.400 255 0 255
39.600 22.800 0.400 255 0 255
39.600 22.800 1.600 255 40 200
39.600 22.800 2.000 255 40 200
39.600 23.200 0.400 255 0 255
39.600 23.200 0.800 255 40 200
39.600 23.200 1.200 255 40 200
39.600 23.200 1.600 255 40 200
39.600 23.200 2.000 255 40 200
39.600 23.600 0.400 255 0 255
39.600 24.000 0.400 255 0 255
39.600 24.400 0.400 255 0 255
39.600 24.800 0.400 255 0 255
39.600 25.200 0.400 255 0 255
39.600 25.600 0.400 255 0 255
39.600 26.000 0.400 255 0 255
39.600 26.400 0.400 255 0 255
39.600 26.400 0.800 100 150 245
39.600 26.800 0.400 255 0 255
39.600 26.800 0.800 100 150 245
39.600 26.800 1.200 100 150 245
39.600 26.800 1.600 100 150 245
39.600 27.200 1.600 100 150 245
39.600 27.600 1.200 100 150 245
39.600 28.000 1.200 100 150 245
39.600 28.000 1.600 100 150 245
39.600 28.800 0.800 0 175 0
39.600 29.200 0.800 0 175 0
39.600 29.600 0.800 0 175 0
39.600 30.000 0.800 0 175 0
39.600 30.000 2.000 0 175 0
39.600 30.400 0.800 0 175 0
39.600 30.800 0.800 0 175 0
39.600 30.800 1.600 0 175 0
39.600 30.800 2.000 0 175 0
39.600 31.200 0.800 0 175 0
39.600 31.200 1.200 0 175 0
39.600 31.200 1.600 0 175 0
39.600 31.200 2.000 0 175 0
39.600 31.200 2.800 0 175 0
39.600 31.600 0.800 0 175 0
39.600 31.600 1.200 0 175 0
39.600 31.600 1.600 0 175 0
39.600 31.600 2.000 0 175 0
39.600 31.600 2.400 0 175 0
39.600 31.600 2.800 0 175 0
39.600 32.000 0.800 0 175 0
39.600 32.000 1.200 0 175 0
39.600 32.000 1.600 0 175 0
39.600 32.000 2.000 0 175 0
39.600 32.000 2.400 0 175 0
39.600 32.000 2.800 0 175 0
39.600 32.400 0.800 0 175 0
39.600 32.400 1.200 0 175 0
39.600 32.400 1.600 0 175 0
39.600 32.400 2.000 0 175 0
39.600 32.400 2.400 0 175 0
39.600 32.400 2.800 0 175 0
39.600 32.800 0.800 0 175 0
39.600 32.800 1.200 0 175 0
39.600 32.800 1.600 0 175 0
39.600 32.800 2.000 0 175 0
39.600 32.800 2.400 0 175 0
39.600 33.200 0.800 0 175 0
39.600 33.200 1.200 0 175 0
39.600 33.200 1.600 0 175 0
39.600 33.200 2.000 0 175 0
39.600 33.200 2.400 0 175 0
39.600 33.200 2.800 0 175 0
39.600 33.600 1.200 0 175 0
39.600 33.600 1.600 0 175 0
39.600 33.600 2.000 0 175 0
39.600 33.600 2.400 0 175 0
39.600 33.600 2.800 0 175 0
39.600 34.000 0.800 0 175 0
39.600 34.000 1.200 0 175 0
39.600 34.000 1.600 0 175 0
39.600 34.000 2.000 0 175 0
39.600 34.000 2.400 0 175 0
39.600 34.000 2.800 0 175 0
39.600 34.000 3.600 0 175 0
39.600 34.400 2.000 0 175 0
39.600 34.400 2.800 0 175 0
39.600 34.400 3.200 0 175 0
39.600 34.800 1.200 0 175 0
39.600 34.800 1.600 0 175 0
39.600 34.800 2.000 0 175 0
39.600 34.800 2.400 0 175 0
39.600 35.200 0.400 0 175 0
39.600 35.200 2.000 0 175 0
39.600 35.200 2.400 0 175 0
39.600 35.600 2.400 0 175 0
39.600 35.600 2.800 0 175 0
39.600 36.000 2.800 0 175 0
40.000 9.200 1.200 255 200 0
40.000 9.200 1.600 255 200 0
40.000 9.200 2.000 255 200 0
40.000 9.200 2.400 255 200 0
40.000 9.200 2.800 255 200 0
40.000 9.200 3.200 255 200 0
40.000 10.000 0.800 75 0 75
40.000 10.400 0.800 75 0 75
40.000 11.200 0.800 75 0 75
40.000 11.600 0.800 75 0 75
40.000 12.400 0.800 75 0 75
40.000 13.200 0.800 75 0 75
40.000 14.000 0.800 75 0 75
40.000 14.800 0.800 0 175 0
40.000 14.800 1.600 0 175 0
40.000 15.200 0.800 0 175 0
40.000 15.200 1.600 0 175 0
40.000 15.600 2.400 0 175 0
40.000 15.600 2.800 0 175 0
40.000 16.000 0.800 0 175 0
40.000 16.000 1.200 0 175 0
40.000 16.000 1.600 0 175 0
40.000 16.000 2.000 0 175 0
40.000 16.000 2.400 0 175 0
40.000 16.000 2.800 0 175 0
40.000 16.400 0.800 0 175 0
40.000 16.400 1.200 0 175 0
40.000 16.400 2.000 0 175 0
40.000 16.400 2.400 0 175 0
40.000 16.400 2.800 0 175 0
40.000 16.800 1.600 0 175 0
40.000 16.800 2.000 0 175 0
40.000 17.200 0.800 0 175 0
40.000 18.400 0.800 0 175 0
40.000 18.800 0.800 0 175 0
40.000 18.800 1.600 0 175 0
40.000 19.200 1.200 0 175 0
40.000 19.200 1.600 0 175 0
40.000 19.200 2.000 0 175 0
40.000 19.200 2.400 0 175 0
40.000 19.200 2.800 0 175 0
40.000 19.600 0.800 255 120 50
40.000 19.600 1.200 0 175 0
40.000 19.600 1.600 0 175 0
40.000 19.600 2.000 0 175 0
40.000 19.600 2.400 0 175 0
40.000 20.000 0.800 75 0 75
40.000 20.000 2.000 0 175 0
40.000 20.400 0.800 75 0 75
40.000 22.400 0.400 255 0 255
40.000 22.800 0.400 255 0 255
40.000 22.800 1.600 255 40 200
40.000 22.800 2.000 255 40 200
40.000 23.200 0.400 255 0 255
40.000 23.200 0.800 255 40 200
40.000 23.200 1.200 255 40 200
40.000 23.200 1.600 255 40 200
40.000 23.200 2.000 255 40 200
40.000 23.600 0.400 255 0 255
40.000 24.000 0.400 255 0 255
40.000 24.400 0.400 255 0 255
40.000 24.800 0.400 255 0 255
40.000 25.200 0.400 255 0 255
40.000 25.600 0.400 255 0 255
40.000 26.000 0.400 255 0 255
40.000 26.400 0.400 255 0 255
40.000 26.400 0.800 100 150 245
40.000 26.800 0.400 100 150 245
40.000 26.800 0.800 100 150 245
40.000 26.800 1.600 100 150 245
40.000 27.200 1.200 100 150 245
40.000 27.200 1.600 100 150 245
40.000 27.600 1.200 100 150 245
40.000 27.600 1.600 100 150 245
40.000 28.000 1.200 100 150 245
40.000 28.000 1.600 100 150 245
40.000 28.400 0.800 0 175 0
40.000 28.800 0.800 0 175 0
40.000 29.200 0.800 0 175 0
40.000 29.600 0.800 0 175 0
40.000 29.600 3.200 0 175 0
40.000 30.000 0.800 0 175 0
40.000 30.000 1.200 0 175 0
40.000 30.400 0.800 0 175 0
40.000 30.400 1.200 0 175 0
40.000 30.400 1.600 0 175 0
40.000 30.800 0.800 0 175 0
40.000 30.800 1.200 0 175 0
40.000 31.200 0.800 0 175 0
40.000 31.200 1.200 0 175 0
40.000 31.200 1.600 0 175 0
40.000 31.200 2.000 0 175 0
40.000 31.200 2.800 0 175 0
40.000 31.600 0.800 0 175 0
40.000 31.600 1.200 0 175 0
40.000 31.600 1.600 0 175 0
40.000 31.600 2.000 0 175 0
40.000 31.600 2.400 0 175 0
40.000 31.600 2.800 0 175 0
40.000 32.000 0.800 0 175 0
40.000 32.000 1.200 0 175 0
40.000 32.000 1.600 0 175 0
40.000 32.000 2.000 0 175 0
40.000 32.000 2.400 0 175 0
40.000 32.000 2.800 0 175 0
40.000 32.000 3.200 0 175 0
40.000 32.000 3.600 0 175 0
40.000 32.400 0.800 0 175 0
40.000 32.400 1.200 0 175 0
40.000 32.400 1.600 0 175 0
40.000 32.400 2.000 0 175 0
40.000 32.400 2.400 0 175 0
40.000 32.400 2.800 0 175 0
40.000 32.400 3.200 0 175 0
40.000 32.800 0.800 0 175 0
40.000 32.800 1.200 0 175 0
40.000 32.800 1.600 0 175 0
40.000 32.800 2.000 0 175 0
40.000 32.800 2.400 0 175 0
40.000 33.200 0.800 0 175 0
40.000 33.200 1.600 0 175 0
40.000 33.200 2.000 0 175 0
40.000 33.200 2.400 0 175 0
40.000 33.200 2.800 0 175 0
40.000 33.600 0.400 0 175 0
40.000 33.600 0.800 0 175 0
40.000 33.600 1.200 0 175 0
40.000 33.600 1.600 0 175 0
40.000 33.600 2.000 0 175 0
40.000 33.600 2.400 0 175 0
40.000 33.600 2.800 0 175 0
40.000 33.600 3.200 0 175 0
40.000 33.600 3.600 0 175 0
40.000 34.000 1.200 0 175 0
40.000 34.000 1.600 0 175 0
40.000 34.000 2.000 0 175 0
40.000 34.000 2.400 0 175 0
40.000 34.000 2.800 0 175 0
40.000 34.400 1.600 0 175 0
40.000 34.400 2.000 0 175 0
40.000 34.400 2.400 0 175 0
40.000 34.400 2.800 0 175 0
40.000 34.400 3.200 0 175 0
40.000 34.800 1.600 0 175 0
40.000 34.800 2.000 0 175 0
40.000 34.800 2.400 0 175 0
40.000 34.800 3.200 0 175 0
40.000 35.200 1.600 0 175 0
40.000 35.200 2.400 0 175 0
40.000 35.200 2.800 0 175 0
40.000 35.600 0.800 0 175 0
40.000 35.600 1.600 0 175 0
40.000 35.600 2.800 0 175 0
40.000 35.600 3.200 0 175 0
40.400 9.200 1.200 255 200 0
40.400 9.200 1.600 255 200 0
40.400 9.200 2.000 255 200 0
40.400 9.200 2.400 255 200 0
40.400 9.200 2.800 255 200 0
40.400 10.800 0.800 75 0 75
40.400 11.600 0.800 0 175 0
40.400 12.000 0.800 0 175 0
40.400 12.400 0.800 75 0 75
40.400 13.200 0.800 75 0 75
40.400 13.600 0.800 75 0 75
40.400 14.000 0.800 75 0 75
40.400 14.800 1.600 0 175 0
40.400 14.800 2.000 0 175 0
40.400 15.200 1.200 0 175 0
40.400 15.200 1.600 0 175 0
40.400 15.200 2.000 0 175 0
40.400 15.600 0.800 0 175 0
40.400 15.600 1.200 0 175 0
40.400 15.600 2.800 0 175 0
40.400 16.000 0.800 0 175 0
40.400 16.000 1.200 0 175 0
40.400 16.000 2.400 0 175 0
40.400 16.000 2.800 0 175 0
40.400 16.400 2.400 0 175 0
40.400 16.400 2.800 0 175 0
40.400 18.000 0.800 0 175 0
40.400 18.000 1.200 0 175 0
40.400 18.400 0.800 0 175 0
40.400 18.800 0.800 0 175 0
40.400 18.800 2.400 0 175 0
40.400 19.200 0.800 0 175 0
40.400 19.200 1.200 0 175 0
40.400 19.200 1.600 0 175 0
40.400 19.200 2.000 0 175 0
40.400 19.200 2.400 0 175 0
40.400 19.200 2.800 0 175 0
40.400 19.600 0.800 255 120 50
40.400 19.600 1.200 0 175 0
40.400 19.600 1.600 0 175 0
40.400 19.600 2.000 0 175 0
40.400 19.600 2.400 0 175 0
40.400 19.600 2.800 0 175 0
40.400 20.000 0.800 75 0 75
40.400 20.400 0.800 75 0 75
40.400 22.000 0.400 75 0 75
40.400 22.400 0.400 255 0 255
40.400 22.800 0.400 255 0 255
40.400 22.800 0.800 255 40 200
40.400 22.800 1.600 255 40 200
40.400 22.800 2.000 255 40 200
40.400 23.200 0.400 255 0 255
40.400 23.200 0.800 255 40 200
40.400 23.200 1.200 255 40 200
40.400 23.200 1.600 255 40 200
40.400 23.200 2.000 255 40 200
40.400 23.600 0.400 255 0 255
40.400 24.000 0.400 255 0 255
40.400 24.400 0.400 255 0 255
40.400 24.800 0.400 255 0 255
40.400 25.200 0.400 255 0 255
40.400 25.600 0.400 255 0 255
40.400 26.000 0.400 255 0 255
40.400 26.400 0.400 255 0 255
40.400 26.800 0.800 100 150 245
40.400 26.800 1.200 100 150 245
40.400 26.800 1.600 100 150 245
40.400 27.200 0.800 100 150 245
40.400 27.200 1.200 100 150 245
40.400 27.200 1.600 100 150 245
40.400 27.600 0.800 100 150 245
40.400 27.600 1.200 100 150 245
40.400 27.600 1.600 100 150 245
40.400 28.000 0.800 100 150 245
40.400 28.000 1.200 100 150 245
40.400 28.000 1.600 100 150 245
40.400 28.800 0.800 0 175 0
40.400 29.200 0.800 0 175 0
40.400 29.600 0.800 0 175 0
40.400 29.600 2.800 0 175 0
40.400 29.600 3.200 0 175 0
40.400 30.000 0.800 0 175 0
40.400 30.000 1.200 0 175 0
40.400 30.000 2.400 0 175 0
40.400 30.000 2.800 0 175 0
40.400 30.000 3.200 0 175 0
40.400 30.400 0.800 0 175 0
40.400 30.400 2.400 0 175 0
40.400 30.400 2.800 0 175 0
40.400 30.800 0.800 0 175 0
40.400 30.800 2.000 0 175 0
40.400 31.200 0.800 0 175 0
40.400 31.200 1.200 0 175 0
40.400 31.200 1.600 0 175 0
40.400 31.200 2.000 0 175 0
40.400 31.200 2.400 0 175 0
40.400 31.600 0.800 0 175 0
40.400 31.600 1.200 0 175 0
40.400 31.600 1.600 0 175 0
40.400 31.600 2.000 0 175 0
40.400 31.600 2.400 0 175 0
40.400 31.600 2.800 0 175 0
40.400 32.000 0.800 0 175 0
40.400 32.000 1.200 0 175 0
40.400 32.000 1.600 0 175 0
40.400 32.000 2.000 0 175 0
40.400 32.000 2.400 0 175 0
40.400 32.000 3.200 0 175 0
40.400 32.000 3.600 0 175 0
40.400 32.400 0.800 0 175 0
40.400 32.400 1.200 0 175 0
40.400 32.400 1.600 0 175 0
40.400 32.400 2.000 0 175 0
40.400 32.400 2.400 0 175 0
40.400 32.400 2.800 0 175 0
40.400 32.800 0.800 0 175 0
40.400 32.800 1.600 0 175 0
40.400 32.800 2.000 0 175 0
40.400 32.800 2.400 0 175 0
40.400 32.800 2.800 0 175 0
40.400 32.800 3.200 0 175 0
40.400 33.200 0.400 0 175 0
40.400 33.200 0.800 0 175 0
40.400 33.200 1.200 0 175 0
40.400 33.200 1.600 0 175 0
40.400 33.200 2.000 0 175 0
40.400 33.200 2.400 0 175 0
40.400 33.200 2.800 0 175 0
40.400 33.200 3.200 0 175 0
40.400 33.600 0.400 0 175 0
40.400 33.600 0.800 0 175 0
40.400 33.600 1.200 0 175 0
40.400 33.600 2.400 0 175 0
40.400 33.600 2.800 0 175 0
40.400 34.000 1.200 0 175 0
40.400 34.000 1.600 0 175 0
40.400 34.000 2.000 0 175 0
40.400 34.000 2.800 0 175 0
40.400 34.400 0.800 0 175 0
40.400 34.400 2.000 0 175 0
40.400 34.400 2.400 0 175 0
40.400 34.400 2.800 0 175 0
40.400 34.400 3.200 0 175 0
40.400 34.800 2.000 0 175 0
40.400 34.800 2.400 0 175 0
40.400 34.800 3.200 0 175 0
40.400 35.200 1.600 0 175 0
40.400 35.200 2.000 0 175 0
40.400 35.200 2.400 0 175 0
40.400 35.200 2.800 0 175 0
40.400 35.600 1.600 0 175 0
40.400 35.600 2.000 0 175 0
40.400 35.600 3.200 0 175 0
40.400 36.000 1.600 0 175 0
40.400 36.000 2.000 0 175 0
40.400 36.000 2.800 0 175 0
40.400 36.400 2.800 0 175 0
40.400 36.400 3.200 0 175 0
40.800 9.200 1.200 255 200 0
40.800 9.200 1.600 255 200 0
40.800 9.200 2.000 255 200 0
40.800 9.200 2.800 255 200 0
40.800 9.600 2.400 255 200 0
40.800 10.800 1.200 0 175 0
40.800 11.200 1.200 0 175 0
40.800 11.200 2.000 0 175 0
40.800 11.600 1.200 0 175 0
40.800 11.600 1.600 0 175 0
40.800 12.000 0.800 0 175 0
40.800 12.400 0.800 0 175 0
40.800 12.800 0.800 75 0 75
40.800 13.200 0.800 75 0 75
40.800 13.600 0.800 75 0 75
40.800 15.600 2.800 0 175 0
40.800 16.000 2.400 0 175 0
40.800 18.000 0.800 0 175 0
40.800 18.000 1.200 0 175 0
40.800 18.000 1.600 0 175 0
40.800 18.800 0.800 0 175 0
40.800 18.800 1.600 0 175 0
40.800 18.800 2.400 0 175 0
40.800 19.200 0.800 0 175 0
40.800 19.200 1.200 0 175 0
40.800 19.200 1.600 0 175 0
40.800 19.200 2.000 0 175 0
40.800 19.200 2.400 0 175 0
40.800 19.200 2.800 0 175 0
40.800 19.600 0.800 255 120 50
40.800 19.600 1.200 0 175 0
40.800 19.600 1.600 0 175 0
40.800 19.600 2.000 0 175 0
40.800 19.600 2.400 0 175 0
40.800 19.600 2.800 0 175 0
40.800 20.000 0.800 75 0 75
40.800 20.400 0.800 75 0 75
40.800 22.400 0.400 255 0 255
40.800 22.800 0.400 255 0 255
40.800 22.800 1.200 255 40 200
40.800 22.800 1.600 255 40 200
40.800 23.200 0.400 255 0 255
40.800 23.200 0.800 255 40 200
40.800 23.200 1.200 255 40 200
40.800 23.200 1.600 255 40 200
40.800 23.200 2.000 255 40 200
40.800 23.600 0.400 255 0 255
40.800 24.000 0.400 255 0 255
40.800 24.400 0.400 255 0 255
40.800 24.800 0.400 255 0 255
40.800 25.200 0.400 255 0 255
40.800 25.600 0.400 255 0 255
40.800 26.000 0.400 255 0 255
40.800 26.400 0.400 255 0 255
40.800 28.800 0.800 0 175 0
40.800 29.200 0.800 0 175 0
40.800 29.600 0.800 0 175 0
40.800 30.000 0.800 0 175 0
40.800 30.000 1.200 0 175 0
40.800 30.000 2.400 0 175 0
40.800 30.000 2.800 0 175 0
40.800 30.400 0.800 0 175 0
40.800 30.400 1.200 0 175 0
40.800 30.400 2.000 0 175 0
40.800 30.400 2.400 0 175 0
40.800 30.400 2.800 0 175 0
40.800 30.800 0.800 0 175 0
40.800 30.800 1.200 0 175 0
40.800 30.800 1.600 0 175 0
40.800 30.800 2.000 0 175 0
40.800 30.800 2.400 0 175 0
40.800 30.800 2.800 0 175 0
40.800 31.200 0.800 0 175 0
40.800 31.200 1.200 0 175 0
40.800 31.200 2.000 0 175 0
40.800 31.200 2.400 0 175 0
40.800 31.200 2.800 0 175 0
40.800 31.600 0.800 0 175 0
40.800 31.600 1.200 0 175 0
40.800 31.600 1.600 0 175 0
40.800 31.600 2.000 0 175 0
40.800 31.600 2.400 0 175 0
40.800 31.600 2.800 0 175 0
40.800 31.600 3.200 0 175 0
40.800 32.000 0.800 0 175 0
40.800 32.000 1.200 0 175 0
40.800 32.000 1.600 0 175 0
40.800 32.000 2.000 0 175 0
40.800 32.000 2.400 0 175 0
40.800 32.000 2.800 0 175 0
40.800 32.000 3.200 0 175 0
40.800 32.400 0.800 0 175 0
40.800 32.400 1.200 0 175 0
40.800 32.400 1.600 0 175 0
40.800 32.400 2.000 0 175 0
40.800 32.400 2.400 0 175 0
40.800 32.400 2.800 0 175 0
40.800 32.400 3.200 0 175 0
40.800 32.800 0.800 0 175 0
40.800 32.800 1.200 0 175 0
40.800 32.800 1.600 0 175 0
40.800 32.800 2.000 0 175 0
40.800 32.800 2.400 0 175 0
40.800 32.800 2.800 0 175 0
40.800 32.800 3.200 0 175 0
40.800 33.200 0.800 0 175 0
40.800 33.200 1.200 0 175 0
40.800 33.200 1.600 0 175 0
40.800 33.200 2.000 0 175 0
40.800 33.200 2.400 0 175 0
40.800 33.200 2.800 0 175 0
40.800 33.200 3.200 0 175 0
40.800 33.600 0.800 0 175 0
40.800 33.600 1.200 0 175 0
40.800 33.600 2.000 0 175 0
40.800 33.600 2.400 0 175 0
40.800 33.600 2.800 0 175 0
40.800 33.600 3.200 0 175 0
40.800 34.000 1.600 0 175 0
40.800 34.000 2.000 0 175 0
40.800 34.000 2.400 0 175 0
40.800 34.400 0.400 0 175 0
40.800 34.400 2.000 0 175 0
40.800 34.800 0.800 0 175 0
40.800 34.800 2.400 0 175 0
40.800 34.800 2.800 0 175 0
40.800 35.200 2.400 0 175 0
40.800 35.200 3.200 0 175 0
40.800 35.600 2.400 0 175 0
40.800 35.600 2.800 0 175 0
40.800 35.600 3.200 0 175 0
40.800 36.000 2.800 0 175 0
40.800 36.400 2.800 0 175 0
41.200 7.200 2.800 255 200 0
41.200 9.600 1.200 255 200 0
41.200 9.600 2.800 255 200 0
41.200 10.000 1.200 255 200 0
41.200 10.000 1.600 255 200 0
41.200 10.000 2.000 255 200 0
41.200 10.000 2.400 255 200 0
41.200 10.000 2.800 255 200 0
41.200 10.400 2.000 255 200 0
41.200 10.400 2.400 255 200 0
41.200 10.800 1.600 255 200 0
41.200 10.800 2.400 255 200 0
41.200 11.200 1.200 0 175 0
41.200 11.200 2.400 0 175 0
41.200 12.000 0.800 0 175 0
41.200 12.800 0.800 0 175 0
41.200 13.200 0.800 0 175 0
41.200 13.600 0.800 0 175 0
41.200 16.000 0.800 0 175 0
41.200 18.400 0.800 0 175 0
41.200 18.400 1.200 0 175 0
41.200 18.400 1.600 0 175 0
41.200 18.800 0.800 0 175 0
41.200 18.800 1.200 0 175 0
41.200 18.800 1.600 0 175 0
41.200 18.800 2.400 0 175 0
41.200 19.200 1.200 0 175 0
41.200 19.200 1.600 0 175 0
41.200 19.200 2.000 0 175 0
41.200 19.200 2.400 0 175 0
41.200 19.200 2.800 0 175 0
41.200 19.600 0.800 255 120 50
41.200 19.600 1.200 0 175 0
41.200 19.600 1.600 0 175 0
41.200 19.600 2.000 0 175 0
41.200 19.600 2.400 0 175 0
41.200 19.600 2.800 0 175 0
41.200 20.000 0.800 75 0 75
41.200 20.400 0.400 75 0 75
41.200 20.400 0.800 75 0 75
41.200 20.800 0.800 75 0 75
41.200 22.000 0.400 75 0 75
41.200 22.400 0.400 255 0 255
41.200 22.800 0.400 255 0 255
41.200 22.800 0.800 255 40 200
41.200 22.800 1.200 255 40 200
41.200 22.800 1.600 255 40 200
41.200 22.800 2.000 255 40 200
41.200 23.200 0.400 255 0 255
41.200 23.200 0.800 255 40 200
41.200 23.200 1.200 255 40 200
41.200 23.200 1.600 255 40 200
41.200 23.200 2.000 255 40 200
41.200 23.600 0.400 255 0 255
41.200 24.000 0.400 255 0 255
41.200 24.400 0.400 255 0 255
41.200 24.800 0.400 255 0 255
41.200 25.200 0.400 255 0 255
41.200 25.600 0.400 255 0 255
41.200 26.000 0.400 255 0 255
41.200 26.400 0.400 255 0 255
41.200 28.400 0.800 0 175 0
41.200 28.800 0.800 0 175 0
41.200 29.200 0.800 0 175 0
41.200 29.200 2.800 0 175 0
41.200 29.600 0.800 0 175 0
41.200 29.600 2.000 0 175 0
41.200 29.600 2.400 0 175 0
41.200 29.600 2.800 0 175 0
41.200 30.000 0.800 0 175 0
41.200 30.000 1.200 0 175 0
41.200 30.000 2.000 0 175 0
41.200 30.000 2.400 0 175 0
41.200 30.000 2.800 0 175 0
41.200 30.000 3.200 0 175 0
41.200 30.400 0.800 0 175 0
41.200 30.400 1.200 0 175 0
41.200 30.400 1.600 0 175 0
41.200 30.400 2.000 0 175 0
41.200 30.400 2.400 0 175 0
41.200 30.400 2.800 0 175 0
41.200 30.400 3.200 0 175 0
41.200 30.800 0.800 0 175 0
41.200 30.800 1.200 0 175 0
41.200 30.800 1.600 0 175 0
41.200 30.800 2.000 0 175 0
41.200 30.800 2.400 0 175 0
41.200 30.800 2.800 0 175 0
41.200 31.200 0.800 0 175 0
41.200 31.200 1.200 0 175 0
41.200 31.200 1.600 0 175 0
41.200 31.200 2.000 0 175 0
41.200 31.200 2.400 0 175 0
41.200 31.200 3.200 0 175 0
41.200 31.600 0.800 0 175 0
41.200 31.600 1.600 0 175 0
41.200 31.600 2.000 0 175 0
41.200 31.600 2.400 0 175 0
41.200 31.600 2.800 0 175 0
41.200 32.000 0.800 0 175 0
41.200 32.000 1.600 0 175 0
41.200 32.000 2.000 0 175 0
41.200 32.000 2.400 0 175 0
41.200 32.000 2.800 0 175 0
41.200 32.000 3.200 0 175 0
41.200 32.400 0.800 0 175 0
41.200 32.400 1.200 0 175 0
41.200 32.400 1.600 0 175 0
41.200 32.400 2.000 0 175 0
41.200 32.400 2.400 0 175 0
41.200 32.400 2.800 0 175 0
41.200 32.800 0.400 0 175 0
41.200 32.800 0.800 0 175 0
41.200 32.800 1.200 0 175 0
41.200 32.800 1.600 0 175 0
41.200 32.800 2.000 0 175 0
41.200 32.800 2.400 0 175 0
41.200 32.800 3.200 0 175 0
41.200 33.200 0.400 0 175 0
41.200 33.200 0.800 0 175 0
41.200 33.200 1.200 0 175 0
41.200 33.200 1.600 0 175 0
41.200 33.200 2.000 0 175 0
41.200 33.200 2.400 0 175 0
41.200 33.600 0.400 0 175 0
41.200 33.600 0.800 0 175 0
41.200 33.600 1.200 0 175 0
41.200 33.600 2.000 0 175 0
41.200 33.600 2.400 0 175 0
41.200 34.000 1.600 0 175 0
41.200 34.000 2.000 0 175 0
41.200 34.400 2.000 0 175 0
41.200 34.400 2.400 0 175 0
41.200 34.800 0.800 0 175 0
41.200 34.800 1.200 0 175 0
41.200 34.800 2.400 0 175 0
41.200 34.800 2.800 0 175 0
41.200 34.800 3.200 0 175 0
41.200 34.800 3.600 0 175 0
41.200 35.200 2.800 0 175 0
41.200 35.600 0.800 0 175 0
41.200 36.000 3.200 0 175 0
41.200 40.000 2.400 0 175 0
41.200 40.400 2.400 0 175 0
41.200 40.400 2.800 0 175 0
41.200 40.400 3.200 0 175 0
41.200 40.800 2.000 0 175 0
41.200 40.800 2.400 0 175 0
41.200 41.200 1.600 0 175 0
41.200 41.200 2.000 0 175 0
41.200 41.200 3.200 0 175 0
41.600 10.000 1.600 255 200 0
41.600 10.000 2.000 255 200 0
41.600 10.000 2.400 255 200 0
41.600 10.000 2.800 255 200 0
41.600 10.400 1.600 255 200 0
41.600 10.400 2.000 255 200 0
41.600 10.800 1.600 255 200 0
41.600 10.800 2.000 255 200 0
41.600 10.800 2.400 255 200 0
41.600 11.200 1.200 0 175 0
41.600 11.200 1.600 0 175 0
41.600 11.200 2.000 255 200 0
41.600 11.600 1.200 0 175 0
41.600 11.600 1.600 0 175 0
41.600 12.000 0.800 0 175 0
41.600 12.000 1.200 0 175 0
41.600 12.800 0.800 0 175 0
41.600 12.800 1.200 0 175 0
41.600 13.200 0.800 0 175 0
41.600 13.200 1.200 0 175 0
41.600 18.000 0.800 0 175 0
41.600 18.000 1.200 0 175 0
41.600 18.400 0.800 0 175 0
41.600 18.400 1.200 0 175 0
41.600 18.800 0.800 0 175 0
41.600 18.800 1.600 0 175 0
41.600 18.800 2.400 0 175 0
41.600 18.800 2.800 0 175 0
41.600 19.200 1.200 0 175 0
41.600 19.200 1.600 0 175 0
41.600 19.200 2.000 0 175 0
41.600 19.200 2.400 0 175 0
41.600 19.200 2.800 0 175 0
41.600 19.600 0.800 255 120 50
41.600 19.600 1.200 0 175 0
41.600 19.600 1.600 0 175 0
41.600 19.600 2.000 0 175 0
41.600 19.600 2.400 0 175 0
41.600 19.600 2.800 0 175 0
41.600 20.000 0.800 75 0 75
41.600 20.000 2.400 0 175 0
41.600 20.400 0.800 75 0 75
41.600 20.800 0.800 75 0 75
41.600 22.000 0.400 75 0 75
41.600 22.400 0.400 255 0 255
41.600 22.800 0.400 255 0 255
41.600 22.800 0.800 255 40 200
41.600 22.800 1.200 255 40 200
41.600 22.800 1.600 255 40 200
41.600 22.800 2.000 255 40 200
41.600 23.200 0.400 255 0 255
41.600 23.200 1.200 255 40 200
41.600 23.200 1.600 255 40 200
41.600 23.200 2.000 255 40 200
41.600 23.600 0.400 255 0 255
41.600 24.000 0.400 255 0 255
41.600 24.400 0.400 255 0 255
41.600 24.800 0.400 255 0 255
41.600 25.200 0.400 255 0 255
41.600 25.600 0.400 255 0 255
41.600 26.000 0.400 255 0 255
41.600 26.400 0.400 255 0 255
41.600 28.800 0.800 0 175 0
41.600 29.200 0.800 0 175 0
41.600 29.200 2.000 0 175 0
41.600 29.200 2.400 0 175 0
41.600 29.200 2.800 0 175 0
41.600 29.200 3.200 0 175 0
41.600 29.600 0.800 0 175 0
41.600 29.600 1.600 0 175 0
41.600 29.600 2.000 0 175 0
41.600 29.600 2.400 0 175 0
41.600 29.600 2.800 0 175 0
41.600 29.600 3.200 0 175 0
41.600 30.000 0.800 0 175 0
41.600 30.000 1.200 0 175 0
41.600 30.000 1.600 0 175 0
41.600 30.000 2.000 0 175 0
41.600 30.000 2.400 0 175 0
41.600 30.000 2.800 0 175 0
41.600 30.000 3.200 0 175 0
41.600 30.400 0.800 0 175 0
41.600 30.400 1.200 0 175 0
41.600 30.400 1.600 0 175 0
41.600 30.400 2.000 0 175 0
41.600 30.400 2.400 0 175 0
41.600 30.400 2.800 0 175 0
41.600 30.400 3.200 0 175 0
41.600 30.800 0.800 0 175 0
41.600 30.800 1.200 0 175 0
41.600 30.800 1.600 0 175 0
41.600 30.800 2.000 0 175 0
41.600 30.800 2.400 0 175 0
41.600 30.800 2.800 0 175 0
41.600 30.800 3.200 0 175 0
41.600 31.200 0.800 0 175 0
41.600 31.200 1.200 0 175 0
41.600 31.200 1.600 0 175 0
41.600 31.200 2.000 0 175 0
41.600 31.200 2.400 0 175 0
41.600 31.200 2.800 0 175 0
41.600 31.200 3.200 0 175 0
41.600 31.600 0.800 0 175 0
41.600 31.600 1.600 0 175 0
41.600 31.600 2.000 0 175 0
41.600 31.600 2.400 0 175 0
41.600 31.600 2.800 0 175 0
41.600 32.000 1.200 0 175 0
41.600 32.000 1.600 0 175 0
41.600 32.000 2.000 0 175 0
41.600 32.000 2.400 0 175 0
41.600 32.000 2.800 0 175 0
41.600 32.400 1.200 0 175 0
41.600 32.400 1.600 0 175 0
41.600 32.400 2.000 0 175 0
41.600 32.400 2.400 0 175 0
41.600 32.400 2.800 0 175 0
41.600 32.400 3.200 0 175 0
41.600 32.800 1.200 0 175 0
41.600 32.800 1.600 0 175 0
41.600 32.800 2.000 0 175 0
41.600 32.800 2.400 0 175 0
41.600 32.800 3.200 0 175 0
41.600 33.200 0.400 0 175 0
41.600 33.200 1.200 0 175 0
41.600 33.200 1.600 0 175 0
41.600 33.200 2.000 0 175 0
41.600 33.200 2.400 0 175 0
41.600 33.600 0.400 0 175 0
41.600 33.600 0.800 0 175 0
41.600 33.600 1.200 0 175 0
41.600 33.600 1.600 0 175 0
41.600 34.000 0.800 0 175 0
41.600 34.000 2.000 0 175 0
41.600 34.000 2.400 0 175 0
41.600 34.400 2.000 0 175 0
41.600 34.400 2.400 0 175 0
41.600 34.400 2.800 0 175 0
41.600 34.800 2.800 0 175 0
41.600 34.800 3.200 0 175 0
41.600 35.200 0.800 0 175 0
41.600 35.200 1.200 0 175 0
41.600 35.200 3.200 0 175 0
41.600 35.600 0.400 0 175 0
41.600 35.600 0.800 0 175 0
41.600 35.600 1.200 0 175 0
41.600 35.600 3.200 0 175 0
41.600 36.000 0.400 0 175 0
41.600 36.000 0.800 0 175 0
41.600 36.000 1.200 0 175 0
41.600 36.000 2.800 0 175 0
41.600 36.000 3.200 0 175 0
41.600 36.400 1.200 0 175 0
41.600 36.400 1.600 0 175 0
41.600 39.600 2.800 0 175 0
41.600 40.000 2.400 0 175 0
41.600 40.000 2.800 0 175 0
41.600 40.400 2.800 0 175 0
41.600 40.800 1.600 0 175 0
41.600 40.800 2.000 0 175 0
41.600 40.800 2.400 0 175 0
41.600 40.800 3.200 0 175 0
41.600 41.200 1.600 0 175 0
41.600 41.200 2.000 0 175 0
41.600 41.200 2.400 0 175 0
41.600 41.200 2.800 0 175 0
42.000 10.000 2.800 255 200 0
42.000 10.400 2.400 255 200 0
42.000 10.400 2.800 255 200 0
42.000 11.200 1.200 0 175 0
42.000 11.200 1.600 255 200 0
42.000 11.200 2.000 255 200 0
42.000 11.600 1.200 0 175 0
42.000 11.600 1.600 0 175 0
42.000 11.600 2.000 0 175 0
42.000 12.000 1.200 0 175 0
42.000 12.400 1.600 0 175 0
42.000 13.200 1.200 0 175 0
42.000 13.600 1.200 0 175 0
42.000 13.600 1.600 0 175 0
42.000 14.000 1.600 0 175 0
42.000 16.000 0.800 0 175 0
42.000 16.000 1.600 0 175 0
42.000 16.400 0.800 0 175 0
42.000 16.400 1.600 0 175 0
42.000 17.200 0.800 0 175 0
42.000 18.000 0.800 0 175 0
42.000 18.400 0.800 0 175 0
42.000 18.800 0.800 0 175 0
42.000 18.800 1.600 0 175 0
42.000 18.800 2.400 0 175 0
42.000 19.200 1.200 0 175 0
42.000 19.200 1.600 0 175 0
42.000 19.200 2.000 0 175 0
42.000 19.200 2.400 0 175 0
42.000 19.200 2.800 0 175 0
42.000 19.600 0.800 255 120 50
42.000 19.600 1.200 0 175 0
42.000 19.600 1.600 0 175 0
42.000 19.600 2.000 0 175 0
42.000 19.600 2.400 0 175 0
42.000 19.600 2.800 0 175 0
42.000 20.000 0.800 75 0 75
42.000 20.400 0.800 75 0 75
42.000 20.800 0.800 75 0 75
42.000 22.000 0.400 75 0 75
42.000 22.400 0.400 255 0 255
42.000 22.800 0.400 255 0 255
42.000 22.800 1.200 255 40 200
42.000 22.800 1.600 255 40 200
42.000 22.800 2.000 255 40 200
42.000 23.200 0.400 255 0 255
42.000 23.200 0.800 255 40 200
42.000 23.200 1.200 255 40 200
42.000 23.200 1.600 255 40 200
42.000 23.200 2.000 255 40 200
42.000 23.600 0.400 255 0 255
42.000 24.000 0.400 255 0 255
42.000 24.400 0.400 255 0 255
42.000 24.800 0.400 255 0 255
42.000 25.200 0.400 255 0 255
42.000 25.600 0.400 255 0 255
42.000 26.000 0.400 255 0 255
42.000 26.400 0.400 255 0 255
42.000 26.400 1.200 100 150 245
42.000 26.400 1.600 100 150 245
42.000 26.800 1.200 100 150 245
42.000 27.200 1.200 100 150 245
42.000 27.200 1.600 100 150 245
42.000 27.600 1.200 100 150 245
42.000 28.400 0.400 0 175 0
42.000 28.400 0.800 0 175 0
42.000 28.800 0.800 0 175 0
42.000 29.200 0.800 0 175 0
42.000 29.200 2.000 0 175 0
42.000 29.200 2.400 0 175 0
42.000 29.200 2.800 0 175 0
42.000 29.200 3.200 0 175 0
42.000 29.600 0.800 0 175 0
42.000 29.600 1.200 0 175 0
42.000 29.600 1.600 0 175 0
42.000 29.600 2.000 0 175 0
42.000 29.600 2.400 0 175 0
42.000 29.600 2.800 0 175 0
42.000 29.600 3.200 0 175 0
42.000 30.000 0.800 0 175 0
42.000 30.000 1.200 0 175 0
42.000 30.000 1.600 0 175 0
42.000 30.000 2.000 0 175 0
42.000 30.000 2.400 0 175 0
42.000 30.000 2.800 0 175 0
42.000 30.000 3.200 0 175 0
42.000 30.400 0.800 0 175 0
42.000 30.400 1.200 0 175 0
42.000 30.400 1.600 0 175 0
42.000 30.400 2.000 0 175 0
42.000 30.400 2.400 0 175 0
42.000 30.400 2.800 0 175 0
42.000 30.400 3.200 0 175 0
42.000 30.800 0.800 0 175 0
42.000 30.800 1.200 0 175 0
42.000 30.800 1.600 0 175 0
42.000 30.800 2.000 0 175 0
42.000 30.800 2.400 0 175 0
42.000 30.800 2.800 0 175 0
42.000 30.800 3.200 0 175 0
42.000 31.200 0.800 0 175 0
42.000 31.200 1.200 0 175 0
42.000 31.200 2.000 0 175 0
42.000 31.200 2.400 0 175 0
42.000 31.200 2.800 0 175 0
42.000 31.200 3.200 0 175 0
42.000 31.200 3.600 0 175 0
42.000 31.600 1.200 0 175 0
42.000 31.600 1.600 0 175 0
42.000 31.600 2.000 0 175 0
42.000 31.600 2.400 0 175 0
42.000 31.600 2.800 0 175 0
42.000 31.600 3.200 0 175 0
42.000 32.000 1.200 0 175 0
42.000 32.000 1.600 0 175 0
42.000 32.000 2.000 0 175 0
42.000 32.000 2.400 0 175 0
42.000 32.000 2.800 0 175 0
42.000 32.400 1.200 0 175 0
42.000 32.400 1.600 0 175 0
42.000 32.400 2.000 0 175 0
42.000 32.400 2.400 0 175 0
42.000 32.400 2.800 0 175 0
42.000 32.800 0.800 0 175 0
42.000 32.800 1.200 0 175 0
42.000 32.800 1.600 0 175 0
42.000 32.800 2.000 0 175 0
42.000 32.800 2.800 0 175 0
42.000 32.800 3.200 0 175 0
42.000 33.200 0.400 0 175 0
42.000 33.200 1.200 0 175 0
42.000 33.200 1.600 0 175 0
42.000 33.200 2.000 0 175 0
42.000 34.000 0.400 0 175 0
42.000 34.000 0.800 0 175 0
42.000 34.000 2.800 0 175 0
42.000 34.400 0.400 0 175 0
42.000 34.400 2.400 0 175 0
42.000 34.400 2.800 0 175 0
42.000 34.800 2.400 0 175 0
42.000 34.800 2.800 0 175 0
42.000 35.600 3.200 0 175 0
42.000 36.000 0.400 0 175 0
42.000 36.000 3.200 0 175 0
42.000 36.400 0.800 0 175 0
42.000 36.400 1.200 0 175 0
42.000 36.400 1.600 0 175 0
42.000 38.800 3.200 0 175 0
42.000 39.200 3.200 0 175 0
42.000 39.600 2.000 0 175 0
42.000 39.600 2.400 0 175 0
42.000 39.600 2.800 0 175 0
42.000 39.600 3.200 0 175 0
42.000 40.000 2.000 0 175 0
42.000 40.000 2.400 0 175 0
42.000 40.000 2.800 0 175 0
42.000 40.400 2.800 0 175 0
42.000 40.400 3.200 0 175 0
42.000 41.200 2.800 0 175 0
42.000 41.600 2.000 0 175 0
42.000 41.600 2.800 0 175 0
42.000 42.400 2.800 0 175 0
42.400 10.400 2.400 255 200 0
42.400 10.400 2.800 255 200 0
42.400 10.800 1.600 255 200 0
42.400 10.800 2.000 255 200 0
42.400 10.800 2.400 255 200 0
42.400 10.800 2.800 255 200 0
42.400 11.600 1.200 0 175 0
42.400 11.600 1.600 0 175 0
42.400 11.600 2.000 255 200 0
42.400 12.000 1.200 0 175 0
42.400 12.400 1.200 0 175 0
42.400 12.400 2.000 0 175 0
42.400 12.800 1.200 0 175 0
42.400 12.800 1.600 0 175 0
42.400 12.800 2.000 0 175 0
42.400 14.000 1.200 0 175 0
42.400 16.000 0.800 0 175 0
42.400 16.400 0.800 0 175 0
42.400 16.400 1.200 0 175 0
42.400 16.800 0.800 0 175 0
42.400 16.800 1.200 0 175 0
42.400 17.200 1.600 0 175 0
42.400 17.600 0.800 0 175 0
42.400 18.000 0.800 0 175 0
42.400 18.400 0.800 0 175 0
42.400 18.800 0.800 0 175 0
42.400 18.800 1.600 0 175 0
42.400 18.800 2.800 0 175 0
42.400 19.200 1.200 0 175 0
42.400 19.200 1.600 0 175 0
42.400 19.200 2.000 0 175 0
42.400 19.200 2.400 0 175 0
42.400 19.200 2.800 0 175 0
42.400 19.600 0.800 255 120 50
42.400 19.600 1.200 0 175 0
42.400 19.600 1.600 0 175 0
42.400 19.600 2.000 0 175 0
42.400 19.600 2.400 0 175 0
42.400 19.600 2.800 0 175 0
42.400 20.000 0.800 75 0 75
42.400 20.400 0.800 75 0 75
42.400 20.800 0.800 75 0 75
42.400 22.400 0.400 255 0 255
42.400 22.800 0.400 255 0 255
42.400 22.800 0.800 255 40 200
42.400 22.800 1.200 255 40 200
42.400 22.800 1.600 255 40 200
42.400 22.800 2.000 255 40 200
42.400 23.200 0.400 255 0 255
42.400 23.200 0.800 255 40 200
42.400 23.200 1.200 255 40 200
42.400 23.200 1.600 255 40 200
42.400 23.600 0.400 255 0 255
42.400 24.000 0.400 255 0 255
42.400 24.400 0.400 255 0 255
42.400 24.800 0.400 255 0 255
42.400 25.200 0.400 255 0 255
42.400 26.000 0.400 255 0 255
42.400 26.400 0.400 100 150 245
42.400 26.400 0.800 100 150 245
42.400 26.400 1.200 100 150 245
42.400 26.400 1.600 100 150 245
42.400 26.800 0.800 100 150 245
42.400 26.800 1.200 100 150 245
42.400 26.800 1.600 100 150 245
42.400 26.800 2.000 100 150 245
42.400 27.200 0.800 100 150 245
42.400 27.200 1.200 100 150 245
42.400 27.200 1.600 100 150 245
42.400 27.200 2.000 100 150 245
42.400 27.600 0.800 100 150 245
42.400 27.600 1.200 100 150 245
42.400 27.600 1.600 100 150 245
42.400 27.600 2.000 100 150 245
42.400 28.000 0.800 255 0 255
42.400 28.000 1.200 100 150 245
42.400 28.800 0.800 0 175 0
42.400 29.200 0.800 0 175 0
42.400 29.200 2.000 0 175 0
42.400 29.200 3.600 0 175 0
42.400 29.600 0.800 0 175 0
42.400 29.600 1.600 0 175 0
42.400 29.600 2.000 0 175 0
42.400 30.000 0.800 0 175 0
42.400 30.000 1.200 0 175 0
42.400 30.000 1.600 0 175 0
42.400 30.000 2.000 0 175 0
42.400 30.000 2.400 0 175 0
42.400 30.000 2.800 0 175 0
42.400 30.000 3.200 0 175 0
42.400 30.000 3.600 0 175 0
42.400 30.400 0.800 0 175 0
42.400 30.400 1.200 0 175 0
42.400 30.400 1.600 0 175 0
42.400 30.400 2.000 0 175 0
42.400 30.400 2.800 0 175 0
42.400 30.800 0.800 0 175 0
42.400 30.800 1.200 0 175 0
42.400 30.800 2.000 0 175 0
42.400 30.800 2.400 0 175 0
42.400 30.800 2.800 0 175 0
42.400 30.800 3.200 0 175 0
42.400 30.800 3.600 0 175 0
42.400 31.200 0.800 0 175 0
42.400 31.200 1.200 0 175 0
42.400 31.200 2.000 0 175 0
42.400 31.200 2.400 0 175 0
42.400 31.200 2.800 0 175 0
42.400 31.200 3.200 0 175 0
42.400 31.600 0.800 0 175 0
42.400 31.600 1.200 135 60 0
42.400 31.600 1.600 135 60 0
42.400 31.600 2.000 135 60 0
42.400 31.600 2.400 135 60 0
42.400 31.600 2.800 135 60 0
42.400 31.600 3.200 135 60 0
42.400 32.000 1.200 0 175 0
42.400 32.000 1.600 0 175 0
42.400 32.000 2.000 0 175 0
42.400 32.000 2.400 0 175 0
42.400 32.000 2.800 0 175 0
42.400 32.000 3.200 0 175 0
42.400 32.400 0.800 0 175 0
42.400 32.400 1.200 0 175 0
42.400 32.400 1.600 0 175 0
42.400 32.400 2.800 0 175 0
42.400 32.400 3.200 0 175 0
42.400 32.800 0.800 0 175 0
42.400 32.800 1.200 0 175 0
42.400 32.800 1.600 0 175 0
42.400 32.800 2.800 0 175 0
42.400 33.200 0.800 0 175 0
42.400 33.200 1.600 0 175 0
42.400 34.000 0.400 0 175 0
42.400 34.000 0.800 0 175 0
42.400 34.400 0.400 0 175 0
42.400 34.400 2.800 0 175 0
42.400 34.800 1.200 0 175 0
42.400 35.200 0.400 0 175 0
42.400 35.200 1.600 0 175 0
42.400 35.600 0.400 0 175 0
42.400 36.000 1.600 0 175 0
42.400 36.000 2.800 0 175 0
42.400 36.000 3.200 0 175 0
42.400 39.600 1.600 0 175 0
42.400 39.600 2.000 0 175 0
42.400 40.000 2.000 0 175 0
42.400 40.000 2.400 0 175 0
42.400 40.000 2.800 0 175 0
42.400 40.400 2.000 0 175 0
42.400 40.800 2.800 0 175 0
42.400 40.800 3.200 0 175 0
42.400 41.200 1.600 0 175 0
42.400 41.200 2.000 0 175 0
42.400 41.200 3.200 0 175 0
42.400 41.600 1.600 0 175 0
42.400 41.600 2.000 0 175 0
42.400 41.600 2.400 0 175 0
42.400 42.400 2.400 0 175 0
42.400 42.400 2.800 0 175 0
42.400 42.400 3.200 0 175 0
42.400 42.800 2.400 0 175 0
42.800 10.400 2.800 255 200 0
42.800 10.800 1.600 255 200 0
42.800 10.800 2.000 255 200 0
42.800 10.800 2.400 255 200 0
42.800 10.800 2.800 255 200 0
42.800 11.200 1.200 0 175 0
42.800 11.200 1.600 255 200 0
42.800 11.200 2.000 255 200 0
42.800 11.200 2.400 255 200 0
42.800 11.600 2.000 255 200 0
42.800 12.000 1.200 0 175 0
42.800 12.000 1.600 0 175 0
42.800 12.400 1.200 0 175 0
42.800 12.400 1.600 0 175 0
42.800 12.400 2.400 0 175 0
42.800 12.800 1.200 0 175 0
42.800 12.800 1.600 0 175 0
42.800 12.800 2.000 0 175 0
42.800 12.800 2.400 0 175 0
42.800 13.200 1.200 0 175 0
42.800 13.200 1.600 0 175 0
42.800 13.200 2.000 0 175 0
42.800 14.000 0.800 0 175 0
42.800 14.000 1.200 0 175 0
42.800 14.000 1.600 0 175 0
42.800 15.600 1.600 0 175 0
42.800 16.000 1.200 0 175 0
42.800 16.400 0.800 0 175 0
42.800 16.400 1.200 0 175 0
42.800 16.800 0.800 0 175 0
42.800 16.800 1.200 0 175 0
42.800 17.200 0.800 0 175 0
42.800 17.600 0.800 0 175 0
42.800 17.600 1.600 0 175 0
42.800 18.000 0.800 0 175 0
42.800 18.400 0.800 0 175 0
42.800 18.800 0.800 0 175 0
42.800 18.800 1.600 0 175 0
42.800 19.200 1.200 0 175 0
42.800 19.200 1.600 0 175 0
42.800 19.200 2.000 0 175 0
42.800 19.200 2.400 0 175 0
42.800 19.200 2.800 0 175 0
42.800 19.200 3.200 0 175 0
42.800 19.600 0.800 255 120 50
42.800 19.600 1.200 0 175 0
42.800 19.600 1.600 0 175 0
42.800 19.600 2.000 0 175 0
42.800 19.600 2.400 0 175 0
42.800 19.600 2.800 0 175 0
42.800 20.000 0.800 75 0 75
42.800 20.400 0.800 75 0 75
42.800 20.800 0.800 75 0 75
42.800 22.000 0.400 75 0 75
42.800 22.400 0.400 255 0 255
42.800 22.800 0.400 255 0 255
42.800 22.800 0.800 255 40 200
42.800 22.800 1.200 255 40 200
42.800 22.800 1.600 255 40 200
42.800 22.800 2.000 255 40 200
42.800 23.200 0.400 255 0 255
42.800 23.200 1.200 255 40 200
42.800 23.200 1.600 255 40 200
42.800 23.600 0.400 255 0 255
42.800 24.000 0.400 255 0 255
42.800 24.400 0.400 255 0 255
42.800 24.800 0.400 255 0 255
42.800 25.200 0.400 255 0 255
42.800 25.600 0.400 255 0 255
42.800 26.000 0.400 255 0 255
42.800 26.400 0.400 255 0 255
42.800 26.400 0.800 100 150 245
42.800 26.400 1.200 100 150 245
42.800 26.400 1.600 100 150 245
42.800 26.800 0.800 100 150 245
42.800 26.800 2.000 100 150 245
42.800 27.200 1.200 100 150 245
42.800 27.200 1.600 100 150 245
42.800 27.200 2.000 100 150 245
42.800 27.600 1.200 100 150 245
42.800 27.600 1.600 100 150 245
42.800 27.600 2.000 100 150 245
42.800 28.400 0.800 0 175 0
42.800 28.800 0.800 0 175 0
42.800 29.200 0.800 0 175 0
42.800 29.200 1.200 0 175 0
42.800 29.600 0.800 0 175 0
42.800 30.000 0.800 0 175 0
42.800 30.400 0.800 0 175 0
42.800 30.400 1.200 0 175 0
42.800 30.400 2.400 0 175 0
42.800 30.400 2.800 0 175 0
42.800 30.400 3.200 0 175 0
42.800 30.800 0.800 0 175 0
42.800 30.800 1.200 0 175 0
42.800 30.800 2.400 0 175 0
42.800 30.800 2.800 0 175 0
42.800 31.200 0.800 0 175 0
42.800 31.200 1.200 0 175 0
42.800 31.200 1.600 0 175 0
42.800 31.200 2.400 0 175 0
42.800 31.200 2.800 0 175 0
42.800 31.200 3.200 0 175 0
42.800 31.600 0.800 0 175 0
42.800 31.600 1.200 0 175 0
42.800 31.600 1.600 0 175 0
42.800 31.600 2.000 0 175 0
42.800 31.600 2.400 0 175 0
42.800 31.600 2.800 0 175 0
42.800 32.000 0.800 0 175 0
42.800 32.000 1.200 0 175 0
42.800 32.000 1.600 0 175 0
42.800 32.000 2.000 0 175 0
42.800 32.000 2.400 0 175 0
42.800 32.400 0.800 0 175 0
42.800 32.400 1.200 0 175 0
42.800 32.400 1.600 0 175 0
42.800 32.800 0.400 0 175 0
42.800 32.800 0.800 0 175 0
42.800 32.800 1.200 0 175 0
42.800 32.800 1.600 0 175 0
42.800 32.800 2.800 0 175 0
42.800 33.200 0.400 0 175 0
42.800 33.200 0.800 0 175 0
42.800 33.200 1.200 0 175 0
42.800 33.200 1.600 0 175 0
42.800 33.600 0.400 0 175 0
42.800 33.600 0.800 0 175 0
42.800 33.600 1.200 0 175 0
42.800 33.600 2.000 0 175 0
42.800 34.400 2.000 0 175 0
42.800 34.800 1.200 0 175 0
42.800 34.800 1.600 0 175 0
42.800 34.800 2.000 0 175 0
42.800 35.200 0.400 0 175 0
42.800 35.200 0.800 0 175 0
42.800 35.200 1.200 0 175 0
42.800 35.200 1.600 0 175 0
42.800 35.200 2.000 0 175 0
42.800 35.600 0.400 0 175 0
42.800 35.600 0.800 0 175 0
42.800 35.600 1.200 0 175 0
42.800 35.600 1.600 0 175 0
42.800 36.000 0.800 0 175 0
42.800 36.000 1.200 0 175 0
42.800 36.000 1.600 0 175 0
42.800 36.000 3.200 0 175 0
42.800 36.800 0.400 0 175 0
42.800 36.800 2.400 0 175 0
42.800 38.000 2.800 0 175 0
42.800 38.400 2.000 0 175 0
42.800 38.400 2.400 0 175 0
42.800 38.800 2.000 0 175 0
42.800 40.000 3.200 0 175 0
42.800 40.800 1.600 0 175 0
42.800 41.200 2.400 0 175 0
42.800 41.600 1.200 0 175 0
42.800 41.600 1.600 0 175 0
42.800 41.600 2.000 0 175 0
42.800 41.600 2.400 0 175 0
42.800 42.400 2.400 0 175 0
42.800 42.800 2.800 0 175 0
43.200 5.600 2.400 255 200 0
43.200 10.800 2.800 255 200 0
43.200 11.200 1.600 255 200 0
43.200 11.200 2.000 255 200 0
43.200 11.200 2.400 255 200 0
43.200 11.200 2.800 255 200 0
43.200 11.600 1.600 255 200 0
43.200 11.600 2.000 255 200 0
43.200 11.600 2.800 255 200 0
43.200 12.400 1.600 0 175 0
43.200 12.400 2.000 0 175 0
43.200 12.800 1.200 0 175 0
43.200 12.800 1.600 0 175 0
43.200 12.800 2.000 0 175 0
43.200 12.800 2.400 0 175 0
43.200 13.200 1.200 0 175 0
43.200 13.200 1.600 0 175 0
43.200 13.200 2.000 0 175 0
43.200 14.000 1.200 0 175 0
43.200 14.400 1.200 0 175 0
43.200 16.400 1.600 0 175 0
43.200 16.800 1.600 0 175 0
43.200 16.800 2.800 0 175 0
43.200 17.200 2.000 0 175 0
43.200 17.200 2.400 0 175 0
43.200 17.600 0.800 0 175 0
43.200 17.600 1.200 0 175 0
43.200 17.600 1.600 0 175 0
43.200 18.800 2.400 0 175 0
43.200 19.200 1.200 0 175 0
43.200 19.200 1.600 0 175 0
43.200 19.200 2.400 0 175 0
43.200 19.200 2.800 0 175 0
43.200 19.600 0.800 255 120 50
43.200 19.600 1.200 0 175 0
43.200 19.600 1.600 0 175 0
43.200 19.600 2.000 0 175 0
43.200 19.600 2.400 0 175 0
43.200 19.600 2.800 0 175 0
43.200 20.000 0.800 75 0 75
43.200 20.400 0.800 75 0 75
43.200 20.800 0.800 75 0 75
43.200 22.000 0.400 75 0 75
43.200 22.400 0.400 255 0 255
43.200 22.800 0.400 255 0 255
43.200 22.800 0.800 255 40 200
43.200 22.800 1.200 255 40 200
43.200 22.800 1.600 255 40 200
43.200 22.800 2.000 255 40 200
43.200 23.200 0.400 255 0 255
43.200 23.200 0.800 255 40 200
43.200 23.200 1.600 255 40 200
43.200 23.200 2.000 255 40 200
43.200 23.600 0.400 255 0 255
43.200 24.000 0.400 255 0 255
43.200 24.400 0.400 255 0 255
43.200 24.800 0.400 255 0 255
43.200 25.200 0.400 255 0 255
43.200 25.600 0.400 255 0 255
43.200 26.000 0.400 255 0 255
43.200 26.400 0.400 255 0 255
43.200 26.400 0.800 100 150 245
43.200 26.400 1.200 100 150 245
43.200 26.400 1.600 100 150 245
43.200 26.800 1.200 100 150 245
43.200 26.800 1.600 100 150 245
43.200 26.800 2.000 100 150 245
43.200 27.200 1.200 100 150 245
43.200 27.200 2.000 100 150 245
43.200 27.600 1.200 100 150 245
43.200 27.600 1.600 100 150 245
43.200 27.600 2.000 100 150 245
43.200 28.400 0.800 0 175 0
43.200 28.800 0.800 0 175 0
43.200 29.200 0.800 0 175 0
43.200 29.600 0.800 0 175 0
43.200 29.600 2.400 0 175 0
43.200 30.000 0.800 0 175 0
43.200 30.000 1.200 0 175 0
43.200 30.000 2.400 0 175 0
43.200 30.000 2.800 0 175 0
43.200 30.000 3.200 0 175 0
43.200 30.400 0.800 0 175 0
43.200 30.400 1.200 0 175 0
43.200 30.400 2.000 0 175 0
43.200 30.400 2.400 0 175 0
43.200 30.400 2.800 0 175 0
43.200 30.400 3.200 0 175 0
43.200 30.800 0.800 0 175 0
43.200 30.800 1.200 0 175 0
43.200 30.800 2.400 0 175 0
43.200 30.800 2.800 0 175 0
43.200 30.800 3.200 0 175 0
43.200 31.200 0.800 0 175 0
43.200 31.200 1.200 0 175 0
43.200 31.200 2.800 0 175 0
43.200 31.200 3.200 0 175 0
43.200 31.600 0.800 0 175 0
43.200 31.600 1.200 0 175 0
43.200 31.600 1.600 0 175 0
43.200 32.000 0.800 0 175 0
43.200 32.000 1.200 0 175 0
43.200 32.000 1.600 0 175 0
43.200 32.000 2.400 0 175 0
43.200 32.400 0.800 0 175 0
43.200 32.400 1.200 0 175 0
43.200 32.400 1.600 0 175 0
43.200 32.400 2.000 0 175 0
43.200 32.800 0.800 0 175 0
43.200 32.800 1.200 0 175 0
43.200 32.800 1.600 0 175 0
43.200 32.800 2.000 0 175 0
43.200 33.200 0.400 0 175 0
43.200 33.200 0.800 0 175 0
43.200 33.200 1.200 0 175 0
43.200 33.200 1.600 0 175 0
43.200 33.200 2.000 0 175 0
43.200 33.600 0.400 0 175 0
43.200 33.600 0.800 0 175 0
43.200 33.600 1.200 0 175 0
43.200 33.600 1.600 0 175 0
43.200 33.600 2.000 0 175 0
43.200 34.000 0.400 0 175 0
43.200 34.000 0.800 0 175 0
43.200 34.000 1.600 0 175 0
43.200 34.000 2.000 0 175 0
43.200 34.400 0.800 0 175 0
43.200 34.800 0.800 0 175 0
43.200 34.800 2.000 0 175 0
43.200 35.200 0.400 0 175 0
43.200 35.200 0.800 0 175 0
43.200 35.200 1.200 0 175 0
43.200 35.200 1.600 0 175 0
43.200 35.200 2.000 0 175 0
43.200 35.600 0.400 0 175 0
43.200 35.600 0.800 0 175 0
43.200 35.600 1.200 0 175 0
43.200 35.600 1.600 0 175 0
43.200 35.600 2.000 0 175 0
43.200 35.600 2.400 0 175 0
43.200 36.000 1.600 0 175 0
43.200 36.000 2.400 0 175 0
43.200 36.400 0.000 0 175 0
43.200 36.400 0.800 0 175 0
43.200 36.400 1.200 0 175 0
43.200 36.400 3.200 0 175 0
43.200 36.800 0.800 0 175 0
43.200 36.800 1.200 0 175 0
43.200 36.800 2.400 0 175 0
43.200 38.800 2.400 0 175 0
43.200 38.800 2.800 0 175 0
43.200 40.400 3.200 0 175 0
43.200 40.800 2.800 0 175 0
43.200 41.200 3.200 0 175 0
43.200 41.600 1.600 0 175 0
43.200 41.600 2.000 0 175 0
43.200 41.600 2.400 0 175 0
43.200 41.600 2.800 0 175 0
43.200 42.000 3.600 0 175 0
43.200 42.400 2.800 0 175 0
43.200 42.400 3.200 0 175 0
43.200 42.400 3.600 0 175 0
43.200 42.800 3.200 0 175 0
43.600 11.200 2.400 255 200 0
43.600 11.600 1.600 255 200 0
43.600 11.600 2.800 255 200 0
43.600 12.000 1.600 255 200 0
43.600 12.000 2.000 255 200 0
43.600 12.400 2.000 0 175 0
43.600 12.800 1.200 0 175 0
43.600 12.800 1.600 0 175 0
43.600 13.200 1.200 0 175 0
43.600 13.200 1.600 0 175 0
43.600 13.600 1.200 0 175 0
43.600 14.000 0.800 0 175 0
43.600 14.400 0.800 0 175 0
43.600 16.800 2.000 0 175 0
43.600 16.800 2.800 0 175 0
43.600 17.200 2.000 0 175 0
43.600 18.000 0.800 0 175 0
43.600 18.800 0.800 0 175 0
43.600 18.800 1.200 0 175 0
43.600 18.800 1.600 0 175 0
43.600 18.800 2.000 0 175 0
43.600 19.200 1.200 0 175 0
43.600 19.200 1.600 0 175 0
43.600 19.200 2.000 0 175 0
43.600 19.200 2.400 0 175 0
43.600 19.200 2.800 0 175 0
43.600 19.600 0.800 255 120 50
43.600 19.600 1.200 0 175 0
43.600 19.600 1.600 0 175 0
43.600 19.600 2.000 0 175 0
43.600 19.600 2.400 0 175 0
43.600 19.600 2.800 0 175 0
43.600 20.000 0.800 75 0 75
43.600 20.000 2.400 0 175 0
43.600 20.400 0.800 75 0 75
43.600 20.800 0.800 75 0 75
43.600 21.200 0.800 75 0 75
43.600 22.000 0.400 75 0 75
43.600 22.400 0.400 255 0 255
43.600 22.800 0.400 255 0 255
43.600 22.800 0.800 255 40 200
43.600 22.800 1.200 255 40 200
43.600 22.800 1.600 255 40 200
43.600 22.800 2.000 255 40 200
43.600 22.800 2.400 255 40 200
43.600 23.200 0.400 255 0 255
43.600 23.200 1.600 255 40 200
43.600 23.200 2.000 255 40 200
43.600 23.600 0.400 255 0 255
43.600 24.000 0.400 255 0 255
43.600 24.400 0.400 255 0 255
43.600 24.800 0.400 255 0 255
43.600 25.200 0.400 255 0 255
43.600 25.600 0.400 255 0 255
43.600 26.000 0.400 255 0 255
43.600 26.400 0.400 255 0 255
43.600 26.400 0.800 100 150 245
43.600 26.400 1.200 100 150 245
43.600 26.400 1.600 100 150 245
43.600 26.800 1.200 100 150 245
43.600 26.800 1.600 100 150 245
43.600 26.800 2.000 100 150 245
43.600 27.200 1.200 100 150 245
43.600 27.200 1.600 100 150 245
43.600 27.200 2.000 100 150 245
43.600 27.600 1.200 100 150 245
43.600 27.600 1.600 100 150 245
43.600 27.600 2.000 100 150 245
43.600 28.400 0.800 0 175 0
43.600 28.800 0.800 0 175 0
43.600 29.200 0.800 0 175 0
43.600 29.600 0.800 0 175 0
43.600 29.600 2.000 0 175 0
43.600 29.600 3.200 0 175 0
43.600 29.600 3.600 0 175 0
43.600 30.000 0.800 0 175 0
43.600 30.000 1.200 0 175 0
43.600 30.000 2.000 0 175 0
43.600 30.000 2.400 0 175 0
43.600 30.000 2.800 0 175 0
43.600 30.000 3.200 0 175 0
43.600 30.400 0.800 0 175 0
43.600 30.400 1.200 0 175 0
43.600 30.400 2.400 0 175 0
43.600 30.400 2.800 0 175 0
43.600 30.800 0.800 0 175 0
43.600 30.800 1.200 0 175 0
43.600 30.800 2.800 0 175 0
43.600 31.200 0.800 0 175 0
43.600 31.200 1.200 0 175 0
43.600 31.200 2.800 0 175 0
43.600 31.600 0.800 0 175 0
43.600 31.600 1.200 0 175 0
43.600 32.000 1.600 0 175 0
43.600 32.400 0.800 0 175 0
43.600 32.400 1.200 0 175 0
43.600 32.400 1.600 0 175 0
43.600 32.400 2.000 0 175 0
43.600 32.800 0.800 0 175 0
43.600 32.800 1.200 0 175 0
43.600 32.800 1.600 0 175 0
43.600 32.800 2.000 0 175 0
43.600 33.200 0.400 0 175 0
43.600 33.200 0.800 0 175 0
43.600 33.200 1.200 0 175 0
43.600 33.200 1.600 0 175 0
43.600 33.200 2.000 0 175 0
43.600 33.600 0.400 0 175 0
43.600 33.600 0.800 0 175 0
43.600 33.600 1.200 0 175 0
43.600 33.600 1.600 0 175 0
43.600 33.600 2.000 0 175 0
43.600 33.600 2.800 0 175 0
43.600 33.600 3.200 0 175 0
43.600 34.000 0.400 0 175 0
43.600 34.000 0.800 0 175 0
43.600 34.000 1.600 0 175 0
43.600 34.000 2.000 0 175 0
43.600 34.000 2.400 0 175 0
43.600 34.000 2.800 0 175 0
43.600 34.000 3.200 0 175 0
43.600 34.400 0.400 0 175 0
43.600 34.400 2.000 0 175 0
43.600 34.400 2.400 0 175 0
43.600 34.800 0.800 0 175 0
43.600 35.200 0.400 0 175 0
43.600 35.200 0.800 0 175 0
43.600 35.200 1.200 0 175 0
43.600 35.200 1.600 0 175 0
43.600 35.200 2.000 0 175 0
43.600 35.200 2.400 0 175 0
43.600 35.600 0.400 0 175 0
43.600 35.600 0.800 0 175 0
43.600 35.600 1.200 0 175 0
43.600 35.600 1.600 0 175 0
43.600 35.600 2.400 0 175 0
43.600 36.000 0.800 0 175 0
43.600 36.000 1.200 0 175 0
43.600 36.000 1.600 0 175 0
43.600 36.000 2.800 0 175 0
43.600 36.400 1.200 0 175 0
43.600 36.400 2.800 0 175 0
43.600 36.800 1.200 0 175 0
43.600 37.200 0.800 0 175 0
43.600 37.200 1.200 0 175 0
43.600 37.200 1.600 0 175 0
43.600 37.200 2.000 0 175 0
43.600 37.200 2.400 0 175 0
43.600 37.600 0.800 0 175 0
43.600 37.600 1.600 0 175 0
43.600 37.600 2.000 0 175 0
43.600 38.000 1.200 0 175 0
43.600 38.000 2.000 0 175 0
43.600 40.800 2.400 0 175 0
43.600 40.800 2.800 0 175 0
43.600 41.600 2.000 0 175 0
43.600 41.600 2.400 0 175 0
43.600 42.000 2.000 0 175 0
43.600 42.400 2.000 0 175 0
43.600 42.400 2.400 0 175 0
44.000 11.600 2.800 255 200 0
44.000 12.000 2.800 255 200 0
44.000 12.000 3.200 255 200 0
44.000 12.800 1.200 0 175 0
44.000 12.800 1.600 0 175 0
44.000 13.200 1.200 0 175 0
44.000 13.600 1.600 0 175 0
44.000 14.400 0.800 0 175 0
44.000 16.400 1.200 0 175 0
44.000 16.400 1.600 0 175 0
44.000 17.200 0.800 0 175 0
44.000 18.400 0.800 0 175 0
44.000 18.800 0.800 0 175 0
44.000 18.800 1.600 0 175 0
44.000 18.800 2.000 0 175 0
44.000 19.200 0.800 0 175 0
44.000 19.200 1.200 0 175 0
44.000 19.200 1.600 0 175 0
44.000 19.200 2.000 0 175 0
44.000 19.200 2.400 0 175 0
44.000 19.200 2.800 0 175 0
44.000 19.600 0.800 255 120 50
44.000 19.600 1.200 0 175 0
44.000 19.600 1.600 0 175 0
44.000 19.600 2.000 0 175 0
44.000 19.600 2.400 0 175 0
44.000 19.600 2.800 0 175 0
44.000 20.000 0.800 75 0 75
44.000 20.400 0.800 75 0 75
44.000 22.000 0.400 75 0 75
44.000 22.400 0.400 255 0 255
44.000 22.800 0.400 255 0 255
44.000 22.800 1.200 255 40 200
44.000 22.800 1.600 255 40 200
44.000 23.200 0.400 255 0 255
44.000 23.200 1.600 255 40 200
44.000 23.600 0.400 255 0 255
44.000 24.000 0.400 255 0 255
44.000 24.400 0.400 255 0 255
44.000 24.800 0.400 255 0 255
44.000 25.200 0.400 255 0 255
44.000 25.600 0.400 255 0 255
44.000 26.400 0.800 100 150 245
44.000 26.400 1.200 100 150 245
44.000 26.400 1.600 100 150 245
44.000 26.400 2.000 100 150 245
44.000 26.800 2.000 100 150 245
44.000 27.200 2.000 100 150 245
44.000 27.600 1.200 100 150 245
44.000 27.600 2.000 100 150 245
44.000 28.400 0.800 0 175 0
44.000 28.800 0.800 0 175 0
44.000 29.200 0.800 0 175 0
44.000 29.600 0.800 0 175 0
44.000 30.000 0.800 0 175 0
44.000 30.000 1.200 0 175 0
44.000 30.000 2.400 0 175 0
44.000 30.000 2.800 0 175 0
44.000 30.400 0.800 0 175 0
44.000 30.400 1.200 0 175 0
44.000 30.400 1.600 0 175 0
44.000 30.400 2.400 0 175 0
44.000 30.400 2.800 0 175 0
44.000 30.400 3.200 0 175 0
44.000 30.800 0.800 0 175 0
44.000 30.800 1.200 0 175 0
44.000 30.800 1.600 0 175 0
44.000 30.800 2.800 0 175 0
44.000 30.800 3.200 0 175 0
44.000 31.200 0.800 0 175 0
44.000 31.200 1.200 0 175 0
44.000 31.200 2.800 0 175 0
44.000 31.200 3.200 0 175 0
44.000 31.600 0.800 0 175 0
44.000 31.600 1.200 0 175 0
44.000 31.600 3.200 0 175 0
44.000 32.000 1.200 0 175 0
44.000 32.000 1.600 0 175 0
44.000 32.000 3.200 0 175 0
44.000 32.400 1.200 0 175 0
44.000 32.400 1.600 0 175 0
44.000 32.400 2.000 0 175 0
44.000 32.800 0.800 0 175 0
44.000 32.800 1.200 0 175 0
44.000 32.800 1.600 0 175 0
44.000 32.800 2.000 0 175 0
44.000 33.200 0.400 0 175 0
44.000 33.200 0.800 0 175 0
44.000 33.200 1.200 0 175 0
44.000 33.200 1.600 0 175 0
44.000 33.200 2.000 0 175 0
44.000 33.200 2.800 0 175 0
44.000 33.600 0.400 0 175 0
44.000 33.600 0.800 0 175 0
44.000 33.600 1.200 0 175 0
44.000 33.600 1.600 0 175 0
44.000 33.600 2.000 0 175 0
44.000 33.600 2.400 0 175 0
44.000 33.600 2.800 0 175 0
44.000 33.600 3.200 0 175 0
44.000 34.000 0.400 0 175 0
44.000 34.000 0.800 0 175 0
44.000 34.000 1.600 0 175 0
44.000 34.000 2.000 0 175 0
44.000 34.000 2.400 0 175 0
44.000 34.000 2.800 0 175 0
44.000 34.800 0.800 0 175 0
44.000 35.200 0.400 0 175 0
44.000 35.200 0.800 0 175 0
44.000 35.200 1.200 0 175 0
44.000 35.200 1.600 0 175 0
44.000 35.200 2.000 0 175 0
44.000 35.600 0.800 0 175 0
44.000 35.600 1.200 0 175 0
44.000 36.000 0.800 0 175 0
44.000 36.000 1.600 0 175 0
44.000 36.000 3.200 0 175 0
44.000 36.400 2.800 0 175 0
44.000 36.400 3.200 0 175 0
44.000 36.800 2.000 0 175 0
44.000 36.800 2.400 0 175 0
44.000 37.200 1.200 0 175 0
44.000 37.200 1.600 0 175 0
44.000 37.200 2.000 0 175 0
44.000 37.600 0.800 0 175 0
44.000 37.600 1.200 0 175 0
44.000 37.600 2.400 0 175 0
44.000 41.200 1.600 0 175 0
44.000 41.600 2.800 0 175 0
44.000 42.000 1.200 0 175 0
44.000 42.000 1.600 0 175 0
44.000 42.000 2.800 0 175 0
44.000 42.400 2.000 0 175 0
44.000 42.400 2.400 0 175 0
44.400 12.000 1.200 255 200 0
44.400 12.000 1.600 255 200 0
44.400 12.000 2.800 255 200 0
44.400 12.400 1.600 255 200 0
44.400 12.800 2.000 0 175 0
44.400 13.200 2.000 0 175 0
44.400 13.600 1.200 0 175 0
44.400 13.600 2.000 0 175 0
44.400 17.200 2.000 0 175 0
44.400 17.200 2.400 0 175 0
44.400 17.200 2.800 0 175 0
44.400 17.600 1.600 0 175 0
44.400 17.600 2.000 0 175 0
44.400 17.600 2.400 0 175 0
44.400 17.600 2.800 0 175 0
44.400 18.000 0.800 0 175 0
44.400 18.000 1.200 0 175 0
44.400 18.000 1.600 0 175 0
44.400 18.000 2.000 0 175 0
44.400 18.000 2.400 0 175 0
44.400 18.000 2.800 0 175 0
44.400 18.800 0.800 0 175 0
44.400 18.800 1.200 0 175 0
44.400 18.800 1.600 0 175 0
44.400 18.800 2.000 0 175 0
44.400 19.200 1.200 0 175 0
44.400 19.200 1.600 0 175 0
44.400 19.200 2.000 0 175 0
44.400 19.200 2.400 0 175 0
44.400 19.200 2.800 0 175 0
44.400 19.600 0.800 255 120 50
44.400 19.600 1.200 0 175 0
44.400 19.600 1.600 0 175 0
44.400 19.600 2.000 0 175 0
44.400 19.600 2.400 0 175 0
44.400 19.600 2.800 0 175 0
44.400 20.000 0.800 75 0 75
44.400 20.400 0.800 75 0 75
44.400 22.000 0.400 75 0 75
44.400 22.400 0.400 255 0 255
44.400 22.800 0.400 255 0 255
44.400 22.800 0.800 255 40 200
44.400 23.200 0.400 255 0 255
44.400 23.600 0.400 255 0 255
44.400 24.000 0.400 255 0 255
44.400 24.400 0.400 255 0 255
44.400 24.800 0.400 255 0 255
44.400 25.200 0.400 255 0 255
44.400 25.600 0.400 255 0 255
44.400 26.000 0.400 255 0 255
44.400 26.400 0.400 255 0 255
44.400 26.400 0.800 100 150 245
44.400 26.400 1.200 100 150 245
44.400 26.400 1.600 100 150 245
44.400 27.200 1.600 100 150 245
44.400 27.600 1.600 100 150 245
44.400 28.400 0.800 0 175 0
44.400 28.800 0.800 0 175 0
44.400 29.200 0.800 0 175 0
44.400 29.600 0.800 0 175 0
44.400 30.000 0.800 0 175 0
44.400 30.000 1.200 0 175 0
44.400 30.000 2.400 0 175 0
44.400 30.400 0.800 0 175 0
44.400 30.400 1.200 0 175 0
44.400 30.400 2.400 0 175 0
44.400 30.400 3.200 0 175 0
44.400 30.800 0.800 0 175 0
44.400 30.800 1.200 0 175 0
44.400 30.800 2.800 0 175 0
44.400 30.800 3.200 0 175 0
44.400 31.200 0.800 0 175 0
44.400 31.200 3.200 0 175 0
44.400 31.600 0.800 0 175 0
44.400 31.600 1.600 0 175 0
44.400 31.600 3.200 0 175 0
44.400 32.000 0.800 0 175 0
44.400 32.000 1.200 0 175 0
44.400 32.000 1.600 0 175 0
44.400 32.400 0.400 0 175 0
44.400 32.400 0.800 0 175 0
44.400 32.400 1.600 0 175 0
44.400 32.800 0.400 0 175 0
44.400 32.800 0.800 0 175 0
44.400 32.800 1.200 0 175 0
44.400 32.800 1.600 0 175 0
44.400 32.800 2.000 0 175 0
44.400 32.800 2.400 0 175 0
44.400 33.200 0.800 0 175 0
44.400 33.200 1.200 0 175 0
44.400 33.200 1.600 0 175 0
44.400 33.200 2.400 0 175 0
44.400 33.200 2.800 0 175 0
44.400 33.600 0.400 0 175 0
44.400 33.600 0.800 0 175 0
44.400 33.600 1.200 0 175 0
44.400 33.600 1.600 0 175 0
44.400 33.600 2.000 0 175 0
44.400 33.600 2.400 0 175 0
44.400 33.600 2.800 0 175 0
44.400 33.600 3.200 0 175 0
44.400 34.000 0.400 0 175 0
44.400 34.000 1.200 0 175 0
44.400 34.000 1.600 0 175 0
44.400 34.000 2.000 0 175 0
44.400 34.000 2.400 0 175 0
44.400 34.400 1.200 0 175 0
44.400 34.400 1.600 0 175 0
44.400 34.800 1.200 0 175 0
44.400 34.800 1.600 0 175 0
44.400 35.200 0.400 0 175 0
44.400 35.200 0.800 0 175 0
44.400 35.200 1.200 0 175 0
44.400 35.200 1.600 0 175 0
44.400 35.200 2.400 0 175 0
44.400 35.600 0.000 0 175 0
44.400 35.600 0.800 0 175 0
44.400 35.600 1.200 0 175 0
44.400 35.600 1.600 0 175 0
44.400 35.600 2.000 0 175 0
44.400 35.600 2.400 0 175 0
44.400 35.600 2.800 0 175 0
44.400 36.400 2.000 0 175 0
44.400 36.400 2.800 0 175 0
44.400 36.400 3.200 0 175 0
44.400 36.800 2.000 0 175 0
44.400 36.800 2.400 0 175 0
44.400 36.800 2.800 0 175 0
44.400 37.200 1.600 0 175 0
44.400 37.200 2.400 0 175 0
44.400 37.600 0.400 0 175 0
44.400 37.600 0.800 0 175 0
44.400 37.600 1.600 0 175 0
44.400 42.000 1.200 0 175 0
44.400 42.000 2.800 0 175 0
44.400 42.400 2.000 0 175 0
44.400 42.400 2.400 0 175 0
44.400 42.400 2.800 0 175 0
44.400 42.800 2.400 0 175 0
44.800 12.000 1.600 255 200 0
44.800 12.000 2.800 255 200 0
44.800 12.400 2.000 255 200 0
44.800 12.800 1.600 255 200 0
44.800 16.000 2.800 0 175 0
44.800 16.400 2.000 0 175 0
44.800 16.400 2.400 0 175 0
44.800 16.400 2.800 0 175 0
44.800 16.800 2.000 0 175 0
44.800 16.800 2.400 0 175 0
44.800 16.800 2.800 0 175 0
44.800 17.200 1.200 0 175 0
44.800 17.200 1.600 0 175 0
44.800 17.200 2.000 0 175 0
44.800 17.200 2.400 0 175 0
44.800 17.200 2.800 0 175 0
44.800 17.600 1.200 0 175 0
44.800 17.600 1.600 0 175 0
44.800 17.600 2.000 0 175 0
44.800 17.600 2.400 0 175 0
44.800 17.600 2.800 0 175 0
44.800 18.000 0.800 0 175 0
44.800 18.000 1.200 0 175 0
44.800 18.000 1.600 0 175 0
44.800 18.000 2.000 0 175 0
44.800 18.000 2.400 0 175 0
44.800 18.000 2.800 0 175 0
44.800 18.400 0.800 0 175 0
44.800 18.400 2.800 0 175 0
44.800 18.800 1.600 0 175 0
44.800 18.800 2.400 0 175 0
44.800 18.800 2.800 0 175 0
44.800 19.200 1.200 0 175 0
44.800 19.200 1.600 0 175 0
44.800 19.200 2.000 0 175 0
44.800 19.200 2.400 0 175 0
44.800 19.200 2.800 0 175 0
44.800 19.600 0.800 255 120 50
44.800 19.600 1.200 0 175 0
44.800 19.600 1.600 0 175 0
44.800 19.600 2.000 0 175 0
44.800 19.600 2.400 0 175 0
44.800 19.600 2.800 0 175 0
44.800 20.000 0.800 75 0 75
44.800 20.400 0.800 75 0 75
44.800 22.000 0.400 75 0 75
44.800 22.400 0.400 255 0 255
44.800 22.800 0.400 255 0 255
44.800 23.200 0.400 255 0 255
44.800 23.600 0.400 255 0 255
44.800 24.000 0.400 255 0 255
44.800 24.400 0.400 255 0 255
44.800 24.800 0.400 255 0 255
44.800 25.200 0.400 255 0 255
44.800 25.600 0.400 255 0 255
44.800 26.000 0.400 255 0 255
44.800 26.400 0.400 255 0 255
44.800 26.400 0.800 100 150 245
44.800 26.400 1.200 100 150 245
44.800 26.400 1.600 100 150 245
44.800 26.800 0.400 255 0 255
44.800 26.800 1.600 100 150 245
44.800 27.200 1.600 100 150 245
44.800 27.600 1.600 100 150 245
44.800 28.000 0.800 255 0 255
44.800 28.400 0.800 0 175 0
44.800 28.800 0.800 0 175 0
44.800 29.200 0.800 0 175 0
44.800 29.600 0.800 0 175 0
44.800 29.600 1.200 0 175 0
44.800 29.600 1.600 0 175 0
44.800 30.000 0.800 0 175 0
44.800 30.000 1.200 0 175 0
44.800 30.000 2.400 0 175 0
44.800 30.400 0.800 0 175 0
44.800 30.400 1.200 0 175 0
44.800 30.400 2.400 0 175 0
44.800 30.800 0.800 0 175 0
44.800 30.800 2.400 0 175 0
44.800 30.800 2.800 0 175 0
44.800 30.800 3.200 0 175 0
44.800 31.200 0.800 0 175 0
44.800 31.200 2.800 0 175 0
44.800 31.200 3.200 0 175 0
44.800 31.600 0.800 0 175 0
44.800 31.600 3.200 0 175 0
44.800 32.000 0.400 0 175 0
44.800 32.000 0.800 0 175 0
44.800 32.000 1.200 0 175 0
44.800 32.000 1.600 0 175 0
44.800 32.400 0.400 0 175 0
44.800 32.400 0.800 0 175 0
44.800 32.400 1.200 0 175 0
44.800 32.400 1.600 0 175 0
44.800 32.800 1.200 0 175 0
44.800 32.800 1.600 0 175 0
44.800 33.200 0.400 0 175 0
44.800 33.200 0.800 0 175 0
44.800 33.200 1.200 0 175 0
44.800 33.200 1.600 0 175 0
44.800 33.200 2.000 0 175 0
44.800 33.200 2.400 0 175 0
44.800 33.200 2.800 0 175 0
44.800 33.600 1.600 0 175 0
44.800 33.600 2.000 0 175 0
44.800 33.600 2.400 0 175 0
44.800 33.600 2.800 0 175 0
44.800 33.600 3.200 0 175 0
44.800 34.000 2.000 0 175 0
44.800 34.000 2.400 0 175 0
44.800 34.000 2.800 0 175 0
44.800 34.400 0.400 0 175 0
44.800 34.400 1.600 0 175 0
44.800 34.800 1.200 0 175 0
44.800 34.800 1.600 0 175 0
44.800 34.800 2.000 0 175 0
44.800 35.200 0.000 0 175 0
44.800 35.200 0.400 0 175 0
44.800 35.200 0.800 0 175 0
44.800 35.200 1.200 0 175 0
44.800 35.200 1.600 0 175 0
44.800 35.200 2.000 0 175 0
44.800 35.600 0.400 0 175 0
44.800 35.600 0.800 0 175 0
44.800 35.600 1.200 0 175 0
44.800 35.600 1.600 0 175 0
44.800 35.600 2.000 0 175 0
44.800 36.000 0.000 0 175 0
44.800 36.000 1.200 0 175 0
44.800 36.400 1.600 0 175 0
44.800 36.400 2.000 0 175 0
44.800 36.800 2.000 0 175 0
44.800 36.800 2.400 0 175 0
44.800 37.200 2.000 0 175 0
44.800 37.200 2.400 0 175 0
44.800 37.600 1.200 0 175 0
44.800 37.600 1.600 0 175 0
44.800 37.600 2.000 0 175 0
44.800 37.600 2.400 0 175 0
44.800 37.600 2.800 0 175 0
44.800 38.000 1.200 0 175 0
44.800 42.000 2.000 0 175 0
44.800 42.000 2.400 0 175 0
45.200 12.400 1.200 255 200 0
45.200 12.400 1.600 255 200 0
45.200 12.400 2.000 255 200 0
45.200 12.400 2.400 255 200 0
45.200 12.400 2.800 255 200 0
45.200 12.800 1.600 255 200 0
45.200 14.000 1.200 0 175 0
45.200 15.600 1.600 0 175 0
45.200 16.400 2.000 0 175 0
45.200 16.400 2.400 0 175 0
45.200 16.400 2.800 0 175 0
45.200 16.800 1.600 0 175 0
45.200 16.800 2.000 0 175 0
45.200 16.800 2.400 0 175 0
45.200 16.800 2.800 0 175 0
45.200 17.200 1.200 0 175 0
45.200 17.200 1.600 0 175 0
45.200 17.200 2.000 0 175 0
45.200 17.200 2.400 0 175 0
45.200 17.200 2.800 0 175 0
45.200 17.200 3.200 0 175 0
45.200 17.600 1.200 0 175 0
45.200 17.600 1.600 0 175 0
45.200 17.600 2.000 0 175 0
45.200 17.600 2.400 0 175 0
45.200 17.600 2.800 0 175 0
45.200 17.600 3.200 0 175 0
45.200 18.000 0.800 0 175 0
45.200 18.000 1.200 0 175 0
45.200 18.000 1.600 0 175 0
45.200 18.000 2.000 0 175 0
45.200 18.000 2.400 0 175 0
45.200 18.000 2.800 0 175 0
45.200 18.000 3.200 0 175 0
45.200 18.400 0.800 0 175 0
45.200 18.400 1.200 0 175 0
45.200 18.400 2.800 0 175 0
45.200 18.800 0.800 0 175 0
45.200 18.800 1.200 0 175 0
45.200 18.800 1.600 0 175 0
45.200 18.800 2.000 0 175 0
45.200 18.800 2.400 0 175 0
45.200 18.800 2.800 0 175 0
45.200 19.200 0.800 0 175 0
45.200 19.200 1.200 0 175 0
45.200 19.200 1.600 0 175 0
45.200 19.200 2.000 0 175 0
45.200 19.200 2.400 0 175 0
45.200 19.200 2.800 0 175 0
45.200 19.600 0.800 255 120 50
45.200 19.600 1.200 0 175 0
45.200 19.600 1.600 0 175 0
45.200 19.600 2.000 0 175 0
45.200 19.600 2.400 0 175 0
45.200 19.600 2.800 0 175 0
45.200 20.000 0.800 75 0 75
45.200 20.400 0.800 75 0 75
45.200 20.800 0.400 75 0 75
45.200 21.200 0.400 75 0 75
45.200 22.000 0.400 75 0 75
45.200 22.400 0.400 255 0 255
45.200 22.800 0.400 255 0 255
45.200 23.200 0.400 255 0 255
45.200 23.600 0.400 255 0 255
45.200 24.000 0.400 255 0 255
45.200 24.400 0.400 255 0 255
45.200 24.800 0.400 255 0 255
45.200 25.200 0.400 255 0 255
45.200 25.600 0.400 255 0 255
45.200 26.000 0.400 255 0 255
45.200 26.400 0.800 100 150 245
45.200 26.400 1.200 100 150 245
45.200 26.400 1.600 100 150 245
45.200 26.800 1.600 100 150 245
45.200 27.200 0.800 100 150 245
45.200 27.200 1.600 100 150 245
45.200 27.200 2.400 100 150 245
45.200 27.600 0.800 100 150 245
45.200 27.600 1.200 100 150 245
45.200 28.000 0.800 255 0 255
45.200 28.400 0.800 0 175 0
45.200 28.800 0.800 0 175 0
45.200 28.800 2.800 0 175 0
45.200 29.200 0.800 0 175 0
45.200 29.200 2.400 0 175 0
45.200 29.200 2.800 0 175 0
45.200 29.600 0.800 0 175 0
45.200 29.600 1.200 0 175 0
45.200 29.600 2.400 0 175 0
45.200 29.600 2.800 0 175 0
45.200 30.000 0.800 0 175 0
45.200 30.000 1.200 0 175 0
45.200 30.000 1.600 0 175 0
45.200 30.000 2.000 0 175 0
45.200 30.400 0.800 0 175 0
45.200 30.400 1.200 0 175 0
45.200 30.800 0.800 0 175 0
45.200 30.800 1.200 0 175 0
45.200 30.800 2.400 0 175 0
45.200 31.200 0.800 0 175 0
45.200 31.200 1.200 0 175 0
45.200 31.600 0.800 0 175 0
45.200 31.600 1.200 0 175 0
45.200 32.000 0.800 0 175 0
45.200 32.400 1.200 0 175 0
45.200 32.800 1.200 0 175 0
45.200 33.200 2.000 0 175 0
45.200 34.400 0.400 0 175 0
45.200 34.400 1.200 0 175 0
45.200 34.400 1.600 0 175 0
45.200 34.400 2.000 0 175 0
45.200 34.800 0.800 0 175 0
45.200 34.800 1.200 0 175 0
45.200 34.800 1.600 0 175 0
45.200 34.800 2.000 0 175 0
45.200 34.800 2.400 0 175 0
45.200 35.200 0.400 0 175 0
45.200 35.200 0.800 0 175 0
45.200 35.200 1.200 0 175 0
45.200 35.200 1.600 0 175 0
45.200 35.200 2.000 0 175 0
45.200 35.200 2.400 0 175 0
45.200 35.600 1.200 0 175 0
45.200 35.600 1.600 0 175 0
45.200 35.600 2.000 0 175 0
45.200 36.000 1.200 0 175 0
45.200 36.000 2.800 0 175 0
45.200 36.400 2.400 0 175 0
45.200 36.800 2.400 0 175 0
45.200 36.800 2.800 0 175 0
45.200 37.200 2.400 0 175 0
45.200 37.600 1.200 0 175 0
45.200 37.600 1.600 0 175 0
45.200 37.600 2.000 0 175 0
45.200 37.600 2.800 0 175 0
45.200 38.000 0.800 0 175 0
45.200 38.000 1.200 0 175 0
45.200 38.000 1.600 0 175 0
45.200 38.000 2.000 0 175 0
45.200 38.000 2.400 0 175 0
45.600 11.200 2.400 255 200 0
45.600 12.400 2.000 255 200 0
45.600 12.800 2.000 255 200 0
45.600 15.200 1.200 0 175 0
45.600 15.600 1.600 0 175 0
45.600 15.600 2.000 0 175 0
45.600 15.600 2.800 0 175 0
45.600 16.000 1.600 0 175 0
45.600 16.000 2.400 0 175 0
45.600 16.000 2.800 0 175 0
45.600 16.400 1.200 0 175 0
45.600 16.400 1.600 0 175 0
45.600 16.400 2.000 0 175 0
45.600 16.400 2.400 0 175 0
45.600 16.400 3.200 0 175 0
45.600 16.800 1.200 0 175 0
45.600 16.800 1.600 0 175 0
45.600 16.800 2.000 0 175 0
45.600 16.800 2.400 0 175 0
45.600 16.800 2.800 0 175 0
45.600 17.200 0.800 0 175 0
45.600 17.200 1.200 0 175 0
45.600 17.200 1.600 0 175 0
45.600 17.200 2.000 0 175 0
45.600 17.200 2.400 0 175 0
45.600 17.200 2.800 0 175 0
45.600 17.600 1.200 0 175 0
45.600 17.600 1.600 0 175 0
45.600 17.600 2.000 0 175 0
45.600 17.600 2.400 0 175 0
45.600 17.600 2.800 0 175 0
45.600 17.600 3.200 0 175 0
45.600 18.000 0.800 0 175 0
45.600 18.000 1.200 0 175 0
45.600 18.000 1.600 0 175 0
45.600 18.000 2.000 0 175 0
45.600 18.000 2.400 0 175 0
45.600 18.000 2.800 0 175 0
45.600 18.400 0.800 0 175 0
45.600 18.800 0.800 0 175 0
45.600 18.800 2.400 0 175 0
45.600 19.200 0.800 255 200 0
45.600 19.200 1.200 0 175 0
45.600 19.200 1.600 0 175 0
45.600 19.200 2.000 0 175 0
45.600 19.200 2.400 0 175 0
45.600 19.200 2.800 0 175 0
45.600 19.600 0.800 255 120 50
45.600 19.600 1.200 255 120 50
45.600 19.600 1.600 255 120 50
45.600 19.600 2.000 0 175 0
45.600 19.600 2.400 0 175 0
45.600 19.600 2.800 0 175 0
45.600 20.000 0.800 75 0 75
45.600 20.400 0.800 75 0 75
45.600 21.200 0.400 75 0 75
45.600 21.600 0.400 75 0 75
45.600 22.000 0.400 75 0 75
45.600 22.400 0.400 255 0 255
45.600 22.800 0.400 255 0 255
45.600 23.200 0.400 255 0 255
45.600 23.600 0.400 255 0 255
45.600 24.000 0.400 255 0 255
45.600 24.400 0.400 255 0 255
45.600 25.200 0.400 255 0 255
45.600 25.600 0.400 255 0 255
45.600 26.000 0.400 255 0 255
45.600 26.400 1.200 100 150 245
45.600 26.800 1.200 100 150 245
45.600 27.200 0.800 100 150 245
45.600 27.200 1.200 100 150 245
45.600 27.600 0.800 100 150 245
45.600 27.600 1.200 100 150 245
45.600 28.000 0.800 255 0 255
45.600 28.400 0.800 0 175 0
45.600 28.800 0.800 0 175 0
45.600 28.800 2.400 0 175 0
45.600 28.800 2.800 0 175 0
45.600 29.200 0.800 0 175 0
45.600 29.200 1.600 0 175 0
45.600 29.200 2.000 0 175 0
45.600 29.200 2.400 0 175 0
45.600 29.200 2.800 0 175 0
45.600 29.600 0.800 0 175 0
45.600 29.600 1.200 0 175 0
45.600 29.600 1.600 0 175 0
45.600 29.600 2.000 0 175 0
45.600 29.600 2.400 0 175 0
45.600 29.600 2.800 0 175 0
45.600 30.000 0.800 0 175 0
45.600 30.000 1.200 0 175 0
45.600 30.000 1.600 0 175 0
45.600 30.000 2.000 0 175 0
45.600 30.400 0.800 0 175 0
45.600 30.400 1.200 0 175 0
45.600 30.800 0.800 0 175 0
45.600 30.800 1.200 0 175 0
45.600 31.200 0.800 0 175 0
45.600 31.600 0.800 0 175 0
45.600 32.000 0.800 135 60 0
45.600 32.000 1.200 135 60 0
45.600 32.000 1.600 135 60 0
45.600 32.000 2.000 135 60 0
45.600 32.000 2.400 135 60 0
45.600 32.000 2.800 135 60 0
45.600 32.400 0.800 0 175 0
45.600 32.400 1.200 0 175 0
45.600 32.400 1.600 0 175 0
45.600 32.400 2.000 135 60 0
45.600 32.400 2.400 135 60 0
45.600 32.400 2.800 135 60 0
45.600 32.800 1.200 0 175 0
45.600 32.800 1.600 0 175 0
45.600 32.800 2.000 0 175 0
45.600 32.800 2.400 0 175 0
45.600 32.800 2.800 0 175 0
45.600 33.200 2.000 0 175 0
45.600 33.200 2.400 0 175 0
45.600 33.200 2.800 0 175 0
45.600 33.200 3.200 0 175 0
45.600 34.000 1.600 0 175 0
45.600 34.400 0.400 0 175 0
45.600 34.400 1.200 0 175 0
45.600 34.400 1.600 0 175 0
45.600 34.400 2.000 0 175 0
45.600 34.400 2.800 0 175 0
45.600 34.800 0.400 0 175 0
45.600 34.800 0.800 0 175 0
45.600 34.800 1.200 0 175 0
45.600 34.800 1.600 0 175 0
45.600 34.800 2.000 0 175 0
45.600 34.800 2.400 0 175 0
45.600 35.200 0.000 0 175 0
45.600 35.200 0.400 0 175 0
45.600 35.200 0.800 0 175 0
45.600 35.200 1.200 0 175 0
45.600 35.200 1.600 0 175 0
45.600 35.200 2.000 0 175 0
45.600 35.200 2.400 0 175 0
45.600 35.600 1.600 0 175 0
45.600 35.600 2.000 0 175 0
45.600 35.600 2.400 0 175 0
45.600 35.600 2.800 0 175 0
45.600 36.000 2.800 0 175 0
45.600 36.000 3.200 0 175 0
45.600 36.400 1.200 0 175 0
45.600 36.400 2.400 0 175 0
45.600 36.400 2.800 0 175 0
45.600 36.800 2.400 0 175 0
45.600 36.800 2.800 0 175 0
45.600 36.800 3.200 0 175 0
45.600 37.200 1.600 0 175 0
45.600 37.200 2.400 0 175 0
45.600 37.200 2.800 0 175 0
45.600 37.600 1.200 0 175 0
45.600 37.600 1.600 0 175 0
45.600 37.600 2.400 0 175 0
45.600 37.600 2.800 0 175 0
45.600 38.000 1.200 0 175 0
45.600 38.000 1.600 0 175 0
45.600 38.000 2.400 0 175 0
46.000 12.400 2.000 255 200 0
46.000 12.400 2.800 255 200 0
46.000 12.800 1.200 255 200 0
46.000 12.800 1.600 255 200 0
46.000 12.800 2.000 255 200 0
46.000 13.200 2.000 255 200 0
46.000 13.600 1.600 255 200 0
46.000 14.400 1.200 0 175 0
46.000 14.400 2.000 0 175 0
46.000 14.800 1.200 0 175 0
46.000 14.800 1.600 0 175 0
46.000 14.800 2.000 0 175 0
46.000 14.800 2.800 0 175 0
46.000 15.200 1.200 0 175 0
46.000 15.200 1.600 0 175 0
46.000 15.200 2.400 0 175 0
46.000 15.200 2.800 0 175 0
46.000 15.600 1.200 0 175 0
46.000 15.600 1.600 0 175 0
46.000 15.600 2.800 0 175 0
46.000 16.000 1.200 0 175 0
46.000 16.000 1.600 0 175 0
46.000 16.000 2.400 0 175 0
46.000 16.000 2.800 0 175 0
46.000 16.400 1.200 0 175 0
46.000 16.400 1.600 0 175 0
46.000 16.400 2.000 0 175 0
46.000 16.800 0.800 0 175 0
46.000 16.800 1.200 0 175 0
46.000 16.800 1.600 0 175 0
46.000 16.800 2.400 0 175 0
46.000 16.800 2.800 0 175 0
46.000 17.200 0.800 0 175 0
46.000 17.200 1.200 0 175 0
46.000 17.200 1.600 0 175 0
46.000 17.200 2.000 0 175 0
46.000 17.200 2.400 0 175 0
46.000 17.200 2.800 0 175 0
46.000 17.600 0.800 0 175 0
46.000 17.600 1.200 0 175 0
46.000 17.600 1.600 0 175 0
46.000 17.600 2.400 0 175 0
46.000 17.600 2.800 0 175 0
46.000 18.000 0.800 0 175 0
46.000 18.000 2.800 0 175 0
46.000 18.400 0.800 0 175 0
46.000 18.800 0.800 255 200 0
46.000 19.200 0.800 75 0 75
46.000 19.600 0.800 255 120 50
46.000 19.600 1.200 255 120 50
46.000 19.600 1.600 255 120 50
46.000 19.600 2.000 255 120 50
46.000 20.000 0.800 75 0 75
46.000 20.400 0.800 75 0 75
46.000 21.200 0.400 75 0 75
46.000 21.600 0.400 75 0 75
46.000 22.000 0.400 75 0 75
46.000 22.400 0.400 255 0 255
46.000 22.800 0.400 255 0 255
46.000 23.200 0.400 255 0 255
46.000 23.600 0.400 255 0 255
46.000 24.000 0.400 255 0 255
46.000 24.400 0.400 255 0 255
46.000 24.800 0.400 255 0 255
46.000 25.200 0.400 255 0 255
46.000 25.600 0.400 255 0 255
46.000 26.000 0.400 255 0 255
46.000 28.000 0.800 0 175 0
46.000 28.400 0.800 0 175 0
46.000 28.800 0.800 0 175 0
46.000 28.800 2.000 0 175 0
46.000 29.200 0.800 0 175 0
46.000 29.200 1.600 0 175 0
46.000 29.200 2.000 0 175 0
46.000 29.200 2.400 0 175 0
46.000 29.200 2.800 0 175 0
46.000 29.600 0.800 0 175 0
46.000 29.600 1.200 0 175 0
46.000 29.600 1.600 0 175 0
46.000 29.600 2.000 0 175 0
46.000 29.600 2.400 0 175 0
46.000 29.600 2.800 0 175 0
46.000 29.600 3.200 0 175 0
46.000 30.000 0.800 0 175 0
46.000 30.000 1.200 0 175 0
46.000 30.000 1.600 0 175 0
46.000 30.000 2.000 0 175 0
46.000 30.000 2.400 0 175 0
46.000 30.400 0.800 0 175 0
46.000 30.800 0.800 0 175 0
46.000 30.800 1.200 0 175 0
46.000 31.200 0.800 0 175 0
46.000 31.200 1.200 0 175 0
46.000 31.600 0.800 0 175 0
46.000 32.000 0.800 0 175 0
46.000 32.000 1.200 135 60 0
46.000 32.000 2.400 135 60 0
46.000 32.000 2.800 0 175 0
46.000 32.400 0.800 135 60 0
46.000 32.400 1.200 135 60 0
46.000 32.400 1.600 135 60 0
46.000 32.400 2.000 135 60 0
46.000 32.400 2.400 135 60 0
46.000 32.400 2.800 0 175 0
46.000 32.800 1.600 135 60 0
46.000 32.800 2.000 135 60 0
46.000 32.800 2.400 135 60 0
46.000 32.800 2.800 135 60 0
46.000 33.200 2.400 0 175 0
46.000 33.200 2.800 0 175 0
46.000 33.600 2.400 0 175 0
46.000 33.600 2.800 0 175 0
46.000 34.000 0.800 0 175 0
46.000 34.400 0.400 0 175 0
46.000 34.400 0.800 0 175 0
46.000 34.400 1.200 0 175 0
46.000 34.400 1.600 0 175 0
46.000 34.400 2.000 0 175 0
46.000 34.400 2.800 0 175 0
46.000 34.800 0.400 0 175 0
46.000 34.800 0.800 0 175 0
46.000 34.800 1.200 0 175 0
46.000 34.800 1.600 0 175 0
46.000 34.800 2.000 0 175 0
46.000 34.800 2.800 0 175 0
46.000 35.200 1.200 0 175 0
46.000 35.200 2.000 0 175 0
46.000 35.600 1.200 0 175 0
46.000 35.600 1.600 0 175 0
46.000 36.000 1.200 0 175 0
46.000 36.400 2.400 0 175 0
46.000 36.800 2.000 0 175 0
46.000 36.800 2.400 0 175 0
46.000 37.200 1.600 0 175 0
46.000 37.200 2.000 0 175 0
46.000 37.200 2.400 0 175 0
46.000 37.600 1.600 0 175 0
46.000 37.600 2.000 0 175 0
46.000 38.000 1.600 0 175 0
46.000 38.000 2.000 0 175 0
46.000 40.400 2.800 0 175 0
46.000 40.800 2.400 0 175 0
46.000 40.800 2.800 0 175 0
46.400 12.800 1.200 0 175 0
46.400 12.800 2.000 255 200 0
46.400 12.800 2.400 255 200 0
46.400 12.800 2.800 255 200 0
46.400 13.200 1.200 255 200 0
46.400 13.200 1.600 255 200 0
46.400 13.200 2.000 255 200 0
46.400 13.600 1.600 255 200 0
46.400 13.600 2.000 255 200 0
46.400 14.000 1.600 0 175 0
46.400 14.000 2.400 255 200 0
46.400 14.400 1.200 0 175 0
46.400 14.400 1.600 0 175 0
46.400 14.400 2.400 0 175 0
46.400 14.400 2.800 0 175 0
46.400 14.800 1.200 0 175 0
46.400 14.800 1.600 0 175 0
46.400 14.800 2.800 0 175 0
46.400 15.200 1.200 0 175 0
46.400 15.200 1.600 0 175 0
46.400 15.200 2.000 0 175 0
46.400 15.200 2.400 0 175 0
46.400 15.200 2.800 0 175 0
46.400 15.600 1.200 0 175 0
46.400 15.600 1.600 0 175 0
46.400 15.600 2.400 0 175 0
46.400 15.600 2.800 0 175 0
46.400 16.000 1.200 0 175 0
46.400 16.000 1.600 0 175 0
46.400 16.000 2.000 0 175 0
46.400 16.400 1.200 0 175 0
46.400 16.400 1.600 0 175 0
46.400 16.400 2.000 0 175 0
46.400 16.400 2.800 0 175 0
46.400 16.800 0.800 0 175 0
46.400 16.800 1.200 0 175 0
46.400 16.800 1.600 0 175 0
46.400 16.800 2.000 0 175 0
46.400 16.800 2.400 0 175 0
46.400 16.800 2.800 0 175 0
46.400 17.200 0.800 0 175 0
46.400 17.200 1.200 0 175 0
46.400 17.200 1.600 0 175 0
46.400 17.200 2.000 0 175 0
46.400 17.200 2.400 0 175 0
46.400 17.200 2.800 0 175 0
46.400 17.600 0.800 0 175 0
46.400 17.600 2.000 0 175 0
46.400 17.600 2.400 0 175 0
46.400 17.600 2.800 0 175 0
46.400 18.000 0.400 255 200 0
46.400 18.000 0.800 255 200 0
46.400 18.000 2.400 0 175 0
46.400 18.400 0.400 75 0 75
46.400 18.400 0.800 255 200 0
46.400 19.200 0.800 75 0 75
46.400 19.200 1.200 75 0 75
46.400 19.600 0.800 255 120 50
46.400 19.600 1.200 255 120 50
46.400 19.600 1.600 255 120 50
46.400 20.000 0.800 75 0 75
46.400 20.400 0.800 75 0 75
46.400 21.200 0.400 75 0 75
46.400 21.600 0.400 75 0 75
46.400 22.000 0.400 75 0 75
46.400 22.400 0.400 255 0 255
46.400 22.800 0.400 255 0 255
46.400 23.200 0.400 255 0 255
46.400 23.600 0.400 255 0 255
46.400 24.000 0.400 255 0 255
46.400 24.400 0.400 255 0 255
46.400 24.800 0.400 255 0 255
46.400 25.200 0.400 255 0 255
46.400 25.600 0.400 255 0 255
46.400 26.000 0.400 255 0 255
46.400 28.000 0.800 0 175 0
46.400 28.400 0.800 0 175 0
46.400 28.800 0.800 0 175 0
46.400 29.200 0.800 0 175 0
46.400 29.200 1.600 0 175 0
46.400 29.200 2.000 0 175 0
46.400 29.200 2.400 0 175 0
46.400 29.200 2.800 0 175 0
46.400 29.600 0.800 0 175 0
46.400 29.600 1.200 0 175 0
46.400 29.600 1.600 0 175 0
46.400 29.600 2.400 0 175 0
46.400 30.000 0.800 0 175 0
46.400 30.000 1.200 0 175 0
46.400 30.000 1.600 0 175 0
46.400 30.400 0.800 0 175 0
46.400 30.400 1.200 0 175 0
46.400 30.800 0.800 0 175 0
46.400 30.800 1.200 0 175 0
46.400 31.200 0.800 0 175 0
46.400 31.600 0.800 135 60 0
46.400 32.000 0.800 0 175 0
46.400 32.000 2.800 0 175 0
46.400 32.400 0.800 135 60 0
46.400 32.400 1.200 135 60 0
46.400 32.800 1.200 135 60 0
46.400 32.800 1.600 135 60 0
46.400 32.800 2.000 135 60 0
46.400 32.800 2.400 0 175 0
46.400 32.800 2.800 0 175 0
46.400 32.800 3.200 0 175 0
46.400 33.200 2.400 135 60 0
46.400 33.200 2.800 135 60 0
46.400 33.200 3.200 135 60 0
46.400 33.600 0.400 0 175 0
46.400 33.600 2.800 135 60 0
46.400 33.600 3.200 135 60 0
46.400 35.200 1.200 0 175 0
46.400 36.800 2.800 0 175 0
46.400 37.200 2.800 0 175 0
46.400 37.600 2.000 0 175 0
46.400 38.000 1.600 0 175 0
46.400 38.000 3.200 0 175 0
46.400 40.000 2.800 0 175 0
46.400 40.000 3.200 0 175 0
46.400 40.400 2.400 0 175 0
46.400 40.400 3.200 0 175 0
46.400 41.600 1.600 0 175 0
46.400 42.000 1.600 0 175 0
46.800 13.200 2.800 255 200 0
46.800 13.600 1.200 0 175 0
46.800 13.600 1.600 0 175 0
46.800 13.600 2.000 0 175 0
46.800 13.600 2.400 0 175 0
46.800 13.600 2.800 0 175 0
46.800 14.000 1.600 0 175 0
46.800 14.000 2.400 0 175 0
46.800 14.400 0.800 0 175 0
46.800 14.400 1.200 0 175 0
46.800 14.800 1.200 0 175 0
46.800 14.800 1.600 0 175 0
46.800 14.800 2.000 0 175 0
46.800 14.800 2.400 0 175 0
46.800 14.800 2.800 0 175 0
46.800 15.200 1.200 0 175 0
46.800 15.200 1.600 0 175 0
46.800 15.200 2.000 0 175 0
46.800 15.600 1.200 0 175 0
46.800 15.600 1.600 0 175 0
46.800 15.600 2.800 0 175 0
46.800 16.000 1.200 0 175 0
46.800 16.000 1.600 0 175 0
46.800 16.400 0.800 0 175 0
46.800 16.400 1.200 0 175 0
46.800 16.400 1.600 0 175 0
46.800 16.400 2.000 0 175 0
46.800 16.400 2.400 0 175 0
46.800 16.400 2.800 0 175 0
46.800 16.800 0.800 0 175 0
46.800 16.800 1.200 0 175 0
46.800 16.800 1.600 0 175 0
46.800 16.800 2.000 0 175 0
46.800 16.800 2.400 0 175 0
46.800 16.800 2.800 0 175 0
46.800 16.800 3.200 0 175 0
46.800 17.200 0.800 0 175 0
46.800 17.200 1.200 0 175 0
46.800 17.200 1.600 0 175 0
46.800 17.200 2.000 0 175 0
46.800 17.200 2.400 0 175 0
46.800 17.200 2.800 0 175 0
46.800 17.200 3.200 0 175 0
46.800 17.600 0.400 255 200 0
46.800 17.600 0.800 255 200 0
46.800 17.600 2.000 0 175 0
46.800 17.600 2.400 0 175 0
46.800 17.600 2.800 0 175 0
46.800 18.000 0.400 75 0 75
46.800 18.000 2.800 0 175 0
46.800 18.400 0.400 75 0 75
46.800 19.200 0.800 75 0 75
46.800 19.200 1.200 75 0 75
46.800 19.600 0.800 255 120 50
46.800 19.600 1.200 255 120 50
46.800 19.600 1.600 255 120 50
46.800 20.000 0.800 75 0 75
46.800 20.400 0.800 75 0 75
46.800 20.800 0.800 75 0 75
46.800 21.600 0.400 75 0 75
46.800 22.000 0.400 75 0 75
46.800 22.400 0.400 255 0 255
46.800 22.800 0.400 255 0 255
46.800 23.200 0.400 255 0 255
46.800 23.600 0.400 255 0 255
46.800 24.000 0.400 255 0 255
46.800 24.400 0.400 255 0 255
46.800 24.800 0.400 255 0 255
46.800 25.200 0.400 255 0 255
46.800 25.600 0.400 255 0 255
46.800 26.000 0.400 255 0 255
46.800 28.000 0.800 0 175 0
46.800 28.400 0.800 0 175 0
46.800 28.800 0.800 0 175 0
46.800 29.200 0.800 0 175 0
46.800 29.200 2.000 0 175 0
46.800 29.200 2.800 0 175 0
46.800 29.600 0.800 0 175 0
46.800 30.000 0.800 0 175 0
46.800 30.000 1.200 0 175 0
46.800 30.400 0.800 0 175 0
46.800 30.400 1.200 0 175 0
46.800 30.800 0.800 0 175 0
46.800 30.800 1.200 0 175 0
46.800 31.200 0.800 0 175 0
46.800 31.600 0.800 0 175 0
46.800 31.600 1.200 0 175 0
46.800 32.000 0.800 0 175 0
46.800 32.000 1.200 0 175 0
46.800 32.400 0.800 135 60 0
46.800 32.400 1.200 135 60 0
46.800 32.800 0.800 135 60 0
46.800 32.800 1.200 135 60 0
46.800 32.800 1.600 135 60 0
46.800 32.800 2.000 135 60 0
46.800 32.800 2.400 135 60 0
46.800 32.800 2.800 135 60 0
46.800 33.200 1.600 135 60 0
46.800 33.200 2.000 135 60 0
46.800 33.200 2.400 135 60 0
46.800 33.200 2.800 135 60 0
46.800 33.600 2.000 0 175 0
46.800 33.600 2.400 0 175 0
46.800 33.600 2.800 0 175 0
46.800 34.000 2.400 0 175 0
46.800 34.400 2.000 0 175 0
46.800 34.400 2.400 0 175 0
46.800 34.800 2.400 0 175 0
46.800 35.200 2.800 0 175 0
46.800 35.600 2.800 0 175 0
46.800 36.000 2.800 0 175 0
46.800 36.400 2.800 0 175 0
46.800 36.800 2.800 0 175 0
46.800 38.400 3.200 0 175 0
46.800 40.000 2.400 0 175 0
46.800 40.000 2.800 0 175 0
46.800 40.000 3.200 0 175 0
46.800 40.400 1.200 0 175 0
46.800 40.400 1.600 0 175 0
46.800 40.400 2.000 0 175 0
46.800 41.600 2.400 0 175 0
46.800 42.000 1.600 0 175 0
46.800 42.000 2.000 0 175 0
46.800 42.000 2.400 0 175 0
47.200 13.600 1.200 0 175 0
47.200 13.600 1.600 0 175 0
47.200 13.600 2.000 0 175 0
47.200 13.600 2.400 0 175 0
47.200 13.600 2.800 0 175 0
47.200 14.000 1.600 0 175 0
47.200 14.000 2.000 0 175 0
47.200 14.000 2.400 0 175 0
47.200 14.000 2.800 0 175 0
47.200 14.400 1.200 255 200 0
47.200 14.800 0.800 0 175 0
47.200 14.800 1.200 0 175 0
47.200 14.800 1.600 0 175 0
47.200 15.200 0.800 0 175 0
47.200 15.200 1.200 0 175 0
47.200 15.600 0.800 0 175 0
47.200 16.000 0.800 0 175 0
47.200 16.000 1.600 0 175 0
47.200 16.000 2.800 0 175 0
47.200 16.400 0.800 0 175 0
47.200 16.400 1.200 0 175 0
47.200 16.400 1.600 0 175 0
47.200 16.400 2.000 0 175 0
47.200 16.400 2.400 0 175 0
47.200 16.400 2.800 0 175 0
47.200 16.800 0.400 255 200 0
47.200 16.800 0.800 255 200 0
47.200 16.800 1.600 0 175 0
47.200 16.800 2.000 0 175 0
47.200 16.800 2.400 0 175 0
47.200 16.800 2.800 0 175 0
47.200 17.200 0.400 75 0 75
47.200 17.200 0.800 255 200 0
47.200 17.200 2.000 0 175 0
47.200 17.200 2.400 0 175 0
47.200 17.200 2.800 0 175 0
47.200 17.600 0.400 75 0 75
47.200 17.600 2.400 0 175 0
47.200 17.600 2.800 0 175 0
47.200 18.000 0.400 75 0 75
47.200 18.400 0.400 75 0 75
47.200 19.200 0.800 75 0 75
47.200 19.200 1.200 75 0 75
47.200 19.600 0.800 255 120 50
47.200 19.600 1.200 255 120 50
47.200 19.600 1.600 255 120 50
47.200 20.000 0.800 75 0 75
47.200 20.400 0.800 75 0 75
47.200 21.600 0.400 75 0 75
47.200 22.000 0.400 75 0 75
47.200 22.400 0.400 255 0 255
47.200 24.800 0.400 255 0 255
47.200 25.200 0.400 255 0 255
47.200 26.000 0.400 255 0 255
47.200 28.000 0.800 0 175 0
47.200 28.400 0.800 0 175 0
47.200 28.800 0.800 0 175 0
47.200 29.200 0.800 0 175 0
47.200 29.600 0.800 0 175 0
47.200 30.000 0.800 0 175 0
47.200 30.400 0.800 0 175 0
47.200 30.800 0.800 0 175 0
47.200 31.200 0.800 0 175 0
47.200 31.200 1.200 0 175 0
47.200 31.600 0.800 0 175 0
47.200 31.600 1.200 0 175 0
47.200 32.000 0.800 0 175 0
47.200 32.000 1.200 0 175 0
47.200 32.000 1.600 0 175 0
47.200 32.400 1.200 0 175 0
47.200 32.400 1.600 0 175 0
47.200 32.400 2.400 0 175 0
47.200 32.400 2.800 0 175 0
47.200 32.800 0.800 0 175 0
47.200 32.800 1.600 0 175 0
47.200 32.800 2.400 135 60 0
47.200 32.800 2.800 135 60 0
47.200 32.800 3.200 135 60 0
47.200 33.200 0.400 0 175 0
47.200 33.200 0.800 0 175 0
47.200 33.200 1.200 0 175 0
47.200 33.200 1.600 135 60 0
47.200 33.200 2.000 135 60 0
47.200 33.200 2.800 0 175 0
47.200 33.200 3.200 135 60 0
47.200 33.600 0.400 0 175 0
47.200 33.600 2.000 135 60 0
47.200 33.600 2.400 0 175 0
47.200 34.000 1.200 0 175 0
47.200 34.000 2.000 0 175 0
47.200 34.000 2.400 0 175 0
47.200 34.400 1.200 0 175 0
47.200 34.400 1.600 0 175 0
47.200 34.400 2.000 0 175 0
47.200 34.800 1.200 0 175 0
47.200 34.800 1.600 0 175 0
47.200 36.400 3.200 0 175 0
47.200 40.400 1.600 0 175 0
47.200 40.800 1.200 0 175 0
47.200 40.800 1.600 0 175 0
47.200 40.800 3.200 0 175 0
47.200 41.200 2.800 0 175 0
47.200 41.200 3.200 0 175 0
47.200 41.600 3.200 0 175 0
47.200 42.000 1.200 0 175 0
47.200 42.000 2.800 0 175 0
47.200 42.400 0.800 0 175 0
47.200 42.400 2.800 0 175 0
47.600 13.600 1.600 0 175 0
47.600 14.000 1.200 0 175 0
47.600 14.000 1.600 0 175 0
47.600 14.000 2.000 0 175 0
47.600 14.000 2.400 0 175 0
47.600 14.000 2.800 0 175 0
47.600 14.400 1.200 255 200 0
47.600 14.400 2.000 0 175 0
47.600 14.800 0.800 0 175 0
47.600 14.800 1.200 0 175 0
47.600 14.800 1.600 255 200 0
47.600 15.200 0.800 0 175 0
47.600 15.600 0.800 0 175 0
47.600 16.000 0.800 255 200 0
47.600 16.000 2.400 0 175 0
47.600 16.000 2.800 0 175 0
47.600 16.400 0.400 255 200 0
47.600 16.400 0.800 255 200 0
47.600 16.400 2.000 0 175 0
47.600 16.400 2.400 0 175 0
47.600 16.400 2.800 0 175 0
47.600 16.800 2.000 0 175 0
47.600 16.800 2.400 0 175 0
47.600 16.800 2.800 0 175 0
47.600 17.200 0.400 75 0 75
47.600 17.200 2.400 0 175 0
47.600 17.600 0.400 75 0 75
47.600 18.000 0.400 75 0 75
47.600 18.400 0.400 75 0 75
47.600 19.200 0.800 75 0 75
47.600 19.200 1.200 75 0 75
47.600 19.600 0.800 255 120 50
47.600 19.600 1.200 255 120 50
47.600 19.600 1.600 255 120 50
47.600 19.600 2.000 255 120 50
47.600 20.000 0.800 75 0 75
47.600 20.400 0.800 75 0 75
47.600 21.600 0.400 75 0 75
47.600 22.000 0.400 255 0 255
47.600 24.000 0.400 255 0 255
47.600 24.400 0.400 255 0 255
47.600 24.800 0.400 255 0 255
47.600 25.200 0.400 255 0 255
47.600 25.600 0.400 255 0 255
47.600 26.000 0.400 255 0 255
47.600 28.000 0.800 0 175 0
47.600 28.400 0.800 0 175 0
47.600 28.800 0.800 0 175 0
47.600 29.200 0.800 0 175 0
47.600 29.600 0.800 0 175 0
47.600 29.600 1.200 0 175 0
47.600 30.000 0.800 0 175 0
47.600 30.400 0.800 0 175 0
47.600 30.400 2.400 0 175 0
47.600 30.800 0.800 0 175 0
47.600 30.800 1.200 0 175 0
47.600 30.800 2.400 0 175 0
47.600 31.200 0.800 0 175 0
47.600 31.200 1.200 0 175 0
47.600 31.600 0.400 0 175 0
47.600 31.600 0.800 0 175 0
47.600 31.600 1.200 0 175 0
47.600 32.000 0.400 0 175 0
47.600 32.000 1.200 0 175 0
47.600 32.400 1.600 0 175 0
47.600 32.400 2.000 0 175 0
47.600 32.400 2.800 0 175 0
47.600 32.800 0.400 0 175 0
47.600 32.800 0.800 0 175 0
47.600 32.800 1.200 0 175 0
47.600 32.800 1.600 0 175 0
47.600 32.800 2.000 0 175 0
47.600 32.800 2.400 0 175 0
47.600 32.800 2.800 0 175 0
47.600 32.800 3.200 0 175 0
47.600 33.200 0.400 0 175 0
47.600 33.200 0.800 0 175 0
47.600 33.200 1.200 0 175 0
47.600 33.200 1.600 0 175 0
47.600 33.200 2.000 0 175 0
47.600 33.200 2.400 0 175 0
47.600 33.200 3.200 0 175 0
47.600 33.600 0.800 0 175 0
47.600 33.600 1.200 0 175 0
47.600 33.600 1.600 0 175 0
47.600 33.600 2.000 0 175 0
47.600 33.600 2.400 0 175 0
47.600 34.000 0.800 0 175 0
47.600 34.000 1.200 0 175 0
47.600 34.000 1.600 0 175 0
47.600 34.000 2.000 0 175 0
47.600 34.000 2.400 0 175 0
47.600 34.000 2.800 0 175 0
47.600 34.000 3.200 0 175 0
47.600 34.400 1.200 0 175 0
47.600 34.400 1.600 0 175 0
47.600 34.400 2.000 0 175 0
47.600 34.400 2.400 0 175 0
47.600 34.400 2.800 0 175 0
47.600 34.800 1.200 0 175 0
47.600 34.800 1.600 0 175 0
47.600 34.800 2.400 0 175 0
47.600 35.200 1.200 0 175 0
47.600 37.600 3.200 0 175 0
47.600 38.000 3.200 0 175 0
47.600 38.800 1.600 0 175 0
47.600 38.800 2.000 0 175 0
47.600 40.400 2.400 0 175 0
47.600 40.800 1.600 0 175 0
47.600 40.800 2.400 0 175 0
47.600 40.800 2.800 0 175 0
47.600 41.200 1.600 0 175 0
47.600 41.200 2.800 0 175 0
47.600 41.600 2.000 0 175 0
47.600 42.000 0.800 0 175 0
47.600 42.000 1.200 0 175 0
47.600 42.400 2.000 0 175 0
47.600 42.400 2.400 0 175 0
47.600 42.400 2.800 0 175 0
47.600 42.400 3.200 0 175 0
47.600 42.800 2.000 0 175 0
48.000 4.000 3.600 255 200 0
48.000 14.000 1.200 0 175 0
48.000 14.000 1.600 0 175 0
48.000 14.000 2.000 0 175 0
48.000 14.000 2.400 0 175 0
48.000 14.000 2.800 0 175 0
48.000 14.400 1.200 0 175 0
48.000 14.400 1.600 0 175 0
48.000 14.400 2.000 0 175 0
48.000 14.400 2.400 0 175 0
48.000 14.400 2.800 0 175 0
48.000 14.800 0.400 255 200 0
48.000 14.800 0.800 255 200 0
48.000 15.200 0.400 0 175 0
48.000 15.200 0.800 0 175 0
48.000 15.600 0.000 255 200 0
48.000 15.600 0.400 255 200 0
48.000 15.600 0.800 255 200 0
48.000 16.000 0.400 255 200 0
48.000 16.000 0.800 255 200 0
48.000 17.200 0.400 75 0 75
48.000 17.600 0.400 75 0 75
48.000 18.000 0.400 75 0 75
48.000 18.400 0.400 75 0 75
48.000 19.200 0.800 75 0 75
48.000 19.200 1.600 255 120 50
48.000 19.600 0.800 255 120 50
48.000 19.600 1.200 255 120 50
48.000 19.600 1.600 255 120 50
48.000 20.000 0.800 75 0 75
48.000 20.400 0.800 75 0 75
48.000 20.800 0.800 75 0 75
48.000 21.600 0.400 75 0 75
48.000 22.000 0.400 75 0 75
48.000 24.800 0.400 255 0 255
48.000 25.200 0.400 255 0 255
48.000 25.600 0.400 255 0 255
48.000 26.000 0.400 255 0 255
48.000 28.000 0.800 0 175 0
48.000 28.400 0.800 0 175 0
48.000 28.800 0.800 0 175 0
48.000 29.200 0.800 0 175 0
48.000 29.200 1.200 0 175 0
48.000 29.200 1.600 0 175 0
48.000 29.600 0.800 0 175 0
48.000 29.600 1.200 0 175 0
48.000 30.000 0.800 0 175 0
48.000 30.000 1.200 0 175 0
48.000 30.400 0.800 0 175 0
48.000 30.400 1.200 0 175 0
48.000 30.400 2.400 0 175 0
48.000 30.800 0.800 0 175 0
48.000 30.800 1.200 0 175 0
48.000 30.800 2.400 0 175 0
48.000 31.200 0.800 0 175 0
48.000 31.600 0.400 0 175 0
48.000 31.600 2.000 0 175 0
48.000 32.000 0.400 0 175 0
48.000 32.000 2.000 0 175 0
48.000 32.400 0.400 0 175 0
48.000 32.400 1.600 0 175 0
48.000 32.400 2.000 0 175 0
48.000 32.400 2.400 0 175 0
48.000 32.400 2.800 0 175 0
48.000 32.400 3.200 0 175 0
48.000 32.800 0.400 0 175 0
48.000 32.800 0.800 0 175 0
48.000 32.800 1.600 0 175 0
48.000 32.800 2.000 0 175 0
48.000 32.800 2.400 0 175 0
48.000 32.800 2.800 0 175 0
48.000 32.800 3.200 0 175 0
48.000 33.200 0.400 0 175 0
48.000 33.200 0.800 0 175 0
48.000 33.200 1.200 0 175 0
48.000 33.200 1.600 0 175 0
48.000 33.200 2.000 0 175 0
48.000 33.200 2.400 0 175 0
48.000 33.200 2.800 0 175 0
48.000 33.200 3.200 0 175 0
48.000 33.600 0.800 0 175 0
48.000 33.600 1.200 0 175 0
48.000 33.600 1.600 0 175 0
48.000 33.600 2.000 0 175 0
48.000 33.600 2.400 0 175 0
48.000 33.600 2.800 0 175 0
48.000 34.000 0.800 0 175 0
48.000 34.000 1.200 0 175 0
48.000 34.000 1.600 0 175 0
48.000 34.000 2.000 0 175 0
48.000 34.000 2.400 0 175 0
48.000 34.000 2.800 0 175 0
48.000 34.400 0.800 0 175 0
48.000 34.400 1.200 0 175 0
48.000 34.400 1.600 0 175 0
48.000 34.400 2.000 0 175 0
48.000 34.400 2.400 0 175 0
48.000 34.400 2.800 0 175 0
48.000 34.800 0.800 0 175 0
48.000 34.800 1.200 0 175 0
48.000 34.800 1.600 0 175 0
48.000 34.800 2.400 0 175 0
48.000 35.200 2.000 0 175 0
48.000 37.600 2.400 0 175 0
48.000 37.600 3.200 0 175 0
48.000 38.000 2.400 0 175 0
48.000 38.000 2.800 0 175 0
48.000 38.400 2.400 0 175 0
48.000 38.400 2.800 0 175 0
48.000 38.400 3.200 0 175 0
48.000 38.800 2.000 0 175 0
48.000 38.800 2.400 0 175 0
48.000 38.800 2.800 0 175 0
48.000 40.400 2.800 0 175 0
48.000 40.400 3.200 0 175 0
48.000 40.800 1.600 0 175 0
48.000 40.800 2.800 0 175 0
48.000 41.200 2.000 0 175 0
48.000 41.200 2.400 0 175 0
48.000 41.200 3.200 0 175 0
48.000 41.600 1.200 0 175 0
48.000 42.000 0.800 0 175 0
48.000 42.000 2.400 0 175 0
48.000 42.000 2.800 0 175 0
48.000 42.400 0.400 0 175 0
48.000 42.400 2.400 0 175 0
48.000 42.800 2.000 0 175 0
48.400 14.400 0.800 255 200 0
48.400 14.400 1.200 255 200 0
48.400 14.400 1.600 255 200 0
48.400 14.400 2.000 255 200 0
48.400 14.400 2.400 255 200 0
48.400 14.400 2.800 255 200 0
48.400 14.800 0.800 255 200 0
48.400 15.200 0.000 255 200 0
48.400 15.200 0.400 255 200 0
48.400 15.600 0.000 75 0 75
48.400 17.200 0.400 75 0 75
48.400 17.600 0.400 75 0 75
48.400 18.000 0.400 75 0 75
48.400 18.400 0.400 75 0 75
48.400 18.800 0.800 255 120 50
48.400 19.200 0.800 255 120 50
48.400 19.200 1.200 255 120 50
48.400 19.200 1.600 255 120 50
48.400 19.600 0.800 255 120 50
48.400 19.600 1.200 255 120 50
48.400 19.600 1.600 255 120 50
48.400 20.000 0.800 75 0 75
48.400 20.400 0.800 75 0 75
48.400 20.800 0.400 75 0 75
48.400 20.800 0.800 75 0 75
48.400 22.000 0.400 255 0 255
48.400 22.400 0.400 255 0 255
48.400 22.800 0.400 255 0 255
48.400 23.200 0.400 255 0 255
48.400 23.600 0.400 255 0 255
48.400 24.000 0.400 255 0 255
48.400 24.400 0.400 255 0 255
48.400 24.400 0.800 255 0 255
48.400 24.800 0.400 255 0 255
48.400 24.800 0.800 255 0 255
48.400 25.200 0.800 255 0 255
48.400 25.600 0.400 255 0 255
48.400 26.000 0.400 255 0 255
48.400 28.000 0.800 0 175 0
48.400 28.400 0.800 0 175 0
48.400 28.800 0.800 0 175 0
48.400 29.200 0.800 0 175 0
48.400 29.200 1.600 0 175 0
48.400 29.600 0.800 0 175 0
48.400 29.600 1.200 0 175 0
48.400 29.600 1.600 0 175 0
48.400 30.000 0.800 0 175 0
48.400 30.000 1.200 0 175 0
48.400 30.000 2.400 0 175 0
48.400 30.400 0.800 0 175 0
48.400 30.400 1.200 0 175 0
48.400 30.400 2.400 0 175 0
48.400 30.800 0.800 0 175 0
48.400 30.800 1.200 0 175 0
48.400 30.800 2.400 0 175 0
48.400 31.200 0.800 0 175 0
48.400 31.200 1.200 0 175 0
48.400 31.200 2.000 0 175 0
48.400 31.200 2.400 0 175 0
48.400 31.200 2.800 0 175 0
48.400 31.600 0.800 0 175 0
48.400 31.600 2.000 0 175 0
48.400 31.600 2.400 0 175 0
48.400 32.000 2.000 0 175 0
48.400 32.000 2.400 0 175 0
48.400 32.400 0.400 0 175 0
48.400 32.400 2.000 0 175 0
48.400 32.400 2.800 0 175 0
48.400 32.800 0.400 0 175 0
48.400 32.800 2.400 0 175 0
48.400 32.800 2.800 0 175 0
48.400 33.200 2.000 0 175 0
48.400 33.200 2.400 0 175 0
48.400 33.600 2.000 0 175 0
48.400 33.600 2.400 0 175 0
48.400 33.600 2.800 0 175 0
48.400 34.000 0.000 0 175 0
48.400 34.000 1.200 0 175 0
48.400 34.000 1.600 0 175 0
48.400 34.000 2.000 0 175 0
48.400 34.000 2.800 0 175 0
48.400 34.000 3.200 0 175 0
48.400 34.400 1.200 0 175 0
48.400 34.400 1.600 0 175 0
48.400 34.400 2.000 0 175 0
48.400 34.400 2.800 0 175 0
48.400 34.800 1.200 0 175 0
48.400 34.800 1.600 0 175 0
48.400 34.800 2.800 0 175 0
48.400 35.200 0.800 0 175 0
48.400 35.200 1.200 0 175 0
48.400 35.200 1.600 0 175 0
48.400 37.600 3.200 0 175 0
48.400 38.400 3.200 0 175 0
48.400 38.800 2.000 0 175 0
48.400 38.800 2.400 0 175 0
48.400 38.800 2.800 0 175 0
48.400 38.800 3.200 0 175 0
48.400 39.200 2.400 0 175 0
48.400 40.800 2.800 0 175 0
48.400 41.200 2.400 0 175 0
48.400 41.600 1.600 0 175 0
48.400 42.000 0.800 0 175 0
48.400 42.000 1.200 0 175 0
48.400 42.400 1.200 0 175 0
48.400 42.800 2.400 0 175 0
48.800 14.000 1.600 255 200 0
48.800 14.400 0.000 255 200 0
48.800 14.400 0.400 255 200 0
48.800 14.400 0.800 255 200 0
48.800 14.400 1.200 255 200 0
48.800 14.400 1.600 255 200 0
48.800 14.400 2.000 255 200 0
48.800 14.400 2.400 255 200 0
48.800 14.400 2.800 255 200 0
48.800 14.800 0.000 75 0 75
48.800 14.800 0.400 255 200 0
48.800 14.800 0.800 255 200 0
48.800 15.200 0.000 75 0 75
48.800 15.600 0.000 75 0 75
48.800 17.200 0.400 75 0 75
48.800 17.600 0.400 75 0 75
48.800 18.000 0.400 75 0 75
48.800 18.400 0.400 0 175 0
48.800 18.400 0.800 0 175 0
48.800 18.800 0.800 0 175 0
48.800 18.800 1.200 0 175 0
48.800 18.800 1.600 0 175 0
48.800 18.800 2.400 0 175 0
48.800 18.800 2.800 0 175 0
48.800 19.200 0.800 255 120 50
48.800 19.200 1.200 0 175 0
48.800 19.200 1.600 0 175 0
48.800 19.200 2.000 0 175 0
48.800 19.200 2.400 0 175 0
48.800 19.200 2.800 0 175 0
48.800 19.600 0.800 75 0 75
48.800 19.600 1.600 0 175 0
48.800 19.600 2.000 0 175 0
48.800 19.600 2.400 0 175 0
48.800 19.600 2.800 0 175 0
48.800 20.000 0.800 75 0 75
48.800 20.400 0.800 75 0 75
48.800 20.800 0.400 75 0 75
48.800 20.800 0.800 75 0 75
48.800 21.200 0.400 75 0 75
48.800 21.600 0.400 75 0 75
48.800 22.400 0.400 255 0 255
48.800 24.000 0.400 255 0 255
48.800 24.400 0.400 255 0 255
48.800 24.400 0.800 255 0 255
48.800 24.800 0.400 255 0 255
48.800 24.800 0.800 255 0 255
48.800 25.200 0.400 255 0 255
48.800 25.200 0.800 255 0 255
48.800 25.600 0.400 255 0 255
48.800 26.000 0.400 255 0 255
48.800 28.000 0.800 0 175 0
48.800 28.400 0.800 0 175 0
48.800 28.800 0.800 0 175 0
48.800 29.200 0.800 0 175 0
48.800 29.600 0.800 0 175 0
48.800 29.600 1.200 0 175 0
48.800 29.600 1.600 0 175 0
48.800 30.000 0.800 0 175 0
48.800 30.000 1.200 0 175 0
48.800 30.000 2.800 0 175 0
48.800 30.400 0.800 0 175 0
48.800 30.400 1.200 0 175 0
48.800 30.400 2.000 0 175 0
48.800 30.400 2.400 0 175 0
48.800 30.400 2.800 0 175 0
48.800 30.800 0.800 0 175 0
48.800 30.800 1.200 0 175 0
48.800 30.800 2.000 0 175 0
48.800 30.800 2.400 0 175 0
48.800 31.200 0.800 0 175 0
48.800 31.200 1.200 0 175 0
48.800 31.200 1.600 0 175 0
48.800 31.200 2.000 0 175 0
48.800 31.200 2.400 0 175 0
48.800 31.600 0.800 0 175 0
48.800 31.600 1.200 0 175 0
48.800 31.600 2.000 0 175 0
48.800 31.600 2.400 0 175 0
48.800 31.600 2.800 0 175 0
48.800 32.000 0.800 0 175 0
48.800 32.000 2.000 0 175 0
48.800 32.000 2.400 0 175 0
48.800 32.000 2.800 0 175 0
48.800 32.400 2.000 0 175 0
48.800 32.400 2.800 0 175 0
48.800 32.800 2.400 0 175 0
48.800 33.200 2.400 0 175 0
48.800 33.600 1.200 0 175 0
48.800 33.600 2.400 0 175 0
48.800 34.000 0.800 0 175 0
48.800 34.000 1.200 0 175 0
48.800 34.000 1.600 0 175 0
48.800 34.000 2.000 0 175 0
48.800 34.000 2.400 0 175 0
48.800 34.400 0.800 0 175 0
48.800 34.400 1.200 0 175 0
48.800 34.400 1.600 0 175 0
48.800 34.400 2.000 0 175 0
48.800 34.400 2.400 0 175 0
48.800 34.800 0.400 0 175 0
48.800 34.800 0.800 0 175 0
48.800 34.800 1.200 0 175 0
48.800 34.800 1.600 0 175 0
48.800 34.800 2.000 0 175 0
48.800 34.800 2.400 0 175 0
48.800 35.200 0.400 0 175 0
48.800 35.200 1.200 0 175 0
48.800 35.600 0.400 0 175 0
48.800 35.600 0.800 0 175 0
48.800 37.200 3.200 0 175 0
48.800 37.600 3.200 0 175 0
48.800 38.000 3.200 0 175 0
48.800 38.400 2.400 0 175 0
48.800 38.400 2.800 0 175 0
48.800 38.800 2.400 0 175 0
48.800 38.800 2.800 0 175 0
48.800 39.200 2.400 0 175 0
48.800 39.600 2.400 0 175 0
48.800 40.400 2.400 0 175 0
48.800 40.400 2.800 0 175 0
48.800 41.200 2.000 0 175 0
48.800 41.200 2.400 0 175 0
48.800 41.600 2.000 0 175 0
48.800 41.600 2.400 0 175 0
48.800 42.000 0.800 0 175 0
48.800 42.000 1.200 0 175 0
48.800 42.000 1.600 0 175 0
48.800 42.000 2.000 0 175 0
48.800 42.400 1.200 0 175 0
48.800 42.400 3.200 0 175 0
48.800 42.800 2.000 0 175 0
48.800 42.800 2.800 0 175 0
48.800 42.800 3.200 0 175 0
49.200 13.200 1.600 255 200 0
49.200 13.600 0.400 255 200 0
49.200 13.600 0.800 255 200 0
49.200 13.600 1.200 255 200 0
49.200 13.600 1.600 255 200 0
49.200 14.000 0.000 255 200 0
49.200 14.000 0.400 255 200 0
49.200 14.000 0.800 255 200 0
49.200 14.000 1.200 255 200 0
49.200 14.000 1.600 255 200 0
49.200 14.000 2.000 255 200 0
49.200 14.000 2.400 255 200 0
49.200 14.000 2.800 255 200 0
49.200 14.800 0.000 75 0 75
49.200 15.600 0.000 75 0 75
49.200 16.000 0.000 75 0 75
49.200 16.400 2.400 0 175 0
49.200 16.400 2.800 0 175 0
49.200 16.800 2.400 0 175 0
49.200 16.800 2.800 0 175 0
49.200 17.200 2.400 0 175 0
49.200 17.200 2.800 0 175 0
49.200 17.600 0.400 0 175 0
49.200 17.600 0.800 0 175 0
49.200 17.600 2.000 0 175 0
49.200 17.600 2.400 0 175 0
49.200 17.600 2.800 0 175 0
49.200 18.000 0.800 0 175 0
49.200 18.400 0.800 0 175 0
49.200 18.400 2.000 0 175 0
49.200 18.400 2.400 0 175 0
49.200 18.400 2.800 0 175 0
49.200 18.400 3.200 0 175 0
49.200 18.800 1.200 0 175 0
49.200 18.800 1.600 0 175 0
49.200 18.800 2.000 0 175 0
49.200 18.800 2.400 0 175 0
49.200 18.800 2.800 0 175 0
49.200 18.800 3.200 0 175 0
49.200 19.200 1.200 0 175 0
49.200 19.200 1.600 0 175 0
49.200 19.200 2.000 0 175 0
49.200 19.200 2.400 0 175 0
49.200 19.200 2.800 0 175 0
49.200 19.600 0.800 75 0 75
49.200 19.600 2.000 0 175 0
49.200 19.600 2.400 0 175 0
49.200 19.600 2.800 0 175 0
49.200 20.000 0.800 75 0 75
49.200 20.400 0.800 75 0 75
49.200 20.800 0.800 75 0 75
49.200 21.200 0.400 75 0 75
49.200 21.600 0.400 75 0 75
49.200 22.400 0.400 255 0 255
49.200 22.800 0.400 255 0 255
49.200 23.200 0.400 255 0 255
49.200 23.600 0.400 255 0 255
49.200 24.000 0.400 255 0 255
49.200 24.400 0.400 255 0 255
49.200 24.800 0.400 255 0 255
49.200 25.200 0.400 255 0 255
49.200 28.000 0.800 0 175 0
49.200 28.400 0.800 0 175 0
49.200 28.800 0.800 0 175 0
49.200 29.200 0.800 0 175 0
49.200 29.200 1.200 0 175 0
49.200 29.200 2.800 0 175 0
49.200 29.600 0.800 0 175 0
49.200 29.600 1.200 0 175 0
49.200 29.600 2.800 0 175 0
49.200 30.000 0.800 0 175 0
49.200 30.000 1.200 0 175 0
49.200 30.000 2.400 0 175 0
49.200 30.000 2.800 0 175 0
49.200 30.400 0.800 0 175 0
49.200 30.400 1.200 0 175 0
49.200 30.400 1.600 0 175 0
49.200 30.400 2.000 0 175 0
49.200 30.400 2.400 0 175 0
49.200 30.400 2.800 0 175 0
49.200 30.800 0.800 0 175 0
49.200 30.800 1.200 0 175 0
49.200 30.800 1.600 0 175 0
49.200 30.800 2.000 0 175 0
49.200 30.800 2.400 0 175 0
49.200 30.800 2.800 0 175 0
49.200 31.200 0.800 0 175 0
49.200 31.200 1.200 0 175 0
49.200 31.200 1.600 0 175 0
49.200 31.200 2.000 0 175 0
49.200 31.200 2.400 0 175 0
49.200 31.200 2.800 0 175 0
49.200 31.600 0.800 0 175 0
49.200 31.600 1.200 0 175 0
49.200 31.600 1.600 0 175 0
49.200 31.600 2.000 0 175 0
49.200 31.600 2.400 0 175 0
49.200 31.600 2.800 0 175 0
49.200 32.000 1.600 0 175 0
49.200 32.000 2.000 0 175 0
49.200 32.000 2.400 0 175 0
49.200 32.000 2.800 0 175 0
49.200 32.400 0.800 0 175 0
49.200 32.400 1.600 0 175 0
49.200 32.400 2.000 0 175 0
49.200 32.400 2.400 0 175 0
49.200 32.400 2.800 0 175 0
49.200 32.800 2.400 0 175 0
49.200 32.800 2.800 0 175 0
49.200 33.200 0.000 0 175 0
49.200 33.200 0.800 0 175 0
49.200 33.200 1.200 0 175 0
49.200 33.200 2.400 0 175 0
49.200 33.600 0.800 0 175 0
49.200 33.600 2.400 0 175 0
49.200 34.000 0.400 0 175 0
49.200 34.000 1.200 0 175 0
49.200 34.000 1.600 0 175 0
49.200 34.400 0.000 0 175 0
49.200 34.400 0.400 0 175 0
49.200 34.400 0.800 0 175 0
49.200 34.400 1.200 0 175 0
49.200 34.400 1.600 0 175 0
49.200 34.800 0.000 0 175 0
49.200 34.800 0.400 0 175 0
49.200 34.800 1.600 0 175 0
49.200 35.200 0.400 0 175 0
49.200 35.600 3.200 0 175 0
49.200 36.400 2.800 0 175 0
49.200 37.200 3.200 0 175 0
49.200 38.000 2.800 0 175 0
49.200 38.400 2.800 0 175 0
49.200 39.200 3.200 0 175 0
49.200 39.600 2.400 0 175 0
49.200 40.000 2.400 0 175 0
49.200 40.400 2.800 0 175 0
49.200 40.800 2.000 0 175 0
49.200 41.600 0.800 0 175 0
49.200 41.600 1.600 0 175 0
49.200 41.600 2.000 0 175 0
49.200 41.600 2.400 0 175 0
49.200 42.000 0.800 0 175 0
49.200 42.000 1.200 0 175 0
49.200 42.000 1.600 0 175 0
49.200 42.000 2.000 0 175 0
49.200 42.400 1.200 0 175 0
49.200 42.400 3.200 0 175 0
49.200 42.800 1.600 0 175 0
49.600 12.800 0.000 255 200 0
49.600 12.800 0.800 255 200 0
49.600 12.800 1.200 255 200 0
49.600 12.800 1.600 255 200 0
49.600 13.200 0.000 255 200 0
49.600 13.200 0.400 255 200 0
49.600 13.200 0.800 255 200 0
49.600 13.200 1.200 255 200 0
49.600 13.200 1.600 255 200 0
49.600 13.200 2.000 255 200 0
49.600 13.200 2.400 255 200 0
49.600 13.200 2.800 255 200 0
49.600 13.200 3.200 255 200 0
49.600 13.600 2.400 255 200 0
49.600 13.600 2.800 255 200 0
49.600 13.600 3.200 255 200 0
49.600 15.200 2.000 0 175 0
49.600 15.600 0.000 75 0 75
49.600 15.600 2.000 0 175 0
49.600 15.600 2.400 0 175 0
49.600 16.000 0.000 75 0 75
49.600 16.000 2.400 0 175 0
49.600 16.000 2.800 0 175 0
49.600 16.400 2.000 0 175 0
49.600 16.400 2.400 0 175 0
49.600 16.400 2.800 0 175 0
49.600 16.400 3.200 0 175 0
49.600 16.800 0.400 0 175 0
49.600 16.800 0.800 0 175 0
49.600 16.800 1.200 0 175 0
49.600 16.800 1.600 0 175 0
49.600 16.800 2.000 0 175 0
49.600 16.800 2.400 0 175 0
49.600 16.800 2.800 0 175 0
49.600 16.800 3.200 0 175 0
49.600 17.200 0.400 0 175 0
49.600 17.200 0.800 0 175 0
49.600 17.200 1.200 0 175 0
49.600 17.200 1.600 0 175 0
49.600 17.200 2.400 0 175 0
49.600 17.200 2.800 0 175 0
49.600 17.200 3.200 0 175 0
49.600 17.600 0.800 0 175 0
49.600 17.600 2.000 0 175 0
49.600 17.600 2.400 0 175 0
49.600 17.600 2.800 0 175 0
49.600 18.000 0.800 0 175 0
49.600 18.000 1.200 0 175 0
49.600 18.000 1.600 0 175 0
49.600 18.000 2.000 0 175 0
49.600 18.000 2.400 0 175 0
49.600 18.000 2.800 0 175 0
49.600 18.400 2.000 0 175 0
49.600 18.400 2.400 0 175 0
49.600 18.400 2.800 0 175 0
49.600 18.800 1.200 0 175 0
49.600 18.800 1.600 0 175 0
49.600 18.800 2.000 0 175 0
49.600 18.800 2.400 0 175 0
49.600 18.800 2.800 0 175 0
49.600 18.800 3.200 0 175 0
49.600 19.200 0.800 255 120 50
49.600 19.200 1.200 0 175 0
49.600 19.200 1.600 0 175 0
49.600 19.200 2.000 0 175 0
49.600 19.200 2.400 0 175 0
49.600 19.200 2.800 0 175 0
49.600 19.200 3.200 0 175 0
49.600 19.600 0.800 75 0 75
49.600 19.600 1.600 0 175 0
49.600 19.600 2.000 0 175 0
49.600 19.600 2.400 0 175 0
49.600 19.600 2.800 0 175 0
49.600 20.000 0.800 75 0 75
49.600 20.000 2.800 0 175 0
49.600 20.400 0.800 75 0 75
49.600 20.800 0.800 75 0 75
49.600 21.200 0.400 75 0 75
49.600 22.000 0.400 255 0 255
49.600 22.400 0.400 255 0 255
49.600 22.800 0.400 255 0 255
49.600 23.200 0.400 255 0 255
49.600 24.000 0.400 255 0 255
49.600 24.400 0.400 255 0 255
49.600 24.800 0.400 255 0 255
49.600 25.200 0.400 255 0 255
49.600 25.600 0.400 255 0 255
49.600 28.000 0.800 0 175 0
49.600 28.400 0.800 0 175 0
49.600 28.800 0.800 0 175 0
49.600 29.200 0.800 0 175 0
49.600 29.200 1.200 0 175 0
49.600 29.600 0.800 0 175 0
49.600 29.600 1.200 0 175 0
49.600 29.600 2.800 0 175 0
49.600 30.000 0.800 0 175 0
49.600 30.000 1.200 0 175 0
49.600 30.000 2.400 0 175 0
49.600 30.000 2.800 0 175 0
49.600 30.400 0.800 0 175 0
49.600 30.400 1.200 0 175 0
49.600 30.400 1.600 0 175 0
49.600 30.400 2.400 0 175 0
49.600 30.400 2.800 0 175 0
49.600 30.400 3.200 0 175 0
49.600 30.800 0.800 0 175 0
49.600 30.800 1.200 0 175 0
49.600 30.800 1.600 0 175 0
49.600 30.800 2.000 0 175 0
49.600 30.800 2.400 0 175 0
49.600 30.800 2.800 0 175 0
49.600 30.800 3.200 0 175 0
49.600 31.200 1.200 0 175 0
49.600 31.200 1.600 0 175 0
49.600 31.200 2.000 0 175 0
49.600 31.200 2.400 0 175 0
49.600 31.200 2.800 0 175 0
49.600 31.200 3.200 0 175 0
49.600 31.600 0.800 0 175 0
49.600 31.600 1.200 0 175 0
49.600 31.600 1.600 0 175 0
49.600 31.600 2.400 0 175 0
49.600 31.600 2.800 0 175 0
49.600 31.600 3.200 0 175 0
49.600 32.000 0.800 0 175 0
49.600 32.000 1.200 0 175 0
49.600 32.000 1.600 0 175 0
49.600 32.000 2.000 0 175 0
49.600 32.000 2.400 0 175 0
49.600 32.000 2.800 0 175 0
49.600 32.400 1.600 0 175 0
49.600 32.400 2.800 0 175 0
49.600 32.800 1.200 0 175 0
49.600 32.800 2.400 0 175 0
49.600 32.800 2.800 0 175 0
49.600 33.200 0.400 0 175 0
49.600 33.200 0.800 0 175 0
49.600 33.200 1.200 0 175 0
49.600 33.600 0.400 0 175 0
49.600 33.600 0.800 0 175 0
49.600 34.000 0.000 0 175 0
49.600 34.000 0.400 0 175 0
49.600 34.000 0.800 0 175 0
49.600 34.400 0.800 0 175 0
49.600 34.800 0.000 0 175 0
49.600 35.200 0.000 0 175 0
49.600 36.400 2.800 0 175 0
49.600 36.400 3.200 0 175 0
49.600 36.800 2.800 0 175 0
49.600 37.200 2.800 0 175 0
49.600 37.600 2.800 0 175 0
49.600 37.600 3.200 0 175 0
49.600 39.200 1.600 0 175 0
49.600 39.200 2.000 0 175 0
49.600 40.000 1.600 0 175 0
49.600 40.000 2.400 0 175 0
49.600 40.400 1.600 0 175 0
49.600 40.800 1.200 0 175 0
49.600 40.800 1.600 0 175 0
49.600 41.200 1.200 0 175 0
49.600 41.200 1.600 0 175 0
49.600 41.200 2.800 0 175 0
49.600 41.600 1.200 0 175 0
49.600 41.600 1.600 0 175 0
49.600 42.000 0.800 0 175 0
49.600 42.000 1.200 0 175 0
49.600 42.000 2.400 0 175 0
49.600 42.400 1.600 0 175 0
49.600 42.400 2.400 0 175 0
49.600 42.800 1.600 0 175 0
50.000 10.000 3.200 255 200 0
50.000 10.400 3.200 255 200 0
50.000 12.800 0.000 255 200 0
50.000 12.800 0.400 255 200 0
50.000 12.800 0.800 255 200 0
50.000 12.800 1.200 255 200 0
50.000 12.800 1.600 255 200 0
50.000 12.800 2.000 255 200 0
50.000 12.800 2.400 255 200 0
50.000 12.800 2.800 255 200 0
50.000 12.800 3.200 255 200 0
50.000 13.200 1.600 255 200 0
50.000 13.200 2.000 255 200 0
50.000 15.200 2.000 0 175 0
50.000 15.600 0.000 75 0 75
50.000 15.600 2.000 0 175 0
50.000 15.600 2.400 0 175 0
50.000 15.600 2.800 0 175 0
50.000 16.000 0.000 75 0 75
50.000 16.000 0.400 0 175 0
50.000 16.000 2.000 0 175 0
50.000 16.000 2.400 0 175 0
50.000 16.000 2.800 0 175 0
50.000 16.400 0.000 0 175 0
50.000 16.400 0.400 0 175 0
50.000 16.400 0.800 0 175 0
50.000 16.400 1.200 0 175 0
50.000 16.400 2.000 0 175 0
50.000 16.400 2.400 0 175 0
50.000 16.400 2.800 0 175 0
50.000 16.800 0.800 0 175 0
50.000 16.800 1.200 0 175 0
50.000 16.800 1.600 0 175 0
50.000 16.800 2.000 0 175 0
50.000 16.800 2.400 0 175 0
50.000 16.800 2.800 0 175 0
50.000 16.800 3.200 0 175 0
50.000 17.200 0.800 0 175 0
50.000 17.200 1.200 0 175 0
50.000 17.200 1.600 0 175 0
50.000 17.200 2.000 0 175 0
50.000 17.200 2.400 0 175 0
50.000 17.200 2.800 0 175 0
50.000 17.200 3.200 0 175 0
50.000 17.600 0.800 0 175 0
50.000 17.600 1.200 0 175 0
50.000 17.600 1.600 0 175 0
50.000 17.600 2.000 0 175 0
50.000 17.600 2.400 0 175 0
50.000 17.600 2.800 0 175 0
50.000 18.000 0.800 0 175 0
50.000 18.000 1.200 0 175 0
50.000 18.000 1.600 0 175 0
50.000 18.000 2.000 0 175 0
50.000 18.000 2.400 0 175 0
50.000 18.000 2.800 0 175 0
50.000 18.000 3.200 0 175 0
50.000 18.400 0.800 0 175 0
50.000 18.400 2.000 0 175 0
50.000 18.400 2.400 0 175 0
50.000 18.400 2.800 0 175 0
50.000 18.800 1.200 0 175 0
50.000 18.800 1.600 0 175 0
50.000 18.800 2.000 0 175 0
50.000 18.800 2.400 0 175 0
50.000 18.800 2.800 0 175 0
50.000 18.800 3.200 0 175 0
50.000 19.200 0.800 255 120 50
50.000 19.200 1.200 0 175 0
50.000 19.200 1.600 0 175 0
50.000 19.200 2.000 0 175 0
50.000 19.200 2.400 0 175 0
50.000 19.200 2.800 0 175 0
50.000 19.600 0.800 75 0 75
50.000 19.600 1.600 0 175 0
50.000 19.600 2.000 0 175 0
50.000 19.600 2.400 0 175 0
50.000 19.600 2.800 0 175 0
50.000 19.600 3.200 0 175 0
50.000 20.000 0.800 75 0 75
50.000 20.400 0.800 75 0 75
50.000 20.800 0.800 75 0 75
50.000 21.200 0.400 75 0 75
50.000 21.600 0.400 75 0 75
50.000 22.000 0.400 255 0 255
50.000 22.400 0.400 255 0 255
50.000 22.800 0.400 255 0 255
50.000 23.200 0.400 255 0 255
50.000 23.600 0.400 255 0 255
50.000 24.000 0.400 255 0 255
50.000 24.400 0.400 255 0 255
50.000 24.800 0.400 255 0 255
50.000 25.200 0.400 255 0 255
50.000 25.600 0.400 255 0 255
50.000 26.000 0.400 255 0 255
50.000 28.000 0.800 0 175 0
50.000 28.400 0.800 0 175 0
50.000 28.800 0.800 0 175 0
50.000 29.200 0.800 0 175 0
50.000 29.200 1.200 0 175 0
50.000 29.600 0.800 0 175 0
50.000 29.600 1.200 0 175 0
50.000 29.600 2.800 0 175 0
50.000 30.000 0.800 0 175 0
50.000 30.000 1.200 0 175 0
50.000 30.000 2.800 0 175 0
50.000 30.400 0.800 0 175 0
50.000 30.400 1.200 0 175 0
50.000 30.400 1.600 0 175 0
50.000 30.400 2.400 0 175 0
50.000 30.400 2.800 0 175 0
50.000 30.800 0.800 0 175 0
50.000 30.800 1.200 0 175 0
50.000 30.800 1.600 0 175 0
50.000 30.800 2.000 0 175 0
50.000 30.800 2.400 0 175 0
50.000 30.800 2.800 0 175 0
50.000 31.200 0.800 0 175 0
50.000 31.200 1.200 0 175 0
50.000 31.200 1.600 0 175 0
50.000 31.200 2.000 0 175 0
50.000 31.200 2.400 0 175 0
50.000 31.200 2.800 0 175 0
50.000 31.600 0.800 0 175 0
50.000 31.600 2.000 0 175 0
50.000 31.600 2.400 0 175 0
50.000 31.600 2.800 0 175 0
50.000 32.000 0.800 0 175 0
50.000 32.000 2.000 0 175 0
50.000 32.000 2.400 0 175 0
50.000 32.000 2.800 0 175 0
50.000 32.400 0.800 0 175 0
50.000 32.400 1.600 0 175 0
50.000 32.400 2.400 0 175 0
50.000 32.400 2.800 0 175 0
50.000 32.800 0.800 0 175 0
50.000 32.800 1.200 0 175 0
50.000 32.800 2.400 0 175 0
50.000 32.800 2.800 0 175 0
50.000 33.200 0.800 0 175 0
50.000 33.200 1.200 0 175 0
50.000 33.600 0.800 0 175 0
50.000 33.600 1.200 0 175 0
50.000 34.400 0.000 0 175 0
50.000 34.800 0.000 0 175 0
50.000 35.600 2.800 0 175 0
50.000 36.000 2.800 0 175 0
50.000 36.400 2.800 0 175 0
50.000 36.800 2.800 0 175 0
50.000 37.200 3.200 0 175 0
50.000 37.600 2.400 0 175 0
50.000 37.600 2.800 0 175 0
50.000 37.600 3.200 0 175 0
50.000 38.000 2.400 0 175 0
50.000 38.000 2.800 0 175 0
50.000 38.800 2.400 0 175 0
50.000 39.200 1.600 0 175 0
50.000 39.200 2.000 0 175 0
50.000 39.200 2.400 0 175 0
50.000 39.600 2.000 0 175 0
50.000 40.000 1.600 0 175 0
50.000 40.000 2.000 0 175 0
50.000 41.200 2.400 0 175 0
50.000 41.200 2.800 0 175 0
50.000 42.000 2.000 0 175 0
50.000 42.400 1.600 0 175 0
50.400 10.800 3.200 255 200 0
50.400 12.800 0.800 255 200 0
50.400 12.800 1.200 255 200 0
50.400 12.800 1.600 255 200 0
50.400 12.800 2.800 255 200 0
50.400 12.800 3.200 255 200 0
50.400 13.200 0.000 255 200 0
50.400 13.200 0.400 255 200 0
50.400 13.200 0.800 255 200 0
50.400 13.200 1.200 255 200 0
50.400 13.200 1.600 255 200 0
50.400 13.200 2.000 255 200 0
50.400 13.200 2.400 255 200 0
50.400 13.200 2.800 255 200 0
50.400 13.600 2.000 255 200 0
50.400 14.400 0.000 75 0 75
50.400 15.200 2.000 0 175 0
50.400 15.600 0.000 0 175 0
50.400 15.600 0.400 0 175 0
50.400 15.600 0.800 0 175 0
50.400 15.600 2.000 0 175 0
50.400 15.600 2.400 0 175 0
50.400 15.600 2.800 0 175 0
50.400 16.000 0.800 0 175 0
50.400 16.000 1.200 0 175 0
50.400 16.000 1.600 0 175 0
50.400 16.000 2.000 0 175 0
50.400 16.000 2.400 0 175 0
50.400 16.000 2.800 0 175 0
50.400 16.400 0.800 0 175 0
50.400 16.400 1.200 0 175 0
50.400 16.400 1.600 0 175 0
50.400 16.400 2.000 0 175 0
50.400 16.400 2.400 0 175 0
50.400 16.400 2.800 0 175 0
50.400 16.800 0.800 0 175 0
50.400 16.800 1.200 0 175 0
50.400 16.800 1.600 0 175 0
50.400 16.800 2.000 0 175 0
50.400 16.800 2.400 0 175 0
50.400 16.800 2.800 0 175 0
50.400 17.200 0.800 0 175 0
50.400 17.200 1.200 0 175 0
50.400 17.200 1.600 0 175 0
50.400 17.200 2.000 0 175 0
50.400 17.200 2.400 0 175 0
50.400 17.200 2.800 0 175 0
50.400 17.600 0.800 0 175 0
50.400 17.600 1.600 0 175 0
50.400 17.600 2.000 0 175 0
50.400 17.600 2.400 0 175 0
50.400 17.600 2.800 0 175 0
50.400 18.000 0.800 0 175 0
50.400 18.000 2.000 0 175 0
50.400 18.000 2.400 0 175 0
50.400 18.000 2.800 0 175 0
50.400 18.400 0.800 0 175 0
50.400 18.400 1.200 0 175 0
50.400 18.400 2.000 0 175 0
50.400 18.400 2.400 0 175 0
50.400 18.400 2.800 0 175 0
50.400 18.800 0.800 0 175 0
50.400 18.800 1.200 0 175 0
50.400 18.800 1.600 0 175 0
50.400 18.800 2.000 0 175 0
50.400 18.800 2.400 0 175 0
50.400 18.800 2.800 0 175 0
50.400 19.200 0.800 255 120 50
50.400 19.200 1.200 0 175 0
50.400 19.200 1.600 0 175 0
50.400 19.200 2.000 0 175 0
50.400 19.200 2.400 0 175 0
50.400 19.200 2.800 0 175 0
50.400 19.600 0.800 75 0 75
50.400 19.600 1.200 0 175 0
50.400 19.600 1.600 0 175 0
50.400 19.600 2.000 0 175 0
50.400 19.600 2.400 0 175 0
50.400 19.600 2.800 0 175 0
50.400 20.000 0.800 75 0 75
50.400 20.400 0.800 75 0 75
50.400 20.800 0.400 75 0 75
50.400 20.800 0.800 75 0 75
50.400 21.600 0.400 75 0 75
50.400 22.000 0.400 255 0 255
50.400 22.400 0.400 255 0 255
50.400 25.600 0.400 255 0 255
50.400 26.000 0.400 255 0 255
50.400 28.000 0.800 0 175 0
50.400 28.400 0.800 0 175 0
50.400 28.800 0.800 0 175 0
50.400 28.800 1.200 0 175 0
50.400 29.200 0.800 0 175 0
50.400 29.200 1.200 0 175 0
50.400 29.200 1.600 0 175 0
50.400 29.200 3.600 0 175 0
50.400 29.600 0.800 0 175 0
50.400 29.600 1.200 0 175 0
50.400 29.600 1.600 0 175 0
50.400 29.600 2.000 0 175 0
50.400 30.000 0.800 0 175 0
50.400 30.000 1.200 0 175 0
50.400 30.000 2.000 0 175 0
50.400 30.400 0.800 0 175 0
50.400 30.400 1.200 0 175 0
50.400 30.400 1.600 0 175 0
50.400 30.400 2.800 0 175 0
50.400 30.800 0.800 0 175 0
50.400 30.800 1.200 0 175 0
50.400 30.800 1.600 0 175 0
50.400 30.800 2.000 0 175 0
50.400 30.800 2.400 0 175 0
50.400 30.800 2.800 0 175 0
50.400 31.200 0.800 0 175 0
50.400 31.200 1.200 0 175 0
50.400 31.200 1.600 0 175 0
50.400 31.200 2.000 0 175 0
50.400 31.200 2.400 0 175 0
50.400 31.200 2.800 0 175 0
50.400 31.600 0.800 0 175 0
50.400 31.600 1.600 0 175 0
50.400 31.600 2.400 0 175 0
50.400 32.000 1.600 0 175 0
50.400 32.000 2.000 0 175 0
50.400 32.000 2.400 0 175 0
50.400 32.400 0.800 0 175 0
50.400 32.800 1.200 0 175 0
50.400 32.800 1.600 0 175 0
50.400 32.800 2.400 0 175 0
50.400 33.200 0.400 0 175 0
50.400 33.200 0.800 0 175 0
50.400 33.200 1.200 0 175 0
50.400 33.200 1.600 0 175 0
50.400 33.600 0.800 0 175 0
50.400 33.600 1.200 0 175 0
50.400 33.600 1.600 0 175 0
50.400 34.800 0.000 0 175 0
50.400 35.200 3.200 0 175 0
50.400 35.600 0.800 0 175 0
50.400 36.000 0.800 0 175 0
50.400 36.000 2.800 0 175 0
50.400 36.400 2.400 0 175 0
50.400 36.400 2.800 0 175 0
50.400 36.400 3.200 0 175 0
50.400 36.800 2.400 0 175 0
50.400 37.200 2.400 0 175 0
50.400 37.200 2.800 0 175 0
50.400 37.600 2.800 0 175 0
50.400 38.000 2.800 0 175 0
50.400 38.400 2.400 0 175 0
50.400 38.800 2.000 0 175 0
50.400 39.200 2.000 0 175 0
50.400 39.200 2.400 0 175 0
50.400 39.600 1.600 0 175 0
50.400 39.600 2.000 0 175 0
50.400 39.600 2.400 0 175 0
50.400 40.800 2.400 0 175 0
50.400 40.800 2.800 0 175 0
50.400 41.200 2.400 0 175 0
50.800 10.400 3.200 255 200 0
50.800 13.200 0.400 255 200 0
50.800 13.200 0.800 255 200 0
50.800 13.200 1.600 255 200 0
50.800 13.200 2.800 255 200 0
50.800 13.600 0.000 255 200 0
50.800 13.600 0.800 255 200 0
50.800 13.600 1.200 255 200 0
50.800 13.600 1.600 255 200 0
50.800 13.600 2.000 255 200 0
50.800 13.600 2.400 255 200 0
50.800 13.600 2.800 255 200 0
50.800 14.400 0.000 0 175 0
50.800 14.400 2.000 0 175 0
50.800 14.800 0.000 0 175 0
50.800 14.800 0.400 0 175 0
50.800 14.800 0.800 0 175 0
50.800 14.800 2.000 0 175 0
50.800 14.800 2.400 0 175 0
50.800 14.800 2.800 0 175 0
50.800 15.200 0.800 0 175 0
50.800 15.200 2.000 0 175 0
50.800 15.200 2.400 0 175 0
50.800 15.200 2.800 0 175 0
50.800 15.200 3.200 0 175 0
50.800 15.600 0.800 0 175 0
50.800 15.600 2.000 0 175 0
50.800 15.600 2.400 0 175 0
50.800 15.600 2.800 0 175 0
50.800 16.000 0.800 0 175 0
50.800 16.000 1.200 0 175 0
50.800 16.000 1.600 0 175 0
50.800 16.000 2.000 0 175 0
50.800 16.000 2.400 0 175 0
50.800 16.000 2.800 0 175 0
50.800 16.400 0.800 0 175 0
50.800 16.400 1.200 0 175 0
50.800 16.400 1.600 0 175 0
50.800 16.400 2.000 0 175 0
50.800 16.400 2.400 0 175 0
50.800 16.400 2.800 0 175 0
50.800 16.800 0.800 0 175 0
50.800 16.800 1.600 0 175 0
50.800 16.800 2.000 0 175 0
50.800 16.800 2.400 0 175 0
50.800 16.800 2.800 0 175 0
50.800 17.200 0.800 0 175 0
50.800 17.200 2.000 0 175 0
50.800 17.200 2.400 0 175 0
50.800 17.200 2.800 0 175 0
50.800 17.600 0.800 75 0 75
50.800 17.600 2.000 0 175 0
50.800 17.600 2.400 0 175 0
50.800 17.600 2.800 0 175 0
50.800 18.000 0.800 75 0 75
50.800 18.000 2.000 0 175 0
50.800 18.000 2.400 0 175 0
50.800 18.000 2.800 0 175 0
50.800 18.400 0.800 75 0 75
50.800 18.400 2.800 0 175 0
50.800 18.800 0.800 75 0 75
50.800 19.200 0.800 75 0 75
50.800 19.200 2.800 0 175 0
50.800 19.600 0.800 75 0 75
50.800 20.000 0.800 75 0 75
50.800 20.400 0.800 75 0 75
50.800 20.800 0.800 75 0 75
50.800 21.200 0.400 75 0 75
50.800 21.600 0.400 75 0 75
50.800 22.000 0.400 255 0 255
50.800 26.000 0.400 255 0 255
50.800 28.000 0.800 0 175 0
50.800 28.000 1.200 0 175 0
50.800 28.400 0.800 0 175 0
50.800 28.400 1.200 0 175 0
50.800 28.800 0.800 0 175 0
50.800 28.800 1.200 0 175 0
50.800 28.800 1.600 0 175 0
50.800 29.200 0.800 0 175 0
50.800 29.200 1.200 0 175 0
50.800 29.200 1.600 0 175 0
50.800 29.600 0.800 0 175 0
50.800 29.600 1.200 0 175 0
50.800 29.600 1.600 0 175 0
50.800 29.600 2.000 0 175 0
50.800 30.000 0.800 0 175 0
50.800 30.000 1.200 0 175 0
50.800 30.000 1.600 0 175 0
50.800 30.400 0.800 0 175 0
50.800 30.400 1.200 0 175 0
50.800 30.400 1.600 0 175 0
50.800 30.400 2.400 0 175 0
50.800 30.400 2.800 0 175 0
50.800 30.400 3.600 0 175 0
50.800 30.800 0.800 0 175 0
50.800 30.800 1.200 0 175 0
50.800 30.800 1.600 0 175 0
50.800 30.800 2.000 0 175 0
50.800 30.800 2.400 0 175 0
50.800 31.200 1.200 0 175 0
50.800 31.200 1.600 0 175 0
50.800 31.200 2.000 0 175 0
50.800 31.200 2.400 0 175 0
50.800 31.600 1.600 0 175 0
50.800 32.000 1.600 0 175 0
50.800 32.400 0.800 0 175 0
50.800 32.400 1.200 0 175 0
50.800 32.400 1.600 0 175 0
50.800 32.800 0.800 0 175 0
50.800 32.800 1.200 0 175 0
50.800 32.800 1.600 0 175 0
50.800 33.200 0.800 0 175 0
50.800 33.200 1.200 0 175 0
50.800 33.200 1.600 0 175 0
50.800 33.600 0.400 0 175 0
50.800 33.600 0.800 0 175 0
50.800 33.600 1.200 0 175 0
50.800 33.600 1.600 0 175 0
50.800 34.000 1.200 0 175 0
50.800 34.400 0.400 0 175 0
50.800 34.400 0.800 0 175 0
50.800 34.400 1.200 0 175 0
50.800 34.400 2.000 0 175 0
50.800 34.400 2.400 0 175 0
50.800 34.800 0.400 0 175 0
50.800 34.800 0.800 0 175 0
50.800 34.800 1.200 0 175 0
50.800 34.800 1.600 0 175 0
50.800 34.800 2.800 0 175 0
50.800 35.200 0.400 0 175 0
50.800 35.200 0.800 0 175 0
50.800 35.200 1.600 0 175 0
50.800 35.200 2.000 0 175 0
50.800 35.600 0.800 0 175 0
50.800 35.600 1.200 0 175 0
50.800 35.600 2.800 0 175 0
50.800 36.000 0.800 0 175 0
50.800 36.000 1.200 0 175 0
50.800 36.000 2.800 0 175 0
50.800 36.400 2.800 0 175 0
50.800 36.800 2.400 0 175 0
50.800 37.200 2.800 0 175 0
50.800 37.600 2.800 0 175 0
50.800 38.000 2.000 0 175 0
50.800 38.400 2.000 0 175 0
50.800 38.400 2.400 0 175 0
50.800 38.800 2.400 0 175 0
50.800 39.200 1.600 0 175 0
50.800 39.200 2.000 0 175 0
50.800 39.200 2.400 0 175 0
50.800 39.600 1.200 0 175 0
50.800 39.600 1.600 0 175 0
50.800 40.000 1.200 0 175 0
50.800 40.000 3.200 0 175 0
50.800 40.400 2.400 0 175 0
50.800 40.800 2.400 0 175 0
