ply
format ascii 1.0
comment S2D2 voxel export
element vertex 14196
property float x
property float y
property float z
property uchar red
property uchar green
property uchar blue
end_header
0.000 3.200 0.800 255 200 0
0.000 6.400 3.200 255 200 0
0.000 6.800 3.200 255 200 0
0.000 7.200 0.400 255 200 0
0.000 7.200 0.800 255 200 0
0.000 7.200 1.200 255 200 0
0.000 7.200 1.600 255 200 0
0.000 7.200 2.000 255 200 0
0.000 7.200 2.400 255 200 0
0.000 7.200 2.800 255 200 0
0.000 7.200 3.200 255 200 0
0.000 7.200 3.600 255 200 0
0.000 7.600 0.400 150 240 80
0.000 7.600 2.400 255 200 0
0.000 8.000 0.400 150 240 80
0.000 8.400 0.400 150 240 80
0.000 8.800 0.400 150 240 80
0.000 9.200 0.400 150 240 80
0.000 10.000 0.400 150 240 80
0.000 10.000 1.200 0 175 0
0.000 10.000 2.800 0 175 0
0.000 10.400 0.400 150 240 80
0.000 10.400 1.200 0 175 0
0.000 10.400 2.800 0 175 0
0.000 10.800 2.800 0 175 0
0.000 11.200 3.200 0 175 0
0.000 11.600 2.800 0 175 0
0.000 11.600 3.200 0 175 0
0.000 12.000 1.200 0 175 0
0.000 12.000 2.800 0 175 0
0.000 12.000 3.200 0 175 0
0.000 12.400 2.000 0 175 0
0.000 12.400 2.400 0 175 0
0.000 12.400 2.800 0 175 0
0.000 12.400 3.200 0 175 0
0.000 12.800 0.400 150 240 80
0.000 12.800 0.800 0 175 0
0.000 12.800 2.000 0 175 0
0.000 12.800 2.400 0 175 0
0.000 12.800 2.800 0 175 0
0.000 12.800 3.200 0 175 0
0.000 13.200 0.400 0 175 0
0.000 13.200 0.800 0 175 0
0.000 13.200 1.600 0 175 0
0.000 13.200 2.000 0 175 0
0.000 13.200 2.400 0 175 0
0.000 13.600 0.400 0 175 0
0.000 13.600 0.800 0 175 0
0.000 13.600 1.200 0 175 0
0.000 13.600 1.600 0 175 0
0.000 13.600 2.000 0 175 0
0.000 14.000 0.400 150 240 80
0.000 14.400 0.400 150 240 80
0.000 14.800 0.400 150 240 80
0.000 15.200 0.400 150 240 80
0.000 15.600 0.400 150 240 80
0.000 16.000 0.400 150 240 80
0.000 16.400 0.400 150 240 80
0.000 16.800 0.400 150 240 80
0.000 17.200 0.400 150 240 80
0.000 17.600 0.400 150 240 80
0.000 18.000 0.400 150 240 80
0.000 18.400 0.400 150 240 80
0.000 18.800 0.400 75 0 75
0.000 19.200 0.400 75 0 75
0.000 19.600 0.400 75 0 75
0.000 21.200 0.800 100 150 245
0.000 21.200 1.200 100 150 245
0.000 21.200 1.600 100 150 245
0.000 21.600 0.800 100 150 245
0.000 21.600 1.200 100 150 245
0.000 21.600 1.600 100 150 245
0.000 22.000 1.200 100 150 245
0.000 22.000 1.600 100 150 245
0.000 22.400 0.400 100 150 245
0.000 22.400 0.800 100 150 245
0.000 22.400 1.200 100 150 245
0.000 22.400 1.600 100 150 245
0.000 26.400 0.000 255 0 255
0.000 26.800 0.000 255 0 255
0.000 27.200 0.000 75 0 75
0.000 28.400 0.000 75 0 75
0.000 28.800 0.000 75 0 75
0.000 30.000 0.400 75 0 75
0.000 30.400 0.000 75 0 75
0.000 30.400 0.400 75 0 75
0.000 30.800 0.400 150 240 80
0.000 31.200 0.400 150 240 80
0.000 31.600 0.400 150 240 80
0.000 32.000 0.400 150 240 80
0.000 32.400 0.400 150 240 80
0.000 32.800 0.400 150 240 80
0.000 33.200 0.400 150 240 80
0.000 33.600 0.400 150 240 80
0.000 34.000 0.400 150 240 80
0.000 34.400 0.400 150 240 80
0.000 34.800 0.400 150 240 80
0.000 35.200 0.400 150 240 80
0.000 35.600 0.400 150 240 80
0.000 36.000 0.400 150 240 80
0.000 36.400 0.400 150 240 80
0.000 36.800 0.400 150 240 80
0.000 37.200 0.400 150 240 80
0.000 37.600 0.400 150 240 80
0.000 38.000 0.400 150 240 80
0.000 38.400 0.400 150 240 80
0.000 38.800 0.400 150 240 80
0.000 39.200 0.400 150 240 80
0.000 40.000 0.400 150 240 80
0.000 43.200 0.000 150 240 80
0.000 43.600 0.000 150 240 80
0.000 44.000 0.000 150 240 80
0.000 44.400 0.000 150 240 80
0.000 44.800 0.000 150 240 80
0.000 45.200 0.000 150 240 80
0.000 45.600 0.000 150 240 80
0.000 46.000 0.000 150 240 80
0.400 3.200 0.800 255 200 0
0.400 6.400 2.800 255 200 0
0.400 6.400 3.200 255 200 0
0.400 6.800 0.800 255 200 0
0.400 6.800 1.200 255 200 0
0.400 6.800 1.600 255 200 0
0.400 6.800 2.000 255 200 0
0.400 6.800 2.400 255 200 0
0.400 6.800 2.800 255 200 0
0.400 6.800 3.200 255 200 0
0.400 6.800 3.600 255 200 0
0.400 7.200 0.400 150 240 80
0.400 7.200 0.800 255 200 0
0.400 7.200 1.200 255 200 0
0.400 7.200 1.600 255 200 0
0.400 7.600 0.400 150 240 80
0.400 8.000 0.400 150 240 80
0.400 8.400 0.400 150 240 80
0.400 8.800 0.400 150 240 80
0.400 9.200 0.400 150 240 80
0.400 9.600 0.400 150 240 80
0.400 10.000 0.400 150 240 80
0.400 10.000 1.200 0 175 0
0.400 10.000 2.800 0 175 0
0.400 10.000 3.200 0 175 0
0.400 10.400 0.800 0 175 0
0.400 10.400 1.600 0 175 0
0.400 10.400 2.800 0 175 0
0.400 10.400 3.200 0 175 0
0.400 10.800 3.200 0 175 0
0.400 11.200 2.000 0 175 0
0.400 11.200 2.800 0 175 0
0.400 11.200 3.200 0 175 0
0.400 11.600 0.800 0 175 0
0.400 11.600 2.000 0 175 0
0.400 11.600 2.800 0 175 0
0.400 11.600 3.200 0 175 0
0.400 12.000 0.400 150 240 80
0.400 12.000 1.200 0 175 0
0.400 12.000 2.800 0 175 0
0.400 12.000 3.200 0 175 0
0.400 12.400 1.200 0 175 0
0.400 12.400 2.000 0 175 0
0.400 12.400 2.400 0 175 0
0.400 12.400 2.800 0 175 0
0.400 12.800 0.400 150 240 80
0.400 12.800 0.800 0 175 0
0.400 12.800 1.600 0 175 0
0.400 12.800 2.000 0 175 0
0.400 12.800 2.400 0 175 0
0.400 12.800 2.800 0 175 0
0.400 13.200 0.400 0 175 0
0.400 13.200 0.800 0 175 0
0.400 13.200 1.200 0 175 0
0.400 13.200 1.600 0 175 0
0.400 13.200 2.000 0 175 0
0.400 13.200 2.400 0 175 0
0.400 13.600 0.400 150 240 80
0.400 13.600 0.800 0 175 0
0.400 13.600 1.200 0 175 0
0.400 13.600 1.600 0 175 0
0.400 14.000 0.400 150 240 80
0.400 14.400 0.400 150 240 80
0.400 14.800 0.400 150 240 80
0.400 15.200 0.400 150 240 80
0.400 15.200 4.000 0 175 0
0.400 15.600 0.400 150 240 80
0.400 16.000 0.400 150 240 80
0.400 16.400 0.400 150 240 80
0.400 16.800 0.400 150 240 80
0.400 17.200 0.400 150 240 80
0.400 17.600 0.400 150 240 80
0.400 18.000 0.400 150 240 80
0.400 18.400 0.400 150 240 80
0.400 18.800 0.400 75 0 75
0.400 19.200 0.400 75 0 75
0.400 19.600 0.400 75 0 75
0.400 21.200 0.800 100 150 245
0.400 21.200 1.200 100 150 245
0.400 21.200 1.600 100 150 245
0.400 21.600 1.600 100 150 245
0.400 22.000 1.200 100 150 245
0.400 22.000 1.600 100 150 245
0.400 22.400 0.400 100 150 245
0.400 22.400 0.800 100 150 245
0.400 22.400 1.200 100 150 245
0.400 22.800 0.800 100 150 245
0.400 29.200 0.000 75 0 75
0.400 29.600 0.000 75 0 75
0.400 30.400 0.400 75 0 75
0.400 30.800 0.400 150 240 80
0.400 31.200 0.400 150 240 80
0.400 31.600 0.400 150 240 80
0.400 32.000 0.400 150 240 80
0.400 32.400 0.400 150 240 80
0.400 32.800 0.400 150 240 80
0.400 33.200 0.400 150 240 80
0.400 33.600 0.400 150 240 80
0.400 34.000 0.400 150 240 80
0.400 34.400 0.400 150 240 80
0.400 34.800 0.400 150 240 80
0.400 35.200 0.400 150 240 80
0.400 35.600 0.400 150 240 80
0.400 36.000 0.400 150 240 80
0.400 36.400 0.400 150 240 80
0.400 36.800 0.400 150 240 80
0.400 37.200 0.400 150 240 80
0.400 37.600 0.400 150 240 80
0.400 38.000 0.400 150 240 80
0.400 38.400 0.400 150 240 80
0.400 38.800 0.400 150 240 80
0.400 39.200 0.400 150 240 80
0.400 39.600 0.400 150 240 80
0.400 40.400 0.000 150 240 80
0.400 40.800 0.000 150 240 80
0.400 41.200 0.000 150 240 80
0.400 41.200 0.400 150 240 80
0.400 42.800 0.000 150 240 80
0.400 43.600 0.000 150 240 80
0.400 44.000 0.000 150 240 80
0.400 44.400 0.000 150 240 80
0.400 44.800 0.000 150 240 80
0.400 45.200 0.000 150 240 80
0.400 45.600 0.000 150 240 80
0.400 46.400 0.000 150 240 80
0.400 47.600 0.000 150 240 80
0.800 2.800 0.800 255 200 0
0.800 6.400 0.800 255 200 0
0.800 6.400 1.200 255 200 0
0.800 6.400 2.800 255 200 0
0.800 6.400 3.200 255 200 0
0.800 6.400 3.600 255 200 0
0.800 6.800 0.400 255 200 0
0.800 6.800 0.800 255 200 0
0.800 6.800 1.200 255 200 0
0.800 6.800 1.600 255 200 0
0.800 6.800 2.000 255 200 0
0.800 6.800 2.400 255 200 0
0.800 7.200 0.400 150 240 80
0.800 7.200 0.800 255 200 0
0.800 7.200 1.200 255 200 0
0.800 7.600 0.400 150 240 80
0.800 8.000 0.400 150 240 80
0.800 8.400 0.400 150 240 80
0.800 8.800 0.400 150 240 80
0.800 9.200 0.400 150 240 80
0.800 9.600 0.400 150 240 80
0.800 9.600 1.200 0 175 0
0.800 9.600 2.000 0 175 0
0.800 9.600 2.800 0 175 0
0.800 10.000 0.400 150 240 80
0.800 10.000 1.200 0 175 0
0.800 10.000 1.600 0 175 0
0.800 10.000 2.800 0 175 0
0.800 10.000 3.200 0 175 0
0.800 10.400 0.400 150 240 80
0.800 10.400 0.800 0 175 0
0.800 10.400 1.200 0 175 0
0.800 10.400 1.600 0 175 0
0.800 10.800 0.400 0 175 0
0.800 10.800 0.800 0 175 0
0.800 10.800 2.800 0 175 0
0.800 10.800 3.200 0 175 0
0.800 11.200 0.400 150 240 80
0.800 11.200 1.200 0 175 0
0.800 11.200 2.800 0 175 0
0.800 11.200 3.200 0 175 0
0.800 11.600 2.000 0 175 0
0.800 11.600 2.800 0 175 0
0.800 12.000 0.800 0 175 0
0.800 12.000 2.400 0 175 0
0.800 12.000 2.800 0 175 0
0.800 12.400 0.400 150 240 80
0.800 12.400 0.800 0 175 0
0.800 12.400 1.200 0 175 0
0.800 12.400 2.000 0 175 0
0.800 12.400 2.400 0 175 0
0.800 12.400 2.800 0 175 0
0.800 12.800 0.400 150 240 80
0.800 12.800 0.800 0 175 0
0.800 12.800 1.600 0 175 0
0.800 12.800 2.000 0 175 0
0.800 12.800 2.400 0 175 0
0.800 13.200 0.400 0 175 0
0.800 13.200 0.800 0 175 0
0.800 13.200 1.200 0 175 0
0.800 13.200 1.600 0 175 0
0.800 13.200 2.000 0 175 0
0.800 13.200 2.400 0 175 0
0.800 13.600 0.400 150 240 80
0.800 13.600 1.200 0 175 0
0.800 14.000 0.400 150 240 80
0.800 14.400 0.400 150 240 80
0.800 14.800 0.400 150 240 80
0.800 15.200 0.400 150 240 80
0.800 15.600 0.400 150 240 80
0.800 16.000 0.400 150 240 80
0.800 16.400 0.400 150 240 80
0.800 16.800 0.400 150 240 80
0.800 17.200 0.400 150 240 80
0.800 17.600 0.400 150 240 80
0.800 18.000 0.400 150 240 80
0.800 18.400 0.400 150 240 80
0.800 18.800 0.400 75 0 75
0.800 19.200 0.400 75 0 75
0.800 19.600 0.400 75 0 75
0.800 20.000 0.400 75 0 75
0.800 20.800 0.800 100 150 245
0.800 20.800 1.200 100 150 245
0.800 21.200 1.200 100 150 245
0.800 21.600 1.200 100 150 245
0.800 22.000 1.200 100 150 245
0.800 22.400 0.400 100 150 245
0.800 22.400 0.800 100 150 245
0.800 22.400 1.200 100 150 245
0.800 22.800 1.200 100 150 245
0.800 26.800 0.000 255 0 255
0.800 27.200 0.000 75 0 75
0.800 29.200 0.000 75 0 75
0.800 29.600 0.000 75 0 75
0.800 30.400 0.400 150 240 80
0.800 30.800 0.400 150 240 80
0.800 31.200 0.400 150 240 80
0.800 31.600 0.400 150 240 80
0.800 32.000 0.400 150 240 80
0.800 32.400 0.400 150 240 80
0.800 32.800 0.400 150 240 80
0.800 33.200 0.400 150 240 80
0.800 33.600 0.400 150 240 80
0.800 34.000 0.400 150 240 80
0.800 34.400 0.400 150 240 80
0.800 34.800 0.400 150 240 80
0.800 35.200 0.400 150 240 80
0.800 35.600 0.400 150 240 80
0.800 36.000 0.400 150 240 80
0.800 36.400 0.400 150 240 80
0.800 36.800 0.400 150 240 80
0.800 37.200 0.400 150 240 80
0.800 37.600 0.400 150 240 80
0.800 38.000 0.400 150 240 80
0.800 38.400 0.400 150 240 80
0.800 38.800 0.400 150 240 80
0.800 39.200 0.400 150 240 80
0.800 39.600 0.400 150 240 80
0.800 40.000 0.400 150 240 80
0.800 43.200 0.000 150 240 80
0.800 43.600 0.000 150 240 80
0.800 44.000 0.000 150 240 80
0.800 44.400 0.000 150 240 80
0.800 44.800 0.000 150 240 80
0.800 45.200 0.000 150 240 80
0.800 45.600 0.000 150 240 80
0.800 46.000 0.000 150 240 80
0.800 46.400 0.000 150 240 80
0.800 47.200 0.000 150 240 80
0.800 47.600 0.000 150 240 80
1.200 6.000 2.800 255 200 0
1.200 6.000 3.200 255 200 0
1.200 6.400 0.800 255 200 0
1.200 6.400 1.200 255 200 0
1.200 6.400 1.600 255 200 0
1.200 6.400 2.000 255 200 0
1.200 6.400 2.400 255 200 0
1.200 6.400 2.800 255 200 0
1.200 6.800 0.400 150 240 80
1.200 7.200 0.400 150 240 80
1.200 7.600 0.400 150 240 80
1.200 8.000 0.400 150 240 80
1.200 8.400 0.400 150 240 80
1.200 8.800 0.400 150 240 80
1.200 9.200 0.400 150 240 80
1.200 9.600 0.400 150 240 80
1.200 9.600 1.600 0 175 0
1.200 9.600 2.000 0 175 0
1.200 9.600 2.400 0 175 0
1.200 9.600 2.800 0 175 0
1.200 10.000 0.400 150 240 80
1.200 10.000 0.800 0 175 0
1.200 10.000 1.200 0 175 0
1.200 10.000 1.600 0 175 0
1.200 10.000 2.400 0 175 0
1.200 10.000 2.800 0 175 0
1.200 10.400 0.400 150 240 80
1.200 10.400 0.800 0 175 0
1.200 10.400 1.200 0 175 0
1.200 10.400 1.600 0 175 0
1.200 10.800 0.400 150 240 80
1.200 10.800 0.800 0 175 0
1.200 10.800 2.000 0 175 0
1.200 10.800 2.800 0 175 0
1.200 11.200 0.400 150 240 80
1.200 11.200 2.000 0 175 0
1.200 11.200 2.800 0 175 0
1.200 11.200 3.200 0 175 0
1.200 11.600 0.400 150 240 80
1.200 11.600 2.000 0 175 0
1.200 11.600 2.400 0 175 0
1.200 11.600 2.800 0 175 0
1.200 12.000 0.800 0 175 0
1.200 12.000 1.200 0 175 0
1.200 12.000 2.000 0 175 0
1.200 12.000 2.400 0 175 0
1.200 12.000 2.800 0 175 0
1.200 12.400 0.400 150 240 80
1.200 12.400 0.800 0 175 0
1.200 12.400 1.200 0 175 0
1.200 12.400 2.000 0 175 0
1.200 12.400 2.400 0 175 0
1.200 12.400 2.800 0 175 0
1.200 12.800 0.400 0 175 0
1.200 12.800 0.800 0 175 0
1.200 12.800 1.200 0 175 0
1.200 12.800 1.600 0 175 0
1.200 12.800 2.000 0 175 0
1.200 12.800 2.400 0 175 0
1.200 13.200 0.400 150 240 80
1.200 13.200 1.200 0 175 0
1.200 13.200 1.600 0 175 0
1.200 13.600 0.400 150 240 80
1.200 14.000 0.400 150 240 80
1.200 14.400 0.400 150 240 80
1.200 14.800 0.400 150 240 80
1.200 14.800 4.400 0 175 0
1.200 15.200 0.400 150 240 80
1.200 15.600 0.400 150 240 80
1.200 16.000 0.400 150 240 80
1.200 16.400 0.400 150 240 80
1.200 16.800 0.400 150 240 80
1.200 17.200 0.400 150 240 80
1.200 17.600 0.400 150 240 80
1.200 18.000 0.400 150 240 80
1.200 18.400 0.400 150 240 80
1.200 18.800 0.400 75 0 75
1.200 19.200 0.400 75 0 75
1.200 19.600 0.400 75 0 75
1.200 20.000 0.400 75 0 75
1.200 20.800 0.800 100 150 245
1.200 21.200 1.200 100 150 245
1.200 21.600 1.200 100 150 245
1.200 22.000 0.400 100 150 245
1.200 22.000 1.200 100 150 245
1.200 22.400 0.400 100 150 245
1.200 22.400 0.800 100 150 245
1.200 22.400 1.200 100 150 245
1.200 30.000 0.000 150 240 80
1.200 30.400 0.400 150 240 80
1.200 30.800 0.400 150 240 80
1.200 31.200 0.400 150 240 80
1.200 31.600 0.400 150 240 80
1.200 32.000 0.400 150 240 80
1.200 32.400 0.400 150 240 80
1.200 32.800 0.400 150 240 80
1.200 33.200 0.400 150 240 80
1.200 33.600 0.400 150 240 80
1.200 34.000 0.400 150 240 80
1.200 34.400 0.400 150 240 80
1.200 34.800 0.400 150 240 80
1.200 35.200 0.400 150 240 80
1.200 35.600 0.400 150 240 80
1.200 36.000 0.400 150 240 80
1.200 36.400 0.400 150 240 80
1.200 36.800 0.400 150 240 80
1.200 37.200 0.400 150 240 80
1.200 37.600 0.400 150 240 80
1.200 38.000 0.400 150 240 80
1.200 38.400 0.400 150 240 80
1.200 38.800 0.400 150 240 80
1.200 39.200 0.400 150 240 80
1.200 40.800 0.400 150 240 80
1.200 43.200 0.000 150 240 80
1.200 43.600 0.000 150 240 80
1.200 44.000 0.000 150 240 80
1.200 44.400 0.000 150 240 80
1.200 44.800 0.000 150 240 80
1.200 45.200 0.000 150 240 80
1.200 46.800 0.000 150 240 80
1.200 47.200 0.000 150 240 80
1.600 6.000 0.800 255 200 0
1.600 6.000 1.200 255 200 0
1.600 6.000 2.000 255 200 0
1.600 6.000 2.400 255 200 0
1.600 6.000 2.800 255 200 0
1.600 6.000 3.200 255 200 0
1.600 6.000 3.600 255 200 0
1.600 6.400 0.800 255 200 0
1.600 6.400 1.200 255 200 0
1.600 6.400 1.600 255 200 0
1.600 6.400 2.000 255 200 0
1.600 6.400 2.400 255 200 0
1.600 6.800 0.400 150 240 80
1.600 7.200 0.400 150 240 80
1.600 7.600 0.400 150 240 80
1.600 8.000 0.400 150 240 80
1.600 8.400 0.400 150 240 80
1.600 8.800 0.400 150 240 80
1.600 9.200 0.400 150 240 80
1.600 9.200 2.800 0 175 0
1.600 9.600 0.400 150 240 80
1.600 9.600 2.400 0 175 0
1.600 9.600 2.800 0 175 0
1.600 10.000 0.400 150 240 80
1.600 10.000 1.600 0 175 0
1.600 10.000 2.000 0 175 0
1.600 10.000 2.400 0 175 0
1.600 10.000 2.800 0 175 0
1.600 10.000 3.200 0 175 0
1.600 10.400 0.400 150 240 80
1.600 10.400 2.000 0 175 0
1.600 10.400 2.400 0 175 0
1.600 10.400 2.800 0 175 0
1.600 10.800 0.400 150 240 80
1.600 10.800 1.200 0 175 0
1.600 10.800 2.800 0 175 0
1.600 10.800 3.200 0 175 0
1.600 11.200 0.400 150 240 80
1.600 11.200 1.200 0 175 0
1.600 11.200 1.600 0 175 0
1.600 11.200 2.000 0 175 0
1.600 11.200 2.400 0 175 0
1.600 11.200 2.800 0 175 0
1.600 11.600 0.400 150 240 80
1.600 11.600 1.200 0 175 0
1.600 11.600 1.600 0 175 0
1.600 11.600 2.000 0 175 0
1.600 11.600 2.400 0 175 0
1.600 11.600 2.800 0 175 0
1.600 12.000 0.400 150 240 80
1.600 12.000 0.800 0 175 0
1.600 12.000 1.200 0 175 0
1.600 12.000 1.600 0 175 0
1.600 12.000 2.000 0 175 0
1.600 12.000 2.400 0 175 0
1.600 12.400 0.400 150 240 80
1.600 12.400 0.800 0 175 0
1.600 12.400 1.200 0 175 0
1.600 12.400 1.600 0 175 0
1.600 12.400 2.000 0 175 0
1.600 12.400 2.400 0 175 0
1.600 12.800 0.400 150 240 80
1.600 12.800 0.800 0 175 0
1.600 12.800 1.200 0 175 0
1.600 12.800 1.600 0 175 0
1.600 13.200 0.400 150 240 80
1.600 13.600 0.400 150 240 80
1.600 14.000 0.400 150 240 80
1.600 14.400 0.400 150 240 80
1.600 14.800 0.400 150 240 80
1.600 15.200 0.400 150 240 80
1.600 15.600 0.400 150 240 80
1.600 16.000 0.400 150 240 80
1.600 16.400 0.400 150 240 80
1.600 16.800 0.400 150 240 80
1.600 17.200 0.400 150 240 80
1.600 17.200 3.600 0 175 0
1.600 17.600 0.400 150 240 80
1.600 18.000 0.400 150 240 80
1.600 18.400 0.400 150 240 80
1.600 18.800 0.400 75 0 75
1.600 19.200 0.400 75 0 75
1.600 19.600 0.400 75 0 75
1.600 20.000 0.400 75 0 75
1.600 20.400 0.400 75 0 75
1.600 20.800 0.400 100 150 245
1.600 20.800 0.800 100 150 245
1.600 22.400 0.400 100 150 245
1.600 22.400 0.800 100 150 245
1.600 26.800 0.000 255 0 255
1.600 27.200 0.000 255 0 255
1.600 30.000 0.400 150 240 80
1.600 30.400 0.400 150 240 80
1.600 30.800 0.400 150 240 80
1.600 31.200 0.400 150 240 80
1.600 31.600 0.400 150 240 80
1.600 32.000 0.400 150 240 80
1.600 32.400 0.400 150 240 80
1.600 32.800 0.400 150 240 80
1.600 33.200 0.400 150 240 80
1.600 33.600 0.400 150 240 80
1.600 34.000 0.400 150 240 80
1.600 34.400 0.400 150 240 80
1.600 34.800 0.400 150 240 80
1.600 35.200 0.400 150 240 80
1.600 35.600 0.400 150 240 80
1.600 36.000 0.400 150 240 80
1.600 36.400 0.400 150 240 80
1.600 36.800 0.400 150 240 80
1.600 37.200 0.400 150 240 80
1.600 37.600 0.400 150 240 80
1.600 38.000 0.400 150 240 80
1.600 38.400 0.400 150 240 80
1.600 38.800 0.400 150 240 80
1.600 39.200 0.400 150 240 80
1.600 42.800 0.000 150 240 80
1.600 43.200 0.000 150 240 80
1.600 43.600 0.000 150 240 80
1.600 44.000 0.000 150 240 80
1.600 44.400 0.000 150 240 80
1.600 44.800 0.000 150 240 80
1.600 45.200 0.000 150 240 80
1.600 46.000 0.000 150 240 80
1.600 46.400 0.000 150 240 80
2.000 4.400 2.800 255 200 0
2.000 4.400 4.000 255 200 0
2.000 4.800 2.800 255 200 0
2.000 4.800 3.600 255 200 0
2.000 5.200 3.600 255 200 0
2.000 6.000 0.800 255 200 0
2.000 6.000 1.200 255 200 0
2.000 6.000 1.600 255 200 0
2.000 6.000 2.000 255 200 0
2.000 6.000 2.400 255 200 0
2.000 6.000 2.800 255 200 0
2.000 6.000 3.200 255 200 0
2.000 6.000 3.600 255 200 0
2.000 6.400 0.400 150 240 80
2.000 6.800 0.400 150 240 80
2.000 7.200 0.400 150 240 80
2.000 7.600 0.400 150 240 80
2.000 8.000 0.400 150 240 80
2.000 8.400 0.400 150 240 80
2.000 8.800 0.400 150 240 80
2.000 9.200 0.400 150 240 80
2.000 9.600 0.400 150 240 80
2.000 10.000 0.400 150 240 80
2.000 10.400 0.400 150 240 80
2.000 10.400 1.200 0 175 0
2.000 10.400 1.600 0 175 0
2.000 10.400 2.000 0 175 0
2.000 10.400 2.400 0 175 0
2.000 10.400 2.800 0 175 0
2.000 10.800 0.400 150 240 80
2.000 10.800 0.800 0 175 0
2.000 10.800 1.600 0 175 0
2.000 10.800 2.000 0 175 0
2.000 10.800 2.400 0 175 0
2.000 10.800 2.800 0 175 0
2.000 11.200 0.400 150 240 80
2.000 11.200 0.800 0 175 0
2.000 11.200 1.200 0 175 0
2.000 11.200 1.600 0 175 0
2.000 11.200 2.000 0 175 0
2.000 11.200 2.400 0 175 0
2.000 11.200 2.800 0 175 0
2.000 11.600 0.400 150 240 80
2.000 11.600 0.800 0 175 0
2.000 11.600 1.200 0 175 0
2.000 11.600 1.600 0 175 0
2.000 11.600 2.000 0 175 0
2.000 11.600 2.400 0 175 0
2.000 11.600 2.800 0 175 0
2.000 12.000 0.400 150 240 80
2.000 12.000 0.800 0 175 0
2.000 12.000 1.200 0 175 0
2.000 12.000 1.600 0 175 0
2.000 12.000 2.000 0 175 0
2.000 12.000 2.400 0 175 0
2.000 12.000 2.800 0 175 0
2.000 12.400 0.400 150 240 80
2.000 12.400 1.200 0 175 0
2.000 12.400 1.600 0 175 0
2.000 12.400 2.000 0 175 0
2.000 12.800 0.400 150 240 80
2.000 13.200 0.400 150 240 80
2.000 13.600 0.400 150 240 80
2.000 14.000 0.400 150 240 80
2.000 14.400 0.400 150 240 80
2.000 14.400 5.200 0 175 0
2.000 14.800 0.400 150 240 80
2.000 15.200 0.400 150 240 80
2.000 15.600 0.400 150 240 80
2.000 16.000 0.400 150 240 80
2.000 16.400 0.400 150 240 80
2.000 16.800 0.400 150 240 80
2.000 17.200 0.400 150 240 80
2.000 17.200 3.600 0 175 0
2.000 17.600 0.400 150 240 80
2.000 18.000 0.400 150 240 80
2.000 18.400 0.400 150 240 80
2.000 18.800 0.400 75 0 75
2.000 19.200 0.400 75 0 75
2.000 19.600 0.400 75 0 75
2.000 20.000 0.400 75 0 75
2.000 20.400 0.400 75 0 75
2.000 20.800 0.400 100 150 245
2.000 20.800 0.800 100 150 245
2.000 21.200 0.400 100 150 245
2.000 21.200 0.800 100 150 245
2.000 21.600 0.800 100 150 245
2.000 22.000 0.400 100 150 245
2.000 22.000 0.800 100 150 245
2.000 22.400 0.400 100 150 245
2.000 22.400 0.800 100 150 245
2.000 27.200 0.400 75 0 75
2.000 29.200 0.400 75 0 75
2.000 30.000 0.400 150 240 80
2.000 30.400 0.400 150 240 80
2.000 30.800 0.400 150 240 80
2.000 31.200 0.400 150 240 80
2.000 31.600 0.400 150 240 80
2.000 32.000 0.400 150 240 80
2.000 32.400 0.400 150 240 80
2.000 32.800 0.400 150 240 80
2.000 33.200 0.400 150 240 80
2.000 33.600 0.400 150 240 80
2.000 34.000 0.400 150 240 80
2.000 34.400 0.400 150 240 80
2.000 34.800 0.400 150 240 80
2.000 35.200 0.400 150 240 80
2.000 35.600 0.400 150 240 80
2.000 36.000 0.400 150 240 80
2.000 36.400 0.400 150 240 80
2.000 36.800 0.400 150 240 80
2.000 37.200 0.400 150 240 80
2.000 37.600 0.400 150 240 80
2.000 38.000 0.400 150 240 80
2.000 38.400 0.400 150 240 80
2.000 38.800 0.400 150 240 80
2.000 39.200 0.400 150 240 80
2.000 43.600 0.000 150 240 80
2.000 44.000 0.000 150 240 80
2.000 44.400 0.000 150 240 80
2.000 44.800 0.000 150 240 80
2.000 45.200 0.000 150 240 80
2.000 45.600 0.000 150 240 80
2.000 46.000 0.000 150 240 80
2.400 2.000 0.800 255 200 0
2.400 4.000 2.800 255 200 0
2.400 4.000 3.200 255 200 0
2.400 4.000 3.600 255 200 0
2.400 4.400 2.800 255 200 0
2.400 4.400 3.200 255 200 0
2.400 4.400 3.600 255 200 0
2.400 5.200 2.800 255 200 0
2.400 5.200 3.200 255 200 0
2.400 5.200 3.600 255 200 0
2.400 5.600 2.400 255 200 0
2.400 5.600 2.800 255 200 0
2.400 6.000 0.400 150 240 80
2.400 6.000 0.800 255 200 0
2.400 6.000 1.200 255 200 0
2.400 6.000 1.600 255 200 0
2.400 6.000 2.000 255 200 0
2.400 6.000 2.400 255 200 0
2.400 6.000 2.800 255 200 0
2.400 6.000 3.200 255 200 0
2.400 6.800 0.400 150 240 80
2.400 7.200 0.400 150 240 80
2.400 7.600 0.400 150 240 80
2.400 8.000 0.400 150 240 80
2.400 8.400 0.400 150 240 80
2.400 8.800 0.400 150 240 80
2.400 9.200 0.400 150 240 80
2.400 9.600 0.400 150 240 80
2.400 10.000 0.400 150 240 80
2.400 10.400 0.400 150 240 80
2.400 10.800 0.400 150 240 80
2.400 10.800 2.000 0 175 0
2.400 11.200 0.400 150 240 80
2.400 11.200 1.600 0 175 0
2.400 11.200 2.000 0 175 0
2.400 11.600 0.400 150 240 80
2.400 11.600 0.800 0 175 0
2.400 11.600 1.600 0 175 0
2.400 11.600 2.000 0 175 0
2.400 12.000 0.400 150 240 80
2.400 12.000 2.800 0 175 0
2.400 12.400 0.400 150 240 80
2.400 12.800 0.400 150 240 80
2.400 13.200 0.400 150 240 80
2.400 13.600 0.400 150 240 80
2.400 14.000 0.400 150 240 80
2.400 14.400 0.400 150 240 80
2.400 14.800 0.400 150 240 80
2.400 15.200 0.400 150 240 80
2.400 15.600 0.400 150 240 80
2.400 15.600 4.000 0 175 0
2.400 15.600 4.400 0 175 0
2.400 16.000 0.400 150 240 80
2.400 16.000 3.600 0 175 0
2.400 16.000 4.000 0 175 0
2.400 16.400 0.400 150 240 80
2.400 16.400 4.400 0 175 0
2.400 16.800 0.400 150 240 80
2.400 17.200 0.400 150 240 80
2.400 17.200 4.000 0 175 0
2.400 17.200 4.400 0 175 0
2.400 17.600 0.400 150 240 80
2.400 17.600 4.000 0 175 0
2.400 17.600 4.400 0 175 0
2.400 18.000 0.400 150 240 80
2.400 18.000 5.200 0 175 0
2.400 18.400 0.400 150 240 80
2.400 18.400 3.200 0 175 0
2.400 18.800 0.400 75 0 75
2.400 18.800 3.200 0 175 0
2.400 18.800 3.600 0 175 0
2.400 19.200 0.400 75 0 75
2.400 19.600 0.400 75 0 75
2.400 20.000 0.400 75 0 75
2.400 20.400 0.400 75 0 75
2.400 20.800 0.400 100 150 245
2.400 21.200 0.400 100 150 245
2.400 21.200 0.800 100 150 245
2.400 21.600 0.400 100 150 245
2.400 21.600 0.800 100 150 245
2.400 22.000 0.400 100 150 245
2.400 22.000 0.800 100 150 245
2.400 22.400 0.800 100 150 245
2.400 26.800 0.400 255 0 255
2.400 27.200 0.400 255 0 255
2.400 27.600 0.400 75 0 75
2.400 30.000 0.400 150 240 80
2.400 30.400 0.400 150 240 80
2.400 30.800 0.400 150 240 80
2.400 31.200 0.400 150 240 80
2.400 31.600 0.400 150 240 80
2.400 32.000 0.400 150 240 80
2.400 32.400 0.400 150 240 80
2.400 32.800 0.400 150 240 80
2.400 33.200 0.400 150 240 80
2.400 33.600 0.400 150 240 80
2.400 34.000 0.400 150 240 80
2.400 34.400 0.400 150 240 80
2.400 34.800 0.400 150 240 80
2.400 35.200 0.400 150 240 80
2.400 35.600 0.400 150 240 80
2.400 36.000 0.400 150 240 80
2.400 36.400 0.400 150 240 80
2.400 36.800 0.400 150 240 80
2.400 37.200 0.400 150 240 80
2.400 37.600 0.400 150 240 80
2.400 38.000 0.400 150 240 80
2.400 38.800 0.400 150 240 80
2.400 42.400 0.000 75 0 75
2.400 42.800 0.000 75 0 75
2.400 43.200 0.000 75 0 75
2.400 43.600 0.000 75 0 75
2.400 44.000 0.000 75 0 75
2.400 44.400 0.000 150 240 80
2.400 44.800 0.000 150 240 80
2.400 45.200 0.000 150 240 80
2.400 45.600 0.000 150 240 80
2.400 46.000 0.000 150 240 80
2.400 46.400 0.000 150 240 80
2.800 2.000 0.800 255 200 0
2.800 3.600 2.800 255 200 0
2.800 3.600 3.200 255 200 0
2.800 4.000 2.800 255 200 0
2.800 4.000 3.200 255 200 0
2.800 5.600 0.800 255 200 0
2.800 5.600 1.200 255 200 0
2.800 5.600 1.600 255 200 0
2.800 5.600 2.000 255 200 0
2.800 5.600 2.800 255 200 0
2.800 5.600 3.200 255 200 0
2.800 5.600 3.600 255 200 0
2.800 6.000 1.600 255 200 0
2.800 6.000 2.400 255 200 0
2.800 6.000 2.800 255 200 0
2.800 6.000 3.200 255 200 0
2.800 6.000 3.600 255 200 0
2.800 6.400 0.400 150 240 80
2.800 6.400 2.800 255 200 0
2.800 6.800 0.400 150 240 80
2.800 7.200 0.400 150 240 80
2.800 7.600 0.400 150 240 80
2.800 8.000 0.400 150 240 80
2.800 8.400 0.400 150 240 80
2.800 8.800 0.400 150 240 80
2.800 9.200 0.400 150 240 80
2.800 9.600 0.400 150 240 80
2.800 10.000 0.400 150 240 80
2.800 10.400 0.400 150 240 80
2.800 10.800 0.400 150 240 80
2.800 11.200 0.400 150 240 80
2.800 11.600 0.400 150 240 80
2.800 12.000 0.400 150 240 80
2.800 12.400 0.400 150 240 80
2.800 12.800 0.400 150 240 80
2.800 13.200 0.400 150 240 80
2.800 13.600 0.400 150 240 80
2.800 14.000 0.400 150 240 80
2.800 14.400 0.400 150 240 80
2.800 14.800 0.400 150 240 80
2.800 15.200 0.400 150 240 80
2.800 15.600 0.400 150 240 80
2.800 15.600 3.200 0 175 0
2.800 16.000 0.400 150 240 80
2.800 16.000 3.600 0 175 0
2.800 16.400 0.400 150 240 80
2.800 16.400 4.400 0 175 0
2.800 16.400 4.800 0 175 0
2.800 16.800 0.400 150 240 80
2.800 17.200 0.400 150 240 80
2.800 17.200 4.400 0 175 0
2.800 17.600 0.400 150 240 80
2.800 17.600 4.000 0 175 0
2.800 17.600 4.400 0 175 0
2.800 18.000 0.400 150 240 80
2.800 18.400 0.400 150 240 80
2.800 18.800 0.400 75 0 75
2.800 18.800 3.600 0 175 0
2.800 19.200 0.400 75 0 75
2.800 19.200 3.600 0 175 0
2.800 19.600 0.400 75 0 75
2.800 19.600 2.800 0 175 0
2.800 20.000 0.400 75 0 75
2.800 20.400 0.400 75 0 75
2.800 27.600 0.000 75 0 75
2.800 27.600 0.400 75 0 75
2.800 28.000 0.400 75 0 75
2.800 29.200 0.400 75 0 75
2.800 30.000 0.400 150 240 80
2.800 30.400 0.400 150 240 80
2.800 30.800 0.400 150 240 80
2.800 31.200 0.400 150 240 80
2.800 31.600 0.400 150 240 80
2.800 32.000 0.400 150 240 80
2.800 32.400 0.400 150 240 80
2.800 32.800 0.400 150 240 80
2.800 33.200 0.400 150 240 80
2.800 33.600 0.400 150 240 80
2.800 34.000 0.400 150 240 80
2.800 34.400 0.400 150 240 80
2.800 34.800 0.400 150 240 80
2.800 35.200 0.400 150 240 80
2.800 35.600 0.400 150 240 80
2.800 36.000 0.400 150 240 80
2.800 36.400 0.400 150 240 80
2.800 36.800 0.400 150 240 80
2.800 37.200 0.400 150 240 80
2.800 37.600 0.400 150 240 80
2.800 38.000 0.400 150 240 80
2.800 38.400 0.400 150 240 80
2.800 40.000 0.400 150 240 80
2.800 40.800 0.400 150 240 80
2.800 42.400 0.000 75 0 75
2.800 42.400 0.400 75 0 75
2.800 42.800 0.000 75 0 75
2.800 43.200 0.000 75 0 75
2.800 43.600 0.000 75 0 75
2.800 44.000 0.000 75 0 75
2.800 44.400 0.000 75 0 75
2.800 44.800 0.000 75 0 75
2.800 45.200 0.000 150 240 80
2.800 45.600 0.000 150 240 80
2.800 46.000 0.000 150 240 80
3.200 1.600 0.800 255 200 0
3.200 3.200 2.800 255 200 0
3.200 3.200 3.200 255 200 0
3.200 3.600 2.800 255 200 0
3.200 3.600 3.200 255 200 0
3.200 5.200 0.800 255 200 0
3.200 5.200 1.200 255 200 0
3.200 5.600 0.800 255 200 0
3.200 5.600 1.200 255 200 0
3.200 5.600 1.600 255 200 0
3.200 5.600 2.000 255 200 0
3.200 5.600 2.400 255 200 0
3.200 5.600 2.800 255 200 0
3.200 5.600 3.200 255 200 0
3.200 5.600 3.600 255 200 0
3.200 6.000 0.400 150 240 80
3.200 6.000 2.400 255 200 0
3.200 6.000 2.800 255 200 0
3.200 6.000 3.200 255 200 0
3.200 6.400 0.400 150 240 80
3.200 6.800 0.400 150 240 80
3.200 7.200 0.400 150 240 80
3.200 7.600 0.400 150 240 80
3.200 8.000 0.400 150 240 80
3.200 8.400 0.400 150 240 80
3.200 8.800 0.400 150 240 80
3.200 9.200 0.400 150 240 80
3.200 9.600 0.400 150 240 80
3.200 10.000 0.400 150 240 80
3.200 10.400 0.400 150 240 80
3.200 10.800 0.400 150 240 80
3.200 11.200 0.400 150 240 80
3.200 11.600 0.400 150 240 80
3.200 12.000 0.400 150 240 80
3.200 12.400 0.400 150 240 80
3.200 12.800 0.400 150 240 80
3.200 13.200 0.400 150 240 80
3.200 13.600 0.400 150 240 80
3.200 14.000 0.400 150 240 80
3.200 14.400 0.400 150 240 80
3.200 14.800 0.400 150 240 80
3.200 15.200 0.400 150 240 80
3.200 15.200 3.200 0 175 0
3.200 15.600 0.400 150 240 80
3.200 15.600 3.200 0 175 0
3.200 16.000 0.400 150 240 80
3.200 16.000 3.600 0 175 0
3.200 16.400 0.400 150 240 80
3.200 16.400 4.800 0 175 0
3.200 16.800 0.400 150 240 80
3.200 17.200 0.400 150 240 80
3.200 17.600 0.400 150 240 80
3.200 18.000 0.400 150 240 80
3.200 18.400 0.400 150 240 80
3.200 18.800 0.400 75 0 75
3.200 18.800 3.600 0 175 0
3.200 19.200 0.400 75 0 75
3.200 19.600 0.400 75 0 75
3.200 19.600 3.200 0 175 0
3.200 20.000 0.400 75 0 75
3.200 20.000 2.800 0 175 0
3.200 20.400 0.400 75 0 75
3.200 20.400 2.800 0 175 0
3.200 20.800 0.400 75 0 75
3.200 27.200 0.400 255 0 255
3.200 27.600 0.400 75 0 75
3.200 28.000 0.000 75 0 75
3.200 29.600 0.400 75 0 75
3.200 30.000 0.400 150 240 80
3.200 30.400 0.400 150 240 80
3.200 30.800 0.400 150 240 80
3.200 31.200 0.400 150 240 80
3.200 31.600 0.400 150 240 80
3.200 32.000 0.400 150 240 80
3.200 32.400 0.400 150 240 80
3.200 32.800 0.400 150 240 80
3.200 33.200 0.400 150 240 80
3.200 33.600 0.400 150 240 80
3.200 34.000 0.400 150 240 80
3.200 34.400 0.400 150 240 80
3.200 34.800 0.400 150 240 80
3.200 35.200 0.400 150 240 80
3.200 35.600 0.400 150 240 80
3.200 36.000 0.400 150 240 80
3.200 36.400 0.400 150 240 80
3.200 36.800 0.400 150 240 80
3.200 37.200 0.400 150 240 80
3.200 37.600 0.400 150 240 80
3.200 38.000 0.400 150 240 80
3.200 38.400 0.400 150 240 80
3.200 38.800 0.400 150 240 80
3.200 41.200 0.400 150 240 80
3.200 41.600 0.000 75 0 75
3.200 42.000 0.000 75 0 75
3.200 42.400 0.000 75 0 75
3.200 42.800 0.000 75 0 75
3.200 43.200 0.000 75 0 75
3.200 43.600 0.000 75 0 75
3.200 44.000 0.000 75 0 75
3.200 44.400 0.000 75 0 75
3.200 44.800 0.000 75 0 75
3.200 45.200 0.000 75 0 75
3.200 45.600 0.000 75 0 75
3.200 46.000 0.000 150 240 80
3.200 46.400 0.000 150 240 80
3.600 0.000 2.400 255 200 0
3.600 0.000 3.200 255 200 0
3.600 0.000 4.400 255 200 0
3.600 0.000 4.800 255 200 0
3.600 0.000 5.200 255 200 0
3.600 0.000 5.600 0 175 0
3.600 0.400 4.800 255 200 0
3.600 3.200 2.800 255 200 0
3.600 3.200 3.200 255 200 0
3.600 3.200 3.600 255 200 0
3.600 3.600 2.800 255 200 0
3.600 3.600 3.200 255 200 0
3.600 3.600 3.600 255 200 0
3.600 5.200 0.800 255 200 0
3.600 5.200 1.200 255 200 0
3.600 5.200 1.600 255 200 0
3.600 5.200 2.000 255 200 0
3.600 5.600 0.800 255 200 0
3.600 5.600 1.200 255 200 0
3.600 5.600 2.400 255 200 0
3.600 5.600 2.800 255 200 0
3.600 5.600 3.200 255 200 0
3.600 6.000 0.400 150 240 80
3.600 6.400 0.400 150 240 80
3.600 6.800 0.400 150 240 80
3.600 7.200 0.400 150 240 80
3.600 7.600 0.400 150 240 80
3.600 8.000 0.400 150 240 80
3.600 8.400 0.400 150 240 80
3.600 8.800 0.400 150 240 80
3.600 9.200 0.400 150 240 80
3.600 9.600 0.400 150 240 80
3.600 10.000 0.400 150 240 80
3.600 10.400 0.400 150 240 80
3.600 10.800 0.400 150 240 80
3.600 11.200 0.400 150 240 80
3.600 11.600 0.400 150 240 80
3.600 12.000 0.400 150 240 80
3.600 12.400 0.400 150 240 80
3.600 12.800 0.400 150 240 80
3.600 13.200 0.400 150 240 80
3.600 13.600 0.400 150 240 80
3.600 14.000 0.400 150 240 80
3.600 14.400 0.400 150 240 80
3.600 14.800 0.400 150 240 80
3.600 15.200 0.400 150 240 80
3.600 15.600 0.400 150 240 80
3.600 15.600 3.200 0 175 0
3.600 16.000 0.400 150 240 80
3.600 16.000 3.200 0 175 0
3.600 16.400 0.400 150 240 80
3.600 16.800 0.400 150 240 80
3.600 18.000 0.400 150 240 80
3.600 18.400 0.400 150 240 80
3.600 18.800 0.400 75 0 75
3.600 18.800 3.600 0 175 0
3.600 19.200 0.400 75 0 75
3.600 19.600 0.400 75 0 75
3.600 20.000 0.400 75 0 75
3.600 20.000 3.200 0 175 0
3.600 20.400 0.400 75 0 75
3.600 20.800 0.400 75 0 75
3.600 27.600 0.400 75 0 75
3.600 28.000 0.400 75 0 75
3.600 28.800 0.400 75 0 75
3.600 29.200 0.400 75 0 75
3.600 30.000 0.400 150 240 80
3.600 30.400 0.400 150 240 80
3.600 30.800 0.400 150 240 80
3.600 31.200 0.400 150 240 80
3.600 31.600 0.400 150 240 80
3.600 32.000 0.400 150 240 80
3.600 32.400 0.400 150 240 80
3.600 32.800 0.400 150 240 80
3.600 33.200 0.400 150 240 80
3.600 33.600 0.400 150 240 80
3.600 34.000 0.400 150 240 80
3.600 34.000 3.600 0 175 0
3.600 34.000 4.000 0 175 0
3.600 34.400 0.400 150 240 80
3.600 34.800 0.400 150 240 80
3.600 35.200 0.400 150 240 80
3.600 35.600 0.400 150 240 80
3.600 36.000 0.400 150 240 80
3.600 36.400 0.400 150 240 80
3.600 36.800 0.400 150 240 80
3.600 37.200 0.400 150 240 80
3.600 37.600 0.400 150 240 80
3.600 38.000 0.400 150 240 80
3.600 41.600 0.000 75 0 75
3.600 42.000 0.000 75 0 75
3.600 42.400 0.000 75 0 75
3.600 42.400 0.400 75 0 75
3.600 42.800 0.000 75 0 75
3.600 43.200 0.000 75 0 75
3.600 43.600 0.000 75 0 75
3.600 44.000 0.000 75 0 75
3.600 44.400 0.000 75 0 75
3.600 44.800 0.000 75 0 75
3.600 45.200 0.000 75 0 75
3.600 45.600 0.000 75 0 75
3.600 46.000 0.000 75 0 75
3.600 46.400 0.000 75 0 75
3.600 46.800 0.000 75 0 75
3.600 47.200 0.000 75 0 75
4.000 0.000 6.000 0 175 0
4.000 0.400 2.000 255 200 0
4.000 0.400 2.400 255 200 0
4.000 0.400 2.800 255 200 0
4.000 0.400 3.200 255 200 0
4.000 0.400 4.400 255 200 0
4.000 0.800 4.400 255 200 0
4.000 0.800 4.800 255 200 0
4.000 0.800 5.200 255 200 0
4.000 0.800 5.600 255 200 0
4.000 0.800 6.000 255 200 0
4.000 1.200 0.800 255 200 0
4.000 2.800 3.200 255 200 0
4.000 2.800 3.600 255 200 0
4.000 3.200 2.800 255 200 0
4.000 3.200 3.200 255 200 0
4.000 3.200 3.600 255 200 0
4.000 4.800 0.800 255 200 0
4.000 4.800 1.200 255 200 0
4.000 5.200 0.800 255 200 0
4.000 5.200 1.200 255 200 0
4.000 5.200 1.600 255 200 0
4.000 5.200 2.000 255 200 0
4.000 5.200 2.400 255 200 0
4.000 5.200 2.800 255 200 0
4.000 5.600 0.400 150 240 80
4.000 5.600 1.200 255 200 0
4.000 5.600 2.400 255 200 0
4.000 6.000 0.400 150 240 80
4.000 6.400 0.400 150 240 80
4.000 6.800 0.400 150 240 80
4.000 7.200 0.400 150 240 80
4.000 7.600 0.400 150 240 80
4.000 8.000 0.400 150 240 80
4.000 8.400 0.400 150 240 80
4.000 8.800 0.400 150 240 80
4.000 9.200 0.400 150 240 80
4.000 9.600 0.400 150 240 80
4.000 10.000 0.400 150 240 80
4.000 10.400 0.400 150 240 80
4.000 10.800 0.400 150 240 80
4.000 11.200 0.400 150 240 80
4.000 11.600 0.400 150 240 80
4.000 12.000 0.400 150 240 80
4.000 12.400 0.400 150 240 80
4.000 12.800 0.400 150 240 80
4.000 13.200 0.400 150 240 80
4.000 13.600 0.400 150 240 80
4.000 14.000 0.400 150 240 80
4.000 14.400 0.400 150 240 80
4.000 14.800 0.400 150 240 80
4.000 15.200 0.400 150 240 80
4.000 15.600 0.400 150 240 80
4.000 16.000 0.400 150 240 80
4.000 18.400 0.400 150 240 80
4.000 18.800 0.400 75 0 75
4.000 19.200 0.400 75 0 75
4.000 19.600 0.400 75 0 75
4.000 20.000 0.400 75 0 75
4.000 20.400 0.400 75 0 75
4.000 20.800 0.400 75 0 75
4.000 27.600 0.400 75 0 75
4.000 29.600 0.400 75 0 75
4.000 30.000 0.400 150 240 80
4.000 30.400 0.400 150 240 80
4.000 30.800 0.400 150 240 80
4.000 31.200 0.400 150 240 80
4.000 31.600 0.400 150 240 80
4.000 32.000 0.400 150 240 80
4.000 32.000 3.200 0 175 0
4.000 32.400 0.400 150 240 80
4.000 32.400 3.200 0 175 0
4.000 32.800 0.400 150 240 80
4.000 32.800 3.200 0 175 0
4.000 33.200 0.400 150 240 80
4.000 33.200 3.200 0 175 0
4.000 33.600 0.400 150 240 80
4.000 33.600 4.000 0 175 0
4.000 34.000 0.400 150 240 80
4.000 34.400 0.400 150 240 80
4.000 34.800 0.400 150 240 80
4.000 34.800 3.600 0 175 0
4.000 35.200 0.400 150 240 80
4.000 35.600 0.400 150 240 80
4.000 36.000 0.400 150 240 80
4.000 36.400 0.400 150 240 80
4.000 36.800 0.400 150 240 80
4.000 37.200 0.400 150 240 80
4.000 37.600 0.400 150 240 80
4.000 38.000 0.400 150 240 80
4.000 42.000 0.000 75 0 75
4.000 42.400 0.000 75 0 75
4.000 42.800 0.000 75 0 75
4.000 43.200 0.000 75 0 75
4.000 43.600 0.000 75 0 75
4.000 44.000 0.000 75 0 75
4.000 44.400 0.000 75 0 75
4.000 44.800 0.000 75 0 75
4.000 45.200 0.000 75 0 75
4.000 45.600 0.000 75 0 75
4.000 46.000 0.000 75 0 75
4.000 46.400 0.000 75 0 75
4.000 46.800 0.000 75 0 75
4.000 47.200 0.000 75 0 75
4.000 48.000 0.000 75 0 75
4.400 0.000 5.200 0 175 0
4.400 1.200 1.600 255 200 0
4.400 1.200 2.000 255 200 0
4.400 1.200 2.400 255 200 0
4.400 1.200 2.800 255 200 0
4.400 1.200 3.200 255 200 0
4.400 1.200 3.600 255 200 0
4.400 1.200 4.000 255 200 0
4.400 1.200 4.400 255 200 0
4.400 1.600 0.800 255 200 0
4.400 1.600 2.800 255 200 0
4.400 1.600 3.200 255 200 0
4.400 1.600 3.600 255 200 0
4.400 1.600 4.000 255 200 0
4.400 1.600 4.400 255 200 0
4.400 1.600 4.800 255 200 0
4.400 1.600 5.200 255 200 0
4.400 1.600 5.600 255 200 0
4.400 1.600 6.000 255 200 0
4.400 2.800 0.800 255 200 0
4.400 2.800 2.800 255 200 0
4.400 2.800 3.200 255 200 0
4.400 3.200 2.800 255 200 0
4.400 4.800 0.800 255 200 0
4.400 4.800 1.200 255 200 0
4.400 4.800 1.600 255 200 0
4.400 4.800 2.000 255 200 0
4.400 4.800 2.400 255 200 0
4.400 4.800 2.800 255 200 0
4.400 5.200 2.000 255 200 0
4.400 5.200 2.400 255 200 0
4.400 5.200 2.800 255 200 0
4.400 5.600 0.400 150 240 80
4.400 6.000 0.400 150 240 80
4.400 6.400 0.400 150 240 80
4.400 6.800 0.400 150 240 80
4.400 6.800 2.000 0 175 0
4.400 7.200 0.400 150 240 80
4.400 7.200 1.200 0 175 0
4.400 7.200 1.600 0 175 0
4.400 7.200 2.000 0 175 0
4.400 7.200 2.400 0 175 0
4.400 7.600 0.400 150 240 80
4.400 7.600 1.200 0 175 0
4.400 7.600 1.600 0 175 0
4.400 7.600 2.400 0 175 0
4.400 8.000 0.400 150 240 80
4.400 8.000 1.600 0 175 0
4.400 8.000 2.000 0 175 0
4.400 8.000 2.400 0 175 0
4.400 8.400 0.400 150 240 80
4.400 8.400 2.000 0 175 0
4.400 8.400 2.400 0 175 0
4.400 8.800 0.400 150 240 80
4.400 9.200 0.400 150 240 80
4.400 9.600 0.400 150 240 80
4.400 10.000 0.400 150 240 80
4.400 10.400 0.400 150 240 80
4.400 10.800 0.400 150 240 80
4.400 11.200 0.400 150 240 80
4.400 11.600 0.400 150 240 80
4.400 12.000 0.400 150 240 80
4.400 12.400 0.400 150 240 80
4.400 12.800 0.400 150 240 80
4.400 13.200 0.400 150 240 80
4.400 13.600 0.400 150 240 80
4.400 14.000 0.400 150 240 80
4.400 14.400 0.400 150 240 80
4.400 14.800 0.400 150 240 80
4.400 15.200 0.400 150 240 80
4.400 15.600 0.400 150 240 80
4.400 18.800 0.400 75 0 75
4.400 19.200 0.400 75 0 75
4.400 19.600 0.400 75 0 75
4.400 20.000 0.400 75 0 75
4.400 20.400 0.400 75 0 75
4.400 20.800 0.400 75 0 75
4.400 29.200 0.400 75 0 75
4.400 29.600 0.400 75 0 75
4.400 30.000 0.400 150 240 80
4.400 30.400 0.400 150 240 80
4.400 30.800 0.400 150 240 80
4.400 31.200 0.400 150 240 80
4.400 31.600 0.400 150 240 80
4.400 32.000 0.400 150 240 80
4.400 32.400 0.400 150 240 80
4.400 32.400 3.600 0 175 0
4.400 32.800 0.400 150 240 80
4.400 32.800 3.600 0 175 0
4.400 32.800 4.400 0 175 0
4.400 33.200 0.400 150 240 80
4.400 33.600 0.400 150 240 80
4.400 33.600 4.000 0 175 0
4.400 34.000 0.400 150 240 80
4.400 34.400 0.400 150 240 80
4.400 34.800 0.400 150 240 80
4.400 34.800 3.200 0 175 0
4.400 35.200 0.400 150 240 80
4.400 35.600 0.400 150 240 80
4.400 36.000 0.400 150 240 80
4.400 36.400 0.400 150 240 80
4.400 36.800 0.400 150 240 80
4.400 37.200 0.400 150 240 80
4.400 37.600 0.400 150 240 80
4.400 38.000 0.400 150 240 80
4.400 38.400 0.400 150 240 80
4.400 39.200 0.400 150 240 80
4.400 39.600 0.400 150 240 80
4.400 40.000 0.400 150 240 80
4.400 42.000 0.000 75 0 75
4.400 42.400 0.000 75 0 75
4.400 42.800 0.000 75 0 75
4.400 43.200 0.000 75 0 75
4.400 43.600 0.000 75 0 75
4.400 44.000 0.000 75 0 75
4.400 44.400 0.000 75 0 75
4.400 44.800 0.000 75 0 75
4.400 45.200 0.000 75 0 75
4.400 45.600 0.000 75 0 75
4.400 46.000 0.000 75 0 75
4.400 46.400 0.000 75 0 75
4.400 46.800 0.000 75 0 75
4.400 47.200 0.000 75 0 75
4.400 47.600 0.000 75 0 75
4.400 48.000 0.000 75 0 75
4.800 1.600 2.000 255 200 0
4.800 1.600 2.800 255 200 0
4.800 1.600 3.200 255 200 0
4.800 2.000 1.600 255 200 0
4.800 2.000 2.000 255 200 0
4.800 2.000 2.400 255 200 0
4.800 2.000 2.800 255 200 0
4.800 2.000 3.200 255 200 0
4.800 2.000 3.600 255 200 0
4.800 2.000 4.000 255 200 0
4.800 2.000 4.400 255 200 0
4.800 2.400 2.000 255 200 0
4.800 2.400 2.400 255 200 0
4.800 2.400 2.800 255 200 0
4.800 2.400 3.200 255 200 0
4.800 2.400 3.600 255 200 0
4.800 2.400 4.000 255 200 0
4.800 2.400 4.400 255 200 0
4.800 2.400 4.800 255 200 0
4.800 2.400 5.200 255 200 0
4.800 2.400 5.600 255 200 0
4.800 2.800 2.800 255 200 0
4.800 3.200 2.800 255 200 0
4.800 4.400 0.800 255 200 0
4.800 4.400 1.200 255 200 0
4.800 4.800 0.800 255 200 0
4.800 4.800 1.600 255 200 0
4.800 4.800 2.000 255 200 0
4.800 4.800 2.400 255 200 0
4.800 4.800 2.800 255 200 0
4.800 5.600 0.400 150 240 80
4.800 6.000 0.400 150 240 80
4.800 6.400 0.400 150 240 80
4.800 6.800 0.400 150 240 80
4.800 7.200 0.400 150 240 80
4.800 7.200 0.800 0 175 0
4.800 7.200 1.200 0 175 0
4.800 7.200 1.600 0 175 0
4.800 7.200 2.800 0 175 0
4.800 7.600 0.400 150 240 80
4.800 7.600 0.800 0 175 0
4.800 7.600 1.200 0 175 0
4.800 7.600 1.600 0 175 0
4.800 7.600 2.400 0 175 0
4.800 7.600 2.800 0 175 0
4.800 8.000 0.400 150 240 80
4.800 8.000 0.800 0 175 0
4.800 8.000 1.200 0 175 0
4.800 8.000 1.600 0 175 0
4.800 8.000 2.000 0 175 0
4.800 8.000 2.400 0 175 0
4.800 8.400 0.400 150 240 80
4.800 8.400 0.800 0 175 0
4.800 8.400 1.600 0 175 0
4.800 8.400 2.000 0 175 0
4.800 8.400 2.400 0 175 0
4.800 8.800 0.400 150 240 80
4.800 9.200 0.400 150 240 80
4.800 9.600 0.400 150 240 80
4.800 10.000 0.400 150 240 80
4.800 10.400 0.400 150 240 80
4.800 10.800 0.400 150 240 80
4.800 11.200 0.400 150 240 80
4.800 11.600 0.400 150 240 80
4.800 12.000 0.400 150 240 80
4.800 12.400 0.400 150 240 80
4.800 12.800 0.400 150 240 80
4.800 13.200 0.400 150 240 80
4.800 14.000 0.400 150 240 80
4.800 14.800 0.400 150 240 80
4.800 15.200 0.400 150 240 80
4.800 15.600 0.400 150 240 80
4.800 16.000 0.400 150 240 80
4.800 18.800 0.400 75 0 75
4.800 19.200 0.400 75 0 75
4.800 19.600 0.400 75 0 75
4.800 20.000 0.400 75 0 75
4.800 20.400 0.400 75 0 75
4.800 20.800 0.400 75 0 75
4.800 28.800 0.400 75 0 75
4.800 29.600 0.400 75 0 75
4.800 30.000 0.400 150 240 80
4.800 30.400 0.400 150 240 80
4.800 30.800 0.400 150 240 80
4.800 31.200 0.400 150 240 80
4.800 31.600 0.400 150 240 80
4.800 32.000 0.400 150 240 80
4.800 32.000 4.400 0 175 0
4.800 32.400 0.400 150 240 80
4.800 32.400 3.200 0 175 0
4.800 32.800 0.400 150 240 80
4.800 32.800 3.200 0 175 0
4.800 32.800 3.600 0 175 0
4.800 33.200 0.400 150 240 80
4.800 33.600 0.400 150 240 80
4.800 34.000 0.400 150 240 80
4.800 34.400 0.400 150 240 80
4.800 34.800 0.400 150 240 80
4.800 35.200 0.400 150 240 80
4.800 35.600 0.400 150 240 80
4.800 36.000 0.400 150 240 80
4.800 36.400 0.400 150 240 80
4.800 36.800 0.400 150 240 80
4.800 36.800 4.000 0 175 0
4.800 37.200 0.400 150 240 80
4.800 37.600 0.400 150 240 80
4.800 38.000 0.400 150 240 80
4.800 38.400 0.400 150 240 80
4.800 38.800 0.400 150 240 80
4.800 39.600 0.400 150 240 80
4.800 40.000 0.400 150 240 80
4.800 42.000 0.000 75 0 75
4.800 42.400 0.000 75 0 75
4.800 42.800 0.000 75 0 75
4.800 43.200 0.000 75 0 75
4.800 43.600 0.000 75 0 75
4.800 44.000 0.000 75 0 75
4.800 44.400 0.000 75 0 75
4.800 44.800 0.000 75 0 75
4.800 45.200 0.000 75 0 75
4.800 45.600 0.000 75 0 75
4.800 46.000 0.000 75 0 75
4.800 46.400 0.000 75 0 75
4.800 46.800 0.000 75 0 75
4.800 47.200 0.000 75 0 75
4.800 47.600 0.000 75 0 75
4.800 48.000 0.000 75 0 75
4.800 48.400 0.000 75 0 75
5.200 2.400 1.600 255 200 0
5.200 2.400 2.000 255 200 0
5.200 2.400 2.400 255 200 0
5.200 2.400 2.800 255 200 0
5.200 2.400 3.200 255 200 0
5.200 2.800 2.000 255 200 0
5.200 2.800 2.400 255 200 0
5.200 2.800 2.800 255 200 0
5.200 2.800 3.200 255 200 0
5.200 2.800 3.600 255 200 0
5.200 2.800 4.000 255 200 0
5.200 2.800 4.400 255 200 0
5.200 3.200 2.800 255 200 0
5.200 3.200 3.600 255 200 0
5.200 3.200 4.800 255 200 0
5.200 3.200 5.200 255 200 0
5.200 3.200 5.600 255 200 0
5.200 4.400 0.800 255 200 0
5.200 4.400 2.000 255 200 0
5.200 4.800 2.800 255 200 0
5.200 4.800 3.200 255 200 0
5.200 5.200 0.400 150 240 80
5.200 5.600 0.400 150 240 80
5.200 6.000 0.400 150 240 80
5.200 6.400 0.400 150 240 80
5.200 6.400 1.600 0 175 0
5.200 6.800 0.400 150 240 80
5.200 7.200 0.400 150 240 80
5.200 7.200 1.200 0 175 0
5.200 7.600 0.400 150 240 80
5.200 7.600 0.800 0 175 0
5.200 7.600 1.200 0 175 0
5.200 7.600 2.000 0 175 0
5.200 7.600 2.400 0 175 0
5.200 7.600 2.800 0 175 0
5.200 7.600 3.200 0 175 0
5.200 8.000 0.400 150 240 80
5.200 8.000 0.800 0 175 0
5.200 8.000 1.200 0 175 0
5.200 8.000 1.600 0 175 0
5.200 8.000 2.000 0 175 0
5.200 8.000 2.400 0 175 0
5.200 8.000 2.800 0 175 0
5.200 8.000 3.200 0 175 0
5.200 8.400 0.400 150 240 80
5.200 8.400 0.800 0 175 0
5.200 8.400 1.200 0 175 0
5.200 8.400 1.600 0 175 0
5.200 8.400 2.000 0 175 0
5.200 8.400 2.400 0 175 0
5.200 8.800 0.400 150 240 80
5.200 9.200 0.400 150 240 80
5.200 9.600 0.400 150 240 80
5.200 10.000 0.400 150 240 80
5.200 10.400 0.400 150 240 80
5.200 10.800 0.400 150 240 80
5.200 11.200 0.400 150 240 80
5.200 11.600 0.400 150 240 80
5.200 12.000 0.400 150 240 80
5.200 12.400 0.400 150 240 80
5.200 12.800 0.400 150 240 80
5.200 13.200 0.400 150 240 80
5.200 15.200 0.400 150 240 80
5.200 15.600 0.400 150 240 80
5.200 18.800 0.400 75 0 75
5.200 19.200 0.400 75 0 75
5.200 19.600 0.400 75 0 75
5.200 20.000 0.400 75 0 75
5.200 20.400 0.400 75 0 75
5.200 20.800 0.400 75 0 75
5.200 27.200 0.000 255 0 255
5.200 28.800 0.400 75 0 75
5.200 29.200 0.400 75 0 75
5.200 29.600 0.400 75 0 75
5.200 30.000 0.400 150 240 80
5.200 30.400 0.400 150 240 80
5.200 30.800 0.400 150 240 80
5.200 31.200 0.400 150 240 80
5.200 31.600 0.400 150 240 80
5.200 32.000 0.400 150 240 80
5.200 32.000 4.400 0 175 0
5.200 32.400 0.400 150 240 80
5.200 32.400 3.200 0 175 0
5.200 32.400 3.600 0 175 0
5.200 32.800 0.400 150 240 80
5.200 33.200 0.400 150 240 80
5.200 33.600 0.400 150 240 80
5.200 34.000 0.400 150 240 80
5.200 34.400 0.400 150 240 80
5.200 34.800 0.400 150 240 80
5.200 35.200 0.400 150 240 80
5.200 35.600 0.400 150 240 80
5.200 36.000 0.400 150 240 80
5.200 36.000 4.000 0 175 0
5.200 36.400 0.400 150 240 80
5.200 36.800 0.400 150 240 80
5.200 37.200 0.400 150 240 80
5.200 37.600 0.400 150 240 80
5.200 38.000 0.400 150 240 80
5.200 38.400 0.400 150 240 80
5.200 38.800 0.400 150 240 80
5.200 39.200 0.400 150 240 80
5.200 39.600 0.400 150 240 80
5.200 42.800 0.000 75 0 75
5.200 43.200 0.000 75 0 75
5.200 43.600 0.000 75 0 75
5.200 44.000 0.000 75 0 75
5.200 44.400 0.000 75 0 75
5.200 44.800 0.000 75 0 75
5.200 45.200 0.000 75 0 75
5.200 45.600 0.000 75 0 75
5.200 46.000 0.000 75 0 75
5.200 46.400 0.000 75 0 75
5.200 46.800 0.000 75 0 75
5.200 47.200 0.000 75 0 75
5.200 47.600 0.000 75 0 75
5.200 48.000 0.000 75 0 75
5.200 48.400 0.000 75 0 75
5.200 49.200 0.000 75 0 75
5.200 50.800 0.000 175 0 75
5.600 3.200 1.600 255 200 0
5.600 3.200 2.000 255 200 0
5.600 3.200 2.400 255 200 0
5.600 3.200 2.800 255 200 0
5.600 3.200 3.200 255 200 0
5.600 3.600 1.600 255 200 0
5.600 3.600 2.000 255 200 0
5.600 3.600 2.400 255 200 0
5.600 3.600 2.800 255 200 0
5.600 3.600 3.200 255 200 0
5.600 3.600 4.400 255 200 0
5.600 3.600 4.800 255 200 0
5.600 3.600 5.200 255 200 0
5.600 4.000 2.400 255 200 0
5.600 4.000 3.200 255 200 0
5.600 4.000 5.600 255 200 0
5.600 4.400 1.600 255 200 0
5.600 4.400 2.800 255 200 0
5.600 4.800 0.400 150 240 80
5.600 5.200 0.400 150 240 80
5.600 5.600 0.400 150 240 80
5.600 6.400 2.000 0 175 0
5.600 6.400 2.400 0 175 0
5.600 6.800 2.000 0 175 0
5.600 7.200 1.200 0 175 0
5.600 7.200 1.600 0 175 0
5.600 7.200 2.000 0 175 0
5.600 7.200 2.400 0 175 0
5.600 7.600 0.400 150 240 80
5.600 7.600 1.200 0 175 0
5.600 7.600 1.600 0 175 0
5.600 7.600 2.000 0 175 0
5.600 7.600 2.400 0 175 0
5.600 7.600 2.800 0 175 0
5.600 7.600 3.200 0 175 0
5.600 8.000 0.400 150 240 80
5.600 8.000 0.800 0 175 0
5.600 8.000 1.200 0 175 0
5.600 8.000 1.600 0 175 0
5.600 8.000 2.000 0 175 0
5.600 8.000 2.400 0 175 0
5.600 8.000 2.800 0 175 0
5.600 8.400 0.400 150 240 80
5.600 8.400 0.800 0 175 0
5.600 8.400 1.200 0 175 0
5.600 8.400 1.600 0 175 0
5.600 8.400 2.000 0 175 0
5.600 8.400 2.400 0 175 0
5.600 8.800 0.400 150 240 80
5.600 8.800 3.200 0 175 0
5.600 9.200 0.400 150 240 80
5.600 9.600 0.400 150 240 80
5.600 10.000 0.400 150 240 80
5.600 10.400 0.400 150 240 80
5.600 10.800 0.400 150 240 80
5.600 11.200 0.400 150 240 80
5.600 11.600 0.400 150 240 80
5.600 12.000 0.400 150 240 80
5.600 12.400 0.400 150 240 80
5.600 12.800 0.400 150 240 80
5.600 15.600 0.400 150 240 80
5.600 18.800 0.400 75 0 75
5.600 19.200 0.400 75 0 75
5.600 19.600 0.400 75 0 75
5.600 20.000 0.400 75 0 75
5.600 20.400 0.400 75 0 75
5.600 20.800 0.400 75 0 75
5.600 27.200 0.400 255 0 255
5.600 29.200 0.400 75 0 75
5.600 29.600 0.400 75 0 75
5.600 30.000 0.400 150 240 80
5.600 30.400 0.400 150 240 80
5.600 30.800 0.400 150 240 80
5.600 31.200 0.400 150 240 80
5.600 31.600 0.400 150 240 80
5.600 32.000 0.400 150 240 80
5.600 32.000 4.400 0 175 0
5.600 32.400 0.400 150 240 80
5.600 32.400 3.600 0 175 0
5.600 32.800 0.400 150 240 80
5.600 32.800 3.200 0 175 0
5.600 32.800 3.600 0 175 0
5.600 33.200 0.400 150 240 80
5.600 33.600 0.400 150 240 80
5.600 33.600 2.800 0 175 0
5.600 33.600 3.600 0 175 0
5.600 34.000 0.400 150 240 80
5.600 34.400 0.400 150 240 80
5.600 34.800 0.400 150 240 80
5.600 35.200 0.400 150 240 80
5.600 35.600 0.400 150 240 80
5.600 36.000 0.400 150 240 80
5.600 36.400 0.400 150 240 80
5.600 36.800 0.400 150 240 80
5.600 37.200 0.400 150 240 80
5.600 37.600 0.400 150 240 80
5.600 37.600 4.000 0 175 0
5.600 38.000 0.400 150 240 80
5.600 38.000 3.600 0 175 0
5.600 38.000 4.000 0 175 0
5.600 38.400 0.400 150 240 80
5.600 38.800 0.400 150 240 80
5.600 39.200 0.400 150 240 80
5.600 39.600 0.400 150 240 80
5.600 42.800 0.000 75 0 75
5.600 43.200 0.000 75 0 75
5.600 43.600 0.000 75 0 75
5.600 44.000 0.000 75 0 75
5.600 44.400 0.000 75 0 75
5.600 44.800 0.000 75 0 75
5.600 45.200 0.000 75 0 75
5.600 45.600 0.000 75 0 75
5.600 46.000 0.000 75 0 75
5.600 46.400 0.000 75 0 75
5.600 46.800 0.000 75 0 75
5.600 47.200 0.000 75 0 75
5.600 47.600 0.000 75 0 75
5.600 48.000 0.000 75 0 75
5.600 48.400 0.000 75 0 75
5.600 48.800 0.000 75 0 75
5.600 49.200 0.000 75 0 75
5.600 49.600 0.000 75 0 75
6.000 2.800 1.200 0 175 0
6.000 2.800 1.600 0 175 0
6.000 2.800 2.000 0 175 0
6.000 3.200 0.800 150 240 80
6.000 4.000 0.800 255 200 0
6.000 4.000 1.200 0 175 0
6.000 4.000 1.600 255 200 0
6.000 4.000 2.000 255 200 0
6.000 4.000 2.800 255 200 0
6.000 4.000 3.200 255 200 0
6.000 5.200 0.400 150 240 80
6.000 6.000 0.400 150 240 80
6.000 6.000 1.600 0 175 0
6.000 6.000 2.000 0 175 0
6.000 6.000 2.400 0 175 0
6.000 6.400 0.400 150 240 80
6.000 6.400 1.200 0 175 0
6.000 6.400 1.600 0 175 0
6.000 6.400 2.000 0 175 0
6.000 6.400 2.400 0 175 0
6.000 6.800 0.400 150 240 80
6.000 6.800 1.200 0 175 0
6.000 6.800 2.400 0 175 0
6.000 7.200 0.400 150 240 80
6.000 7.200 1.600 0 175 0
6.000 7.200 2.400 0 175 0
6.000 7.200 2.800 0 175 0
6.000 7.600 0.400 150 240 80
6.000 7.600 1.600 0 175 0
6.000 7.600 2.000 0 175 0
6.000 7.600 2.400 0 175 0
6.000 7.600 2.800 0 175 0
6.000 7.600 3.200 0 175 0
6.000 8.000 0.400 150 240 80
6.000 8.000 0.800 0 175 0
6.000 8.000 1.600 0 175 0
6.000 8.000 2.000 0 175 0
6.000 8.000 2.400 0 175 0
6.000 8.000 2.800 0 175 0
6.000 8.000 3.200 0 175 0
6.000 8.400 0.400 150 240 80
6.000 8.400 0.800 0 175 0
6.000 8.400 2.000 0 175 0
6.000 8.400 2.400 0 175 0
6.000 8.400 2.800 0 175 0
6.000 8.400 3.200 0 175 0
6.000 8.800 0.400 150 240 80
6.000 8.800 2.400 0 175 0
6.000 8.800 2.800 0 175 0
6.000 8.800 3.200 0 175 0
6.000 9.200 0.400 150 240 80
6.000 9.200 2.800 0 175 0
6.000 9.600 0.400 150 240 80
6.000 10.000 0.400 150 240 80
6.000 10.400 0.400 150 240 80
6.000 10.800 0.400 150 240 80
6.000 11.200 0.400 150 240 80
6.000 11.600 0.400 150 240 80
6.000 12.000 0.400 150 240 80
6.000 12.400 0.400 150 240 80
6.000 12.800 0.400 150 240 80
6.000 18.800 0.400 75 0 75
6.000 19.200 0.400 75 0 75
6.000 19.200 3.600 0 175 0
6.000 19.600 0.400 75 0 75
6.000 20.000 0.400 75 0 75
6.000 20.400 0.400 75 0 75
6.000 20.800 0.400 75 0 75
6.000 28.000 0.400 75 0 75
6.000 28.800 0.400 75 0 75
6.000 29.200 0.400 75 0 75
6.000 29.600 0.400 75 0 75
6.000 30.000 0.400 150 240 80
6.000 30.400 0.400 150 240 80
6.000 30.800 0.400 150 240 80
6.000 31.200 0.400 150 240 80
6.000 31.600 0.400 150 240 80
6.000 32.000 0.400 150 240 80
6.000 32.000 4.000 0 175 0
6.000 32.000 4.400 0 175 0
6.000 32.400 0.400 150 240 80
6.000 32.800 0.400 150 240 80
6.000 33.200 0.400 150 240 80
6.000 33.200 4.000 0 175 0
6.000 33.600 0.400 150 240 80
6.000 34.000 0.400 150 240 80
6.000 34.000 3.600 0 175 0
6.000 34.400 0.400 150 240 80
6.000 34.800 0.400 150 240 80
6.000 35.200 0.400 150 240 80
6.000 35.200 4.400 0 175 0
6.000 35.600 0.400 150 240 80
6.000 36.000 0.400 150 240 80
6.000 36.400 0.400 150 240 80
6.000 36.400 4.400 0 175 0
6.000 36.800 0.400 150 240 80
6.000 37.200 0.400 150 240 80
6.000 37.600 0.400 150 240 80
6.000 38.000 0.400 150 240 80
6.000 38.000 4.000 0 175 0
6.000 38.400 0.400 150 240 80
6.000 38.800 0.400 150 240 80
6.000 39.200 0.400 150 240 80
6.000 42.400 0.000 75 0 75
6.000 42.800 0.000 75 0 75
6.000 43.200 0.000 75 0 75
6.000 43.600 0.000 75 0 75
6.000 44.000 0.000 75 0 75
6.000 44.400 0.000 75 0 75
6.000 44.800 0.000 75 0 75
6.000 46.000 0.000 75 0 75
6.000 46.400 0.000 75 0 75
6.000 46.800 0.000 75 0 75
6.000 47.200 0.000 75 0 75
6.000 47.600 0.000 75 0 75
6.000 48.000 0.000 75 0 75
6.000 48.400 0.000 75 0 75
6.000 48.800 0.000 75 0 75
6.000 49.200 0.000 75 0 75
6.000 49.600 0.000 75 0 75
6.000 50.000 0.000 75 0 75
6.400 3.200 0.800 150 240 80
6.400 4.000 2.800 0 175 0
6.400 4.800 1.200 0 175 0
6.400 5.200 0.400 150 240 80
6.400 5.200 1.200 0 175 0
6.400 5.600 0.400 150 240 80
6.400 5.600 1.200 0 175 0
6.400 5.600 2.400 0 175 0
6.400 6.000 1.600 0 175 0
6.400 6.000 2.400 0 175 0
6.400 6.400 1.200 0 175 0
6.400 6.400 1.600 0 175 0
6.400 6.400 2.000 0 175 0
6.400 6.400 2.400 0 175 0
6.400 6.800 0.400 150 240 80
6.400 6.800 1.200 0 175 0
6.400 6.800 1.600 0 175 0
6.400 6.800 2.000 0 175 0
6.400 6.800 2.400 0 175 0
6.400 7.200 0.400 150 240 80
6.400 7.200 0.800 150 240 80
6.400 7.200 1.200 0 175 0
6.400 7.200 2.000 0 175 0
6.400 7.200 2.400 0 175 0
6.400 7.200 2.800 0 175 0
6.400 7.600 0.400 150 240 80
6.400 7.600 1.600 0 175 0
6.400 7.600 2.000 0 175 0
6.400 7.600 2.400 0 175 0
6.400 7.600 2.800 0 175 0
6.400 7.600 3.200 0 175 0
6.400 8.000 0.400 150 240 80
6.400 8.000 1.600 0 175 0
6.400 8.000 2.000 0 175 0
6.400 8.000 2.400 0 175 0
6.400 8.000 2.800 0 175 0
6.400 8.400 0.400 150 240 80
6.400 8.400 1.200 0 175 0
6.400 8.400 2.400 0 175 0
6.400 8.400 2.800 0 175 0
6.400 8.800 0.400 150 240 80
6.400 8.800 1.200 0 175 0
6.400 8.800 1.600 0 175 0
6.400 8.800 2.000 0 175 0
6.400 8.800 2.400 0 175 0
6.400 8.800 2.800 0 175 0
6.400 9.200 0.400 150 240 80
6.400 9.200 1.600 0 175 0
6.400 9.200 2.000 0 175 0
6.400 9.200 2.400 0 175 0
6.400 9.200 2.800 0 175 0
6.400 9.200 3.200 0 175 0
6.400 9.600 0.400 150 240 80
6.400 9.600 2.400 0 175 0
6.400 9.600 2.800 0 175 0
6.400 9.600 3.200 0 175 0
6.400 10.000 0.400 150 240 80
6.400 10.000 3.200 0 175 0
6.400 10.400 0.400 150 240 80
6.400 10.800 0.400 150 240 80
6.400 11.200 0.400 150 240 80
6.400 11.600 0.400 150 240 80
6.400 12.000 0.400 150 240 80
6.400 12.400 0.400 150 240 80
6.400 12.800 0.400 150 240 80
6.400 18.000 4.000 0 175 0
6.400 18.800 0.400 75 0 75
6.400 19.200 0.400 75 0 75
6.400 19.600 0.400 75 0 75
6.400 20.000 0.400 75 0 75
6.400 20.400 0.400 75 0 75
6.400 20.800 0.400 75 0 75
6.400 26.000 0.400 255 0 255
6.400 28.000 0.400 75 0 75
6.400 28.400 0.400 75 0 75
6.400 28.800 0.400 75 0 75
6.400 29.200 0.400 75 0 75
6.400 29.600 0.400 75 0 75
6.400 29.600 4.400 0 175 0
6.400 30.000 0.400 150 240 80
6.400 30.400 0.400 150 240 80
6.400 30.800 0.400 150 240 80
6.400 31.200 0.400 150 240 80
6.400 31.600 0.400 150 240 80
6.400 32.000 0.400 150 240 80
6.400 32.000 4.000 0 175 0
6.400 32.000 4.400 0 175 0
6.400 32.400 0.400 150 240 80
6.400 32.400 3.200 0 175 0
6.400 32.400 3.600 0 175 0
6.400 32.800 0.400 150 240 80
6.400 32.800 3.200 0 175 0
6.400 33.200 0.400 150 240 80
6.400 33.600 0.400 150 240 80
6.400 34.000 0.400 150 240 80
6.400 34.400 0.400 150 240 80
6.400 34.400 3.200 0 175 0
6.400 34.800 0.400 150 240 80
6.400 34.800 2.800 0 175 0
6.400 35.200 0.400 150 240 80
6.400 35.200 4.400 0 175 0
6.400 35.600 0.400 150 240 80
6.400 35.600 3.200 0 175 0
6.400 36.000 0.400 150 240 80
6.400 36.400 0.400 150 240 80
6.400 36.800 0.400 150 240 80
6.400 37.200 0.400 150 240 80
6.400 37.200 4.000 0 175 0
6.400 37.200 4.400 0 175 0
6.400 37.600 0.400 150 240 80
6.400 37.600 3.600 0 175 0
6.400 38.000 0.400 150 240 80
6.400 38.400 0.400 150 240 80
6.400 38.800 0.400 150 240 80
6.400 39.200 0.400 150 240 80
6.400 42.400 0.000 75 0 75
6.400 42.800 0.000 75 0 75
6.400 43.200 0.000 75 0 75
6.400 43.600 0.000 75 0 75
6.400 44.000 0.000 75 0 75
6.400 44.400 0.000 75 0 75
6.400 44.800 0.000 75 0 75
6.400 45.200 0.000 75 0 75
6.400 45.600 0.000 75 0 75
6.400 46.000 0.000 75 0 75
6.400 46.800 0.000 75 0 75
6.400 47.200 0.000 75 0 75
6.400 47.600 0.000 75 0 75
6.400 48.000 0.000 75 0 75
6.400 48.400 0.000 75 0 75
6.400 48.800 0.000 75 0 75
6.400 49.200 0.000 75 0 75
6.400 49.600 0.000 75 0 75
6.400 50.400 0.000 75 0 75
6.800 4.400 0.400 150 240 80
6.800 4.400 0.800 150 240 80
6.800 4.400 1.200 0 175 0
6.800 4.400 4.000 0 175 0
6.800 4.800 3.200 0 175 0
6.800 5.200 0.400 150 240 80
6.800 5.200 1.600 0 175 0
6.800 5.200 2.400 0 175 0
6.800 5.600 0.400 150 240 80
6.800 5.600 0.800 150 240 80
6.800 5.600 1.200 0 175 0
6.800 5.600 2.800 0 175 0
6.800 6.000 2.400 0 175 0
6.800 6.000 2.800 0 175 0
6.800 6.400 0.400 150 240 80
6.800 6.400 0.800 0 175 0
6.800 6.400 1.600 0 175 0
6.800 6.400 2.400 0 175 0
6.800 6.400 2.800 0 175 0
6.800 6.800 0.400 150 240 80
6.800 6.800 0.800 0 175 0
6.800 6.800 1.200 0 175 0
6.800 6.800 1.600 0 175 0
6.800 6.800 2.000 0 175 0
6.800 6.800 2.400 0 175 0
6.800 6.800 2.800 0 175 0
6.800 6.800 3.600 0 175 0
6.800 7.200 0.400 150 240 80
6.800 7.200 0.800 150 240 80
6.800 7.200 1.200 0 175 0
6.800 7.200 1.600 0 175 0
6.800 7.200 2.000 0 175 0
6.800 7.200 2.400 0 175 0
6.800 7.200 2.800 0 175 0
6.800 7.600 0.400 150 240 80
6.800 7.600 0.800 0 175 0
6.800 7.600 1.200 0 175 0
6.800 7.600 2.400 0 175 0
6.800 7.600 2.800 0 175 0
6.800 7.600 3.200 0 175 0
6.800 8.000 0.400 150 240 80
6.800 8.000 0.800 0 175 0
6.800 8.000 2.400 0 175 0
6.800 8.000 2.800 0 175 0
6.800 8.000 3.200 0 175 0
6.800 8.400 0.400 150 240 80
6.800 8.400 0.800 0 175 0
6.800 8.400 1.200 0 175 0
6.800 8.400 2.400 0 175 0
6.800 8.800 0.400 150 240 80
6.800 8.800 1.200 0 175 0
6.800 8.800 1.600 0 175 0
6.800 8.800 2.000 0 175 0
6.800 8.800 2.400 0 175 0
6.800 8.800 2.800 0 175 0
6.800 9.200 0.400 150 240 80
6.800 9.200 0.800 0 175 0
6.800 9.200 1.200 0 175 0
6.800 9.200 2.000 0 175 0
6.800 9.200 2.400 0 175 0
6.800 9.200 2.800 0 175 0
6.800 9.200 3.200 0 175 0
6.800 9.600 0.400 150 240 80
6.800 9.600 0.800 0 175 0
6.800 9.600 1.200 0 175 0
6.800 9.600 2.000 0 175 0
6.800 9.600 2.400 0 175 0
6.800 9.600 2.800 0 175 0
6.800 9.600 3.200 0 175 0
6.800 10.000 0.400 150 240 80
6.800 10.000 2.400 0 175 0
6.800 10.000 2.800 0 175 0
6.800 10.000 3.200 0 175 0
6.800 10.400 0.400 150 240 80
6.800 10.400 2.800 0 175 0
6.800 10.800 0.400 150 240 80
6.800 11.200 0.400 150 240 80
6.800 11.600 0.400 150 240 80
6.800 12.400 0.400 150 240 80
6.800 14.400 5.200 0 175 0
6.800 17.600 4.400 0 175 0
6.800 18.000 4.000 0 175 0
6.800 18.800 0.400 75 0 75
6.800 19.200 0.400 75 0 75
6.800 19.600 0.400 75 0 75
6.800 20.000 0.400 75 0 75
6.800 20.400 0.400 75 0 75
6.800 20.800 0.400 75 0 75
6.800 27.600 0.400 75 0 75
6.800 28.000 0.400 75 0 75
6.800 28.400 0.400 75 0 75
6.800 28.800 0.400 75 0 75
6.800 29.200 0.400 75 0 75
6.800 29.600 0.400 75 0 75
6.800 30.000 0.400 150 240 80
6.800 30.000 4.800 0 175 0
6.800 30.400 0.400 150 240 80
6.800 30.800 0.400 150 240 80
6.800 31.200 0.400 150 240 80
6.800 31.200 4.400 0 175 0
6.800 31.600 0.400 150 240 80
6.800 32.000 0.400 150 240 80
6.800 32.400 0.400 150 240 80
6.800 32.400 1.200 0 175 0
6.800 32.400 2.000 0 175 0
6.800 32.400 3.200 0 175 0
6.800 32.800 0.400 150 240 80
6.800 33.200 0.400 150 240 80
6.800 33.600 0.400 150 240 80
6.800 34.000 0.400 150 240 80
6.800 34.000 3.600 0 175 0
6.800 34.000 4.400 0 175 0
6.800 34.400 0.400 150 240 80
6.800 34.800 0.400 150 240 80
6.800 35.200 0.400 150 240 80
6.800 35.600 0.400 150 240 80
6.800 35.600 3.200 0 175 0
6.800 35.600 3.600 0 175 0
6.800 36.000 0.400 150 240 80
6.800 36.000 2.800 0 175 0
6.800 36.000 3.200 0 175 0
6.800 36.000 3.600 0 175 0
6.800 36.400 0.400 150 240 80
6.800 36.800 0.400 150 240 80
6.800 37.200 0.400 150 240 80
6.800 37.600 0.400 150 240 80
6.800 38.000 0.400 150 240 80
6.800 38.400 0.400 150 240 80
6.800 38.800 0.400 150 240 80
6.800 43.200 0.000 75 0 75
6.800 43.600 0.000 75 0 75
6.800 44.000 0.000 75 0 75
6.800 44.400 0.000 75 0 75
6.800 44.800 0.000 75 0 75
6.800 45.200 0.000 75 0 75
6.800 45.600 0.000 75 0 75
6.800 46.000 0.000 75 0 75
6.800 46.400 0.000 75 0 75
6.800 46.800 0.000 75 0 75
6.800 47.200 0.000 75 0 75
6.800 47.600 0.000 75 0 75
6.800 48.000 0.000 75 0 75
6.800 48.400 0.000 75 0 75
6.800 48.800 0.000 75 0 75
6.800 49.200 0.000 75 0 75
6.800 49.600 0.000 75 0 75
6.800 50.000 0.000 75 0 75
6.800 50.800 0.000 75 0 75
7.200 0.400 1.200 255 200 0
7.200 0.400 2.400 255 200 0
7.200 0.400 2.800 255 200 0
7.200 3.200 0.800 150 240 80
7.200 3.200 3.200 0 175 0
7.200 3.200 3.600 0 175 0
7.200 3.600 2.800 0 175 0
7.200 3.600 4.000 0 175 0
7.200 4.000 2.800 0 175 0
7.200 4.400 0.800 150 240 80
7.200 4.400 1.200 0 175 0
7.200 4.400 2.400 0 175 0
7.200 4.400 2.800 0 175 0
7.200 4.400 3.200 0 175 0
7.200 4.800 2.000 0 175 0
7.200 4.800 2.800 0 175 0
7.200 4.800 3.200 0 175 0
7.200 5.200 0.400 150 240 80
7.200 5.200 2.800 0 175 0
7.200 5.200 3.200 0 175 0
7.200 5.600 2.000 0 175 0
7.200 5.600 2.800 0 175 0
7.200 5.600 3.200 0 175 0
7.200 6.000 3.200 0 175 0
7.200 6.400 0.400 150 240 80
7.200 6.400 0.800 150 240 80
7.200 6.400 2.000 0 175 0
7.200 6.400 2.400 0 175 0
7.200 6.800 0.400 150 240 80
7.200 6.800 1.600 0 175 0
7.200 6.800 2.000 0 175 0
7.200 6.800 2.400 0 175 0
7.200 7.200 1.600 0 175 0
7.200 7.200 2.000 0 175 0
7.200 7.200 2.400 0 175 0
7.200 7.600 1.200 0 175 0
7.200 7.600 1.600 0 175 0
7.200 7.600 2.800 0 175 0
7.200 7.600 3.200 0 175 0
7.200 8.000 0.400 150 240 80
7.200 8.000 2.800 0 175 0
7.200 8.400 0.800 0 175 0
7.200 8.400 1.200 0 175 0
7.200 8.400 2.800 0 175 0
7.200 8.800 0.400 150 240 80
7.200 8.800 1.200 0 175 0
7.200 8.800 2.000 0 175 0
7.200 8.800 2.800 0 175 0
7.200 8.800 3.200 0 175 0
7.200 9.200 0.400 150 240 80
7.200 9.200 0.800 0 175 0
7.200 9.200 1.200 0 175 0
7.200 9.200 1.600 0 175 0
7.200 9.200 2.000 0 175 0
7.200 9.200 2.800 0 175 0
7.200 9.200 3.200 0 175 0
7.200 9.600 0.400 150 240 80
7.200 9.600 0.800 0 175 0
7.200 9.600 1.200 0 175 0
7.200 9.600 1.600 0 175 0
7.200 9.600 2.000 0 175 0
7.200 9.600 2.400 0 175 0
7.200 9.600 2.800 0 175 0
7.200 9.600 3.200 0 175 0
7.200 10.000 0.400 150 240 80
7.200 10.000 1.200 0 175 0
7.200 10.000 2.000 0 175 0
7.200 10.000 2.400 0 175 0
7.200 10.000 2.800 0 175 0
7.200 10.000 3.200 0 175 0
7.200 10.400 0.400 150 240 80
7.200 10.400 1.200 0 175 0
7.200 10.400 2.800 0 175 0
7.200 10.400 3.200 0 175 0
7.200 10.800 0.400 150 240 80
7.200 11.200 0.400 150 240 80
7.200 11.600 0.400 150 240 80
7.200 12.400 0.400 150 240 80
7.200 14.400 4.000 135 60 0
7.200 14.800 3.600 135 60 0
7.200 14.800 4.000 135 60 0
7.200 14.800 4.400 135 60 0
7.200 18.800 0.400 75 0 75
7.200 19.200 0.400 75 0 75
7.200 19.600 0.400 75 0 75
7.200 20.000 0.400 75 0 75
7.200 20.400 0.400 75 0 75
7.200 20.800 0.400 75 0 75
7.200 24.400 0.400 255 0 255
7.200 24.800 0.400 255 0 255
7.200 25.200 0.400 255 0 255
7.200 25.600 0.400 255 0 255
7.200 26.000 0.400 255 0 255
7.200 27.600 0.400 75 0 75
7.200 28.000 0.400 75 0 75
7.200 28.400 0.400 75 0 75
7.200 28.800 0.400 75 0 75
7.200 29.200 0.400 75 0 75
7.200 29.600 0.400 75 0 75
7.200 30.000 0.400 150 240 80
7.200 30.400 0.400 150 240 80
7.200 30.800 0.400 150 240 80
7.200 31.200 0.400 150 240 80
7.200 31.600 0.400 150 240 80
7.200 32.000 0.400 150 240 80
7.200 32.000 1.200 0 175 0
7.200 32.000 2.000 0 175 0
7.200 32.000 2.800 0 175 0
7.200 32.000 3.200 0 175 0
7.200 32.400 0.400 150 240 80
7.200 32.400 1.200 0 175 0
7.200 32.400 2.000 135 60 0
7.200 32.400 2.400 135 60 0
7.200 32.400 3.200 135 60 0
7.200 32.800 0.400 150 240 80
7.200 32.800 1.600 135 60 0
7.200 32.800 2.000 135 60 0
7.200 32.800 2.400 135 60 0
7.200 33.200 0.400 150 240 80
7.200 33.200 1.600 135 60 0
7.200 33.600 0.400 150 240 80
7.200 33.600 2.000 0 175 0
7.200 33.600 2.400 0 175 0
7.200 33.600 2.800 0 175 0
7.200 33.600 3.600 0 175 0
7.200 34.000 0.400 150 240 80
7.200 34.000 2.400 0 175 0
7.200 34.000 2.800 0 175 0
7.200 34.000 3.200 0 175 0
7.200 34.400 0.400 150 240 80
7.200 34.400 2.800 0 175 0
7.200 34.400 3.200 0 175 0
7.200 34.800 0.400 150 240 80
7.200 34.800 2.400 0 175 0
7.200 34.800 2.800 0 175 0
7.200 35.200 0.400 150 240 80
7.200 35.200 2.800 0 175 0
7.200 35.200 3.200 0 175 0
7.200 35.600 0.400 150 240 80
7.200 35.600 2.800 0 175 0
7.200 36.000 0.400 150 240 80
7.200 36.000 4.000 0 175 0
7.200 36.400 0.400 150 240 80
7.200 36.800 0.400 150 240 80
7.200 37.200 0.400 150 240 80
7.200 37.600 0.400 150 240 80
7.200 37.600 4.400 0 175 0
7.200 38.000 0.400 150 240 80
7.200 38.400 0.400 150 240 80
7.200 38.800 0.400 75 0 75
7.200 43.200 0.000 75 0 75
7.200 43.600 0.000 75 0 75
7.200 44.000 0.000 75 0 75
7.200 44.400 0.000 75 0 75
7.200 44.800 0.000 75 0 75
7.200 45.200 0.000 75 0 75
7.200 45.600 0.000 75 0 75
7.200 46.000 0.000 75 0 75
7.200 46.400 0.000 75 0 75
7.200 46.800 0.000 75 0 75
7.200 47.200 0.000 75 0 75
7.200 47.600 0.000 75 0 75
7.200 48.000 0.000 75 0 75
7.200 48.400 0.000 75 0 75
7.200 48.800 0.000 75 0 75
7.200 49.200 0.000 75 0 75
7.200 49.600 0.000 75 0 75
7.200 50.000 0.000 75 0 75
7.200 50.400 0.000 75 0 75
7.600 1.600 2.000 255 200 0
7.600 2.000 1.200 0 175 0
7.600 2.000 2.000 0 175 0
7.600 2.000 2.400 0 175 0
7.600 2.400 0.800 75 0 75
7.600 3.200 0.800 150 240 80
7.600 3.200 1.200 0 175 0
7.600 3.200 1.600 0 175 0
7.600 3.600 1.200 0 175 0
7.600 3.600 1.600 0 175 0
7.600 3.600 2.800 0 175 0
7.600 3.600 3.200 0 175 0
7.600 3.600 3.600 0 175 0
7.600 3.600 4.000 0 175 0
7.600 4.000 2.400 0 175 0
7.600 4.000 3.200 0 175 0
7.600 4.400 0.800 150 240 80
7.600 4.400 2.400 0 175 0
7.600 4.800 0.800 150 240 80
7.600 4.800 2.000 0 175 0
7.600 4.800 2.800 0 175 0
7.600 4.800 3.600 0 175 0
7.600 5.200 2.000 0 175 0
7.600 5.600 1.600 0 175 0
7.600 5.600 2.400 0 175 0
7.600 5.600 2.800 0 175 0
7.600 6.000 1.600 0 175 0
7.600 6.000 2.000 0 175 0
7.600 6.000 2.400 0 175 0
7.600 6.400 1.200 0 175 0
7.600 6.400 1.600 0 175 0
7.600 6.400 2.000 0 175 0
7.600 6.400 2.400 0 175 0
7.600 6.800 1.600 0 175 0
7.600 6.800 2.400 0 175 0
7.600 7.200 1.600 0 175 0
7.600 7.200 2.000 0 175 0
7.600 7.600 1.600 0 175 0
7.600 7.600 2.400 0 175 0
7.600 7.600 3.200 0 175 0
7.600 8.000 0.400 150 240 80
7.600 8.000 1.200 0 175 0
7.600 8.000 3.200 0 175 0
7.600 8.400 0.400 150 240 80
7.600 8.400 1.200 0 175 0
7.600 8.400 2.400 0 175 0
7.600 8.400 2.800 0 175 0
7.600 8.800 0.400 150 240 80
7.600 8.800 2.400 0 175 0
7.600 8.800 2.800 0 175 0
7.600 9.200 0.400 150 240 80
7.600 9.200 0.800 0 175 0
7.600 9.200 1.200 0 175 0
7.600 9.200 1.600 0 175 0
7.600 9.200 2.800 0 175 0
7.600 9.200 3.200 0 175 0
7.600 9.600 0.400 150 240 80
7.600 9.600 0.800 0 175 0
7.600 9.600 1.600 0 175 0
7.600 9.600 2.000 0 175 0
7.600 9.600 2.800 0 175 0
7.600 10.000 0.400 150 240 80
7.600 10.000 0.800 0 175 0
7.600 10.000 1.200 0 175 0
7.600 10.000 1.600 0 175 0
7.600 10.000 2.000 0 175 0
7.600 10.000 2.400 0 175 0
7.600 10.000 2.800 0 175 0
7.600 10.000 3.200 0 175 0
7.600 10.400 0.400 150 240 80
7.600 10.400 0.800 0 175 0
7.600 10.400 1.200 0 175 0
7.600 10.400 1.600 0 175 0
7.600 10.400 2.000 0 175 0
7.600 10.400 2.400 0 175 0
7.600 10.400 2.800 0 175 0
7.600 10.800 0.400 150 240 80
7.600 10.800 0.800 0 175 0
7.600 10.800 1.200 0 175 0
7.600 10.800 2.400 0 175 0
7.600 10.800 2.800 0 175 0
7.600 10.800 3.200 0 175 0
7.600 11.200 0.400 150 240 80
7.600 11.200 0.800 0 175 0
7.600 12.000 0.400 150 240 80
7.600 14.400 0.800 135 60 0
7.600 14.400 1.600 135 60 0
7.600 14.400 2.800 135 60 0
7.600 14.400 3.200 135 60 0
7.600 14.800 0.800 135 60 0
7.600 14.800 1.200 135 60 0
7.600 14.800 1.600 135 60 0
7.600 14.800 2.000 135 60 0
7.600 14.800 2.400 135 60 0
7.600 14.800 2.800 135 60 0
7.600 14.800 3.200 135 60 0
7.600 14.800 3.600 135 60 0
7.600 18.800 0.400 150 240 80
7.600 19.200 0.400 75 0 75
7.600 19.600 0.400 75 0 75
7.600 20.000 0.400 75 0 75
7.600 20.400 0.400 75 0 75
7.600 20.800 0.400 75 0 75
7.600 21.200 0.400 255 0 255
7.600 22.400 0.400 255 0 255
7.600 22.800 0.400 255 0 255
7.600 23.200 0.400 255 0 255
7.600 24.000 0.400 255 0 255
7.600 24.400 0.400 255 0 255
7.600 24.800 0.400 255 0 255
7.600 25.200 0.400 255 0 255
7.600 25.600 0.400 255 0 255
7.600 26.000 0.400 255 0 255
7.600 26.400 0.400 255 0 255
7.600 26.800 0.400 255 0 255
7.600 27.600 0.400 75 0 75
7.600 28.000 0.400 75 0 75
7.600 28.400 0.400 75 0 75
7.600 28.800 0.400 75 0 75
7.600 29.200 0.400 75 0 75
7.600 29.600 0.400 75 0 75
7.600 30.000 0.400 150 240 80
7.600 30.400 0.400 150 240 80
7.600 30.800 0.400 150 240 80
7.600 31.200 0.400 150 240 80
7.600 31.600 0.400 150 240 80
7.600 32.000 0.400 150 240 80
7.600 32.000 2.400 135 60 0
7.600 32.000 2.800 135 60 0
7.600 32.400 0.400 150 240 80
7.600 32.400 0.800 135 60 0
7.600 32.400 1.200 135 60 0
7.600 32.400 1.600 135 60 0
7.600 32.400 2.000 135 60 0
7.600 32.400 2.400 135 60 0
7.600 32.400 2.800 135 60 0
7.600 32.400 3.200 0 175 0
7.600 32.800 0.800 135 60 0
7.600 32.800 1.600 135 60 0
7.600 32.800 2.000 135 60 0
7.600 32.800 2.400 135 60 0
7.600 33.200 0.400 150 240 80
7.600 33.200 1.600 135 60 0
7.600 33.200 2.800 135 60 0
7.600 33.600 0.400 150 240 80
7.600 33.600 2.400 0 175 0
7.600 33.600 2.800 0 175 0
7.600 33.600 3.600 0 175 0
7.600 34.000 0.400 150 240 80
7.600 34.000 2.400 0 175 0
7.600 34.000 3.200 0 175 0
7.600 34.000 3.600 0 175 0
7.600 34.400 0.400 150 240 80
7.600 34.400 2.400 0 175 0
7.600 34.400 2.800 0 175 0
7.600 34.400 3.200 0 175 0
7.600 34.400 4.400 0 175 0
7.600 34.800 0.400 150 240 80
7.600 34.800 2.400 0 175 0
7.600 34.800 2.800 0 175 0
7.600 34.800 3.200 0 175 0
7.600 34.800 3.600 0 175 0
7.600 35.200 0.400 150 240 80
7.600 35.200 2.400 0 175 0
7.600 35.200 2.800 0 175 0
7.600 35.600 0.400 150 240 80
7.600 35.600 2.400 0 175 0
7.600 35.600 3.200 0 175 0
7.600 35.600 3.600 0 175 0
7.600 36.000 0.400 150 240 80
7.600 36.000 3.600 0 175 0
7.600 36.400 0.400 150 240 80
7.600 36.400 3.200 0 175 0
7.600 36.400 3.600 0 175 0
7.600 36.400 4.400 0 175 0
7.600 36.800 0.400 150 240 80
7.600 37.200 0.400 150 240 80
7.600 37.600 0.400 150 240 80
7.600 38.000 0.400 150 240 80
7.600 38.400 0.400 150 240 80
7.600 38.800 0.400 75 0 75
7.600 43.600 0.000 75 0 75
7.600 44.000 0.000 75 0 75
7.600 44.400 0.000 75 0 75
7.600 45.200 0.000 175 0 75
7.600 45.600 0.000 75 0 75
7.600 46.000 0.000 75 0 75
7.600 46.400 0.000 75 0 75
7.600 46.800 0.000 75 0 75
7.600 47.200 0.000 75 0 75
7.600 47.600 0.000 75 0 75
7.600 48.000 0.000 75 0 75
7.600 48.400 0.000 75 0 75
7.600 48.800 0.000 75 0 75
7.600 49.200 0.000 75 0 75
7.600 49.600 0.000 75 0 75
7.600 50.000 0.000 75 0 75
7.600 50.400 0.000 75 0 75
7.600 50.800 0.000 75 0 75
8.000 1.200 2.000 255 200 0
8.000 1.200 2.800 255 200 0
8.000 1.200 3.200 255 200 0
8.000 1.200 3.600 255 200 0
8.000 1.600 1.600 255 200 0
8.000 1.600 2.000 255 200 0
8.000 1.600 2.400 255 200 0
8.000 1.600 2.800 255 200 0
8.000 1.600 3.200 255 200 0
8.000 1.600 3.600 255 200 0
8.000 1.600 4.000 255 200 0
8.000 2.000 2.000 0 175 0
8.000 2.400 1.600 0 175 0
8.000 2.800 0.800 75 0 75
8.000 2.800 1.200 0 175 0
8.000 2.800 1.600 0 175 0
8.000 2.800 2.000 0 175 0
8.000 3.200 1.600 0 175 0
8.000 3.200 2.000 0 175 0
8.000 3.600 2.800 0 175 0
8.000 3.600 3.200 0 175 0
8.000 4.000 2.400 0 175 0
8.000 4.000 2.800 0 175 0
8.000 4.000 3.200 0 175 0
8.000 4.000 3.600 0 175 0
8.000 4.400 1.600 0 175 0
8.000 4.400 3.200 0 175 0
8.000 4.400 3.600 0 175 0
8.000 4.800 0.800 150 240 80
8.000 4.800 1.600 0 175 0
8.000 4.800 2.000 0 175 0
8.000 4.800 2.400 0 175 0
8.000 4.800 3.600 0 175 0
8.000 5.200 2.400 0 175 0
8.000 5.200 4.000 0 175 0
8.000 5.600 2.400 0 175 0
8.000 5.600 2.800 0 175 0
8.000 6.000 1.600 0 175 0
8.000 6.000 2.400 0 175 0
8.000 6.400 1.600 0 175 0
8.000 6.400 2.000 0 175 0
8.000 6.400 2.400 0 175 0
8.000 6.400 2.800 0 175 0
8.000 6.800 1.600 0 175 0
8.000 6.800 2.000 0 175 0
8.000 6.800 2.400 0 175 0
8.000 6.800 2.800 0 175 0
8.000 7.200 1.600 0 175 0
8.000 7.200 2.000 0 175 0
8.000 7.200 2.400 0 175 0
8.000 7.600 2.400 0 175 0
8.000 7.600 2.800 0 175 0
8.000 7.600 3.200 0 175 0
8.000 8.000 2.400 0 175 0
8.000 8.000 2.800 0 175 0
8.000 8.000 3.200 0 175 0
8.000 8.400 0.400 150 240 80
8.000 8.400 2.000 0 175 0
8.000 8.400 2.400 0 175 0
8.000 8.800 0.400 150 240 80
8.000 8.800 2.000 0 175 0
8.000 8.800 2.400 0 175 0
8.000 8.800 2.800 0 175 0
8.000 9.200 0.400 150 240 80
8.000 9.200 1.600 0 175 0
8.000 9.200 2.000 0 175 0
8.000 9.200 2.400 0 175 0
8.000 9.200 2.800 0 175 0
8.000 9.200 3.200 0 175 0
8.000 9.200 6.000 0 175 0
8.000 9.600 0.400 150 240 80
8.000 9.600 2.000 0 175 0
8.000 9.600 2.400 0 175 0
8.000 9.600 2.800 0 175 0
8.000 10.000 0.400 150 240 80
8.000 10.000 0.800 0 175 0
8.000 10.000 1.200 0 175 0
8.000 10.000 1.600 0 175 0
8.000 10.000 2.000 0 175 0
8.000 10.000 2.400 0 175 0
8.000 10.000 2.800 0 175 0
8.000 10.000 3.200 0 175 0
8.000 10.400 0.400 150 240 80
8.000 10.400 1.200 0 175 0
8.000 10.400 1.600 0 175 0
8.000 10.400 2.000 0 175 0
8.000 10.400 2.400 0 175 0
8.000 10.400 2.800 0 175 0
8.000 10.400 3.200 0 175 0
8.000 10.800 0.400 150 240 80
8.000 10.800 0.800 0 175 0
8.000 10.800 1.200 0 175 0
8.000 10.800 1.600 0 175 0
8.000 10.800 2.000 0 175 0
8.000 10.800 2.400 0 175 0
8.000 10.800 2.800 0 175 0
8.000 11.200 0.400 150 240 80
8.000 11.200 0.800 0 175 0
8.000 11.200 1.200 0 175 0
8.000 11.200 1.600 0 175 0
8.000 11.200 2.000 0 175 0
8.000 11.200 2.400 0 175 0
8.000 11.200 2.800 0 175 0
8.000 11.600 1.600 0 175 0
8.000 14.400 0.800 135 60 0
8.000 14.800 0.800 135 60 0
8.000 14.800 1.200 135 60 0
8.000 14.800 1.600 135 60 0
8.000 14.800 2.000 135 60 0
8.000 14.800 2.400 135 60 0
8.000 14.800 2.800 135 60 0
8.000 14.800 3.200 135 60 0
8.000 14.800 3.600 135 60 0
8.000 14.800 4.000 135 60 0
8.000 14.800 4.400 135 60 0
8.000 15.200 3.600 135 60 0
8.000 15.200 4.000 135 60 0
8.000 18.800 0.400 150 240 80
8.000 19.200 0.400 75 0 75
8.000 19.600 0.400 75 0 75
8.000 20.000 0.400 75 0 75
8.000 20.400 0.400 75 0 75
8.000 20.800 0.400 75 0 75
8.000 21.200 0.400 255 0 255
8.000 22.000 0.400 255 0 255
8.000 22.400 0.400 255 0 255
8.000 22.800 0.400 255 0 255
8.000 24.000 0.400 255 0 255
8.000 24.400 0.400 255 0 255
8.000 24.800 0.400 255 0 255
8.000 25.200 0.400 255 0 255
8.000 25.600 0.400 255 0 255
8.000 26.000 0.400 255 0 255
8.000 26.400 0.400 255 0 255
8.000 26.800 0.400 255 0 255
8.000 27.600 0.400 75 0 75
8.000 28.000 0.400 75 0 75
8.000 28.400 0.400 75 0 75
8.000 28.800 0.400 75 0 75
8.000 29.200 0.400 75 0 75
8.000 29.600 0.400 75 0 75
8.000 30.000 0.400 150 240 80
8.000 30.400 0.400 150 240 80
8.000 30.800 0.400 150 240 80
8.000 31.200 0.400 150 240 80
8.000 31.600 0.400 150 240 80
8.000 31.600 2.000 135 60 0
8.000 31.600 3.600 0 175 0
8.000 31.600 4.400 0 175 0
8.000 32.000 0.400 150 240 80
8.000 32.000 1.200 135 60 0
8.000 32.000 1.600 135 60 0
8.000 32.000 2.000 135 60 0
8.000 32.000 2.400 135 60 0
8.000 32.000 2.800 135 60 0
8.000 32.000 3.200 135 60 0
8.000 32.000 3.600 0 175 0
8.000 32.000 4.000 0 175 0
8.000 32.000 4.400 0 175 0
8.000 32.400 0.400 135 60 0
8.000 32.400 0.800 135 60 0
8.000 32.400 1.200 135 60 0
8.000 32.400 1.600 135 60 0
8.000 32.400 2.000 135 60 0
8.000 32.400 2.400 135 60 0
8.000 32.400 2.800 135 60 0
8.000 32.400 3.200 0 175 0
8.000 32.400 3.600 0 175 0
8.000 32.800 1.200 135 60 0
8.000 32.800 1.600 135 60 0
8.000 32.800 2.000 135 60 0
8.000 32.800 2.400 135 60 0
8.000 33.200 0.400 150 240 80
8.000 33.200 0.800 135 60 0
8.000 33.200 1.200 135 60 0
8.000 33.200 2.000 135 60 0
8.000 33.200 2.400 135 60 0
8.000 33.200 2.800 135 60 0
8.000 33.200 3.200 135 60 0
8.000 33.200 3.600 0 175 0
8.000 33.200 4.000 0 175 0
8.000 33.200 4.400 0 175 0
8.000 33.600 0.400 150 240 80
8.000 33.600 2.000 135 60 0
8.000 33.600 2.400 135 60 0
8.000 33.600 2.800 135 60 0
8.000 34.000 0.400 150 240 80
8.000 34.000 2.800 135 60 0
8.000 34.000 3.200 135 60 0
8.000 34.000 3.600 0 175 0
8.000 34.400 0.400 150 240 80
8.000 34.400 2.800 0 175 0
8.000 34.400 4.400 0 175 0
8.000 34.800 0.400 150 240 80
8.000 34.800 2.800 0 175 0
8.000 34.800 3.200 0 175 0
8.000 34.800 4.000 0 175 0
8.000 35.200 0.400 150 240 80
8.000 35.200 2.800 0 175 0
8.000 35.200 3.600 0 175 0
8.000 35.600 0.400 150 240 80
8.000 35.600 3.200 0 175 0
8.000 35.600 3.600 0 175 0
8.000 36.000 0.400 150 240 80
8.000 36.000 2.800 0 175 0
8.000 36.400 0.400 150 240 80
8.000 36.800 0.400 150 240 80
8.000 37.200 0.400 150 240 80
8.000 37.600 0.400 150 240 80
8.000 38.000 0.400 150 240 80
8.000 38.400 0.400 75 0 75
8.000 38.800 0.400 75 0 75
8.000 39.200 0.400 75 0 75
8.000 39.600 0.400 75 0 75
8.000 44.000 0.000 75 0 75
8.000 44.800 0.000 175 0 75
8.000 45.200 0.000 175 0 75
8.000 45.600 0.000 175 0 75
8.000 46.000 0.000 75 0 75
8.000 46.400 0.000 75 0 75
8.000 46.800 0.000 75 0 75
8.000 47.200 0.000 75 0 75
8.000 47.600 0.000 75 0 75
8.000 48.000 0.000 75 0 75
8.000 48.400 0.000 75 0 75
8.000 48.800 0.000 75 0 75
8.000 49.200 0.000 75 0 75
8.000 49.600 0.000 75 0 75
8.000 50.000 0.000 75 0 75
8.000 50.400 0.000 75 0 75
8.000 50.800 0.000 75 0 75
8.400 1.200 1.600 255 200 0
8.400 1.200 2.000 255 200 0
8.400 1.200 2.400 255 200 0
8.400 1.200 2.800 255 200 0
8.400 1.200 3.200 255 200 0
8.400 1.200 3.600 255 200 0
8.400 1.600 2.000 255 200 0
8.400 1.600 2.400 255 200 0
8.400 2.400 1.200 75 0 75
8.400 2.400 1.600 255 200 0
8.400 2.800 0.800 255 200 0
8.400 2.800 1.200 255 200 0
8.400 2.800 1.600 255 200 0
8.400 3.600 3.200 0 175 0
8.400 4.000 0.800 150 240 80
8.400 4.000 1.200 0 175 0
8.400 4.000 1.600 0 175 0
8.400 4.000 2.800 0 175 0
8.400 4.000 3.200 0 175 0
8.400 4.000 3.600 0 175 0
8.400 4.400 0.800 150 240 80
8.400 4.400 1.200 0 175 0
8.400 4.400 1.600 0 175 0
8.400 4.400 2.800 0 175 0
8.400 4.400 3.200 0 175 0
8.400 4.400 3.600 0 175 0
8.400 4.800 2.400 0 175 0
8.400 4.800 3.200 0 175 0
8.400 5.200 2.400 0 175 0
8.400 5.200 3.200 0 175 0
8.400 5.600 2.400 0 175 0
8.400 5.600 3.200 0 175 0
8.400 5.600 3.600 0 175 0
8.400 6.000 1.600 0 175 0
8.400 6.000 2.000 0 175 0
8.400 6.000 2.400 0 175 0
8.400 6.000 3.200 0 175 0
8.400 6.400 1.600 0 175 0
8.400 6.400 2.000 0 175 0
8.400 6.400 2.800 0 175 0
8.400 6.400 4.000 0 175 0
8.400 6.800 0.800 0 175 0
8.400 6.800 1.600 0 175 0
8.400 7.200 1.600 0 175 0
8.400 7.200 2.000 0 175 0
8.400 7.200 2.400 0 175 0
8.400 7.200 2.800 0 175 0
8.400 7.600 1.600 0 175 0
8.400 7.600 2.000 0 175 0
8.400 7.600 2.800 0 175 0
8.400 8.000 2.000 0 175 0
8.400 8.000 2.400 0 175 0
8.400 8.000 2.800 0 175 0
8.400 8.400 2.000 0 175 0
8.400 8.400 2.400 0 175 0
8.400 8.400 2.800 0 175 0
8.400 8.800 2.000 0 175 0
8.400 8.800 2.400 0 175 0
8.400 8.800 2.800 0 175 0
8.400 9.200 1.200 0 175 0
8.400 9.200 2.000 0 175 0
8.400 9.200 2.400 0 175 0
8.400 9.200 2.800 0 175 0
8.400 9.200 3.200 0 175 0
8.400 9.600 1.200 0 175 0
8.400 9.600 1.600 0 175 0
8.400 9.600 2.800 0 175 0
8.400 9.600 3.200 0 175 0
8.400 10.000 0.800 0 175 0
8.400 10.000 1.200 0 175 0
8.400 10.000 1.600 0 175 0
8.400 10.000 2.000 0 175 0
8.400 10.000 2.800 0 175 0
8.400 10.400 0.400 150 240 80
8.400 10.400 0.800 0 175 0
8.400 10.400 1.200 0 175 0
8.400 10.400 1.600 0 175 0
8.400 10.400 2.000 0 175 0
8.400 10.400 2.400 0 175 0
8.400 10.400 2.800 0 175 0
8.400 10.400 3.200 0 175 0
8.400 10.800 0.400 150 240 80
8.400 10.800 0.800 0 175 0
8.400 10.800 1.200 0 175 0
8.400 10.800 1.600 0 175 0
8.400 10.800 2.000 0 175 0
8.400 10.800 2.400 0 175 0
8.400 10.800 2.800 0 175 0
8.400 10.800 3.200 0 175 0
8.400 11.200 0.400 150 240 80
8.400 11.200 0.800 0 175 0
8.400 11.200 1.600 0 175 0
8.400 11.200 2.000 0 175 0
8.400 11.200 2.400 0 175 0
8.400 11.200 2.800 0 175 0
8.400 11.600 0.800 0 175 0
8.400 11.600 1.600 0 175 0
8.400 11.600 2.000 0 175 0
8.400 19.200 0.400 75 0 75
8.400 19.600 0.400 75 0 75
8.400 20.000 0.400 75 0 75
8.400 20.400 0.400 75 0 75
8.400 20.800 0.400 75 0 75
8.400 21.200 0.400 255 0 255
8.400 21.600 0.400 255 0 255
8.400 22.000 0.400 255 0 255
8.400 22.400 0.400 255 0 255
8.400 22.800 0.400 255 0 255
8.400 23.200 0.400 255 0 255
8.400 23.600 0.400 255 0 255
8.400 24.800 0.400 255 0 255
8.400 25.200 0.400 255 0 255
8.400 25.600 0.400 255 0 255
8.400 26.000 0.400 255 0 255
8.400 26.400 0.400 255 0 255
8.400 26.800 0.400 255 0 255
8.400 27.600 0.400 75 0 75
8.400 28.000 0.400 75 0 75
8.400 28.400 0.400 75 0 75
8.400 28.800 0.400 75 0 75
8.400 29.200 0.400 75 0 75
8.400 29.600 0.400 75 0 75
8.400 30.000 0.400 75 0 75
8.400 30.400 0.400 150 240 80
8.400 30.800 0.400 150 240 80
8.400 31.200 0.400 150 240 80
8.400 31.600 0.400 150 240 80
8.400 31.600 2.400 135 60 0
8.400 31.600 2.800 135 60 0
8.400 31.600 3.200 0 175 0
8.400 31.600 3.600 0 175 0
8.400 32.000 0.400 150 240 80
8.400 32.000 1.200 135 60 0
8.400 32.000 1.600 135 60 0
8.400 32.000 2.000 135 60 0
8.400 32.000 2.400 135 60 0
8.400 32.000 2.800 135 60 0
8.400 32.000 3.200 0 175 0
8.400 32.000 4.000 0 175 0
8.400 32.000 4.400 0 175 0
8.400 32.400 0.400 135 60 0
8.400 32.400 0.800 135 60 0
8.400 32.400 1.200 135 60 0
8.400 32.400 1.600 135 60 0
8.400 32.400 2.000 135 60 0
8.400 32.400 2.400 135 60 0
8.400 32.400 2.800 135 60 0
8.400 32.400 3.200 135 60 0
8.400 32.400 3.600 0 175 0
8.400 32.400 4.400 0 175 0
8.400 32.800 0.800 135 60 0
8.400 32.800 1.200 135 60 0
8.400 32.800 1.600 135 60 0
8.400 32.800 2.000 135 60 0
8.400 32.800 2.400 135 60 0
8.400 33.200 0.800 135 60 0
8.400 33.200 1.200 135 60 0
8.400 33.200 1.600 135 60 0
8.400 33.200 2.000 135 60 0
8.400 33.200 2.400 135 60 0
8.400 33.200 2.800 135 60 0
8.400 33.200 3.200 135 60 0
8.400 33.200 4.000 0 175 0
8.400 33.200 4.400 0 175 0
8.400 33.600 0.400 150 240 80
8.400 33.600 1.600 135 60 0
8.400 33.600 2.000 135 60 0
8.400 33.600 2.400 135 60 0
8.400 33.600 2.800 135 60 0
8.400 33.600 3.200 135 60 0
8.400 34.000 0.400 150 240 80
8.400 34.000 2.400 135 60 0
8.400 34.000 2.800 135 60 0
8.400 34.000 3.200 0 175 0
8.400 34.000 4.400 0 175 0
8.400 34.400 0.400 150 240 80
8.400 34.400 2.800 135 60 0
8.400 34.400 3.200 0 175 0
8.400 34.400 3.600 0 175 0
8.400 34.800 0.400 150 240 80
8.400 34.800 2.400 0 175 0
8.400 34.800 2.800 0 175 0
8.400 34.800 3.200 0 175 0
8.400 34.800 3.600 0 175 0
8.400 35.200 0.400 150 240 80
8.400 35.200 2.400 0 175 0
8.400 35.200 2.800 0 175 0
8.400 35.200 3.200 0 175 0
8.400 35.200 3.600 0 175 0
8.400 35.200 4.000 0 175 0
8.400 35.600 0.400 150 240 80
8.400 35.600 3.200 0 175 0
8.400 36.000 0.400 150 240 80
8.400 36.000 2.800 0 175 0
8.400 36.400 0.400 150 240 80
8.400 36.800 0.400 150 240 80
8.400 37.200 0.400 150 240 80
8.400 37.600 0.400 150 240 80
8.400 38.000 0.400 75 0 75
8.400 38.400 0.400 75 0 75
8.400 38.400 4.400 0 175 0
8.400 38.800 0.400 75 0 75
8.400 39.200 0.400 75 0 75
8.400 39.600 0.400 75 0 75
8.400 40.000 0.400 75 0 75
8.400 40.400 0.400 75 0 75
8.400 44.800 0.000 175 0 75
8.400 46.000 0.000 175 0 75
8.400 46.400 0.000 175 0 75
8.400 46.800 0.000 75 0 75
8.400 47.200 0.000 75 0 75
8.400 47.600 0.000 75 0 75
8.400 48.000 0.000 75 0 75
8.400 48.400 0.000 75 0 75
8.400 48.800 0.000 75 0 75
8.400 49.200 0.000 75 0 75
8.400 49.600 0.000 75 0 75
8.400 50.000 0.000 75 0 75
8.400 50.800 0.000 75 0 75
8.800 0.800 1.600 255 200 0
8.800 0.800 2.000 255 200 0
8.800 0.800 2.400 255 200 0
8.800 0.800 2.800 255 200 0
8.800 0.800 3.200 255 200 0
8.800 0.800 3.600 255 200 0
8.800 1.200 4.000 255 200 0
8.800 2.000 1.200 75 0 75
8.800 2.400 1.200 75 0 75
8.800 2.800 1.200 255 200 0
8.800 2.800 1.600 255 200 0
8.800 3.200 0.800 255 200 0
8.800 3.200 1.200 255 200 0
8.800 3.200 1.600 255 200 0
8.800 3.600 0.800 255 200 0
8.800 3.600 1.200 255 200 0
8.800 4.000 0.800 150 240 80
8.800 4.000 1.200 0 175 0
8.800 4.400 0.800 150 240 80
8.800 4.400 1.200 0 175 0
8.800 4.400 2.400 0 175 0
8.800 4.400 2.800 0 175 0
8.800 4.400 3.200 0 175 0
8.800 4.800 1.200 0 175 0
8.800 4.800 2.000 0 175 0
8.800 4.800 2.400 0 175 0
8.800 4.800 2.800 0 175 0
8.800 4.800 3.200 0 175 0
8.800 4.800 3.600 0 175 0
8.800 5.200 2.000 0 175 0
8.800 5.200 2.400 0 175 0
8.800 5.200 2.800 0 175 0
8.800 5.600 2.400 0 175 0
8.800 5.600 2.800 0 175 0
8.800 6.000 1.600 0 175 0
8.800 6.000 2.000 0 175 0
8.800 6.000 2.400 0 175 0
8.800 6.000 2.800 0 175 0
8.800 6.000 3.200 0 175 0
8.800 6.400 0.800 150 240 80
8.800 6.400 1.600 0 175 0
8.800 6.400 2.400 0 175 0
8.800 6.400 2.800 0 175 0
8.800 6.400 3.200 0 175 0
8.800 6.800 0.800 0 175 0
8.800 6.800 3.200 0 175 0
8.800 7.200 2.800 0 175 0
8.800 7.600 0.800 0 175 0
8.800 7.600 1.600 0 175 0
8.800 7.600 2.800 0 175 0
8.800 8.000 1.600 0 175 0
8.800 8.000 2.000 0 175 0
8.800 8.000 2.800 0 175 0
8.800 8.400 2.400 0 175 0
8.800 8.800 1.600 0 175 0
8.800 8.800 2.000 0 175 0
8.800 8.800 2.400 0 175 0
8.800 8.800 2.800 0 175 0
8.800 9.200 1.600 0 175 0
8.800 9.200 2.000 0 175 0
8.800 9.200 2.800 0 175 0
8.800 9.600 1.200 0 175 0
8.800 9.600 1.600 0 175 0
8.800 9.600 2.000 0 175 0
8.800 9.600 2.400 0 175 0
8.800 9.600 2.800 0 175 0
8.800 10.000 0.400 150 240 80
8.800 10.000 0.800 0 175 0
8.800 10.000 1.200 0 175 0
8.800 10.000 1.600 0 175 0
8.800 10.000 2.000 0 175 0
8.800 10.000 2.400 0 175 0
8.800 10.400 0.800 0 175 0
8.800 10.400 1.200 0 175 0
8.800 10.400 1.600 0 175 0
8.800 10.400 2.000 0 175 0
8.800 10.400 2.800 0 175 0
8.800 10.400 3.200 0 175 0
8.800 10.800 0.400 150 240 80
8.800 10.800 0.800 0 175 0
8.800 10.800 1.200 0 175 0
8.800 10.800 1.600 0 175 0
8.800 10.800 2.000 0 175 0
8.800 10.800 2.800 0 175 0
8.800 10.800 3.200 0 175 0
8.800 11.200 0.800 0 175 0
8.800 11.200 1.200 0 175 0
8.800 17.200 4.400 0 175 0
8.800 17.600 4.000 0 175 0
8.800 19.200 0.400 75 0 75
8.800 19.600 0.400 75 0 75
8.800 20.000 0.400 75 0 75
8.800 20.400 0.400 75 0 75
8.800 20.800 0.400 75 0 75
8.800 21.200 0.400 255 0 255
8.800 21.600 0.400 255 0 255
8.800 22.000 0.400 255 0 255
8.800 22.400 0.400 255 0 255
8.800 22.800 0.400 255 0 255
8.800 23.200 0.400 255 0 255
8.800 23.600 0.400 255 0 255
8.800 24.000 0.400 255 0 255
8.800 24.400 0.400 255 0 255
8.800 24.800 0.400 255 0 255
8.800 25.200 0.400 255 0 255
8.800 25.600 0.400 255 0 255
8.800 26.000 0.400 255 0 255
8.800 26.400 0.400 255 0 255
8.800 26.800 0.400 255 0 255
8.800 27.200 0.400 255 0 255
8.800 27.600 0.400 75 0 75
8.800 28.000 0.400 75 0 75
8.800 28.400 0.400 75 0 75
8.800 28.800 0.400 75 0 75
8.800 29.200 0.400 75 0 75
8.800 29.600 0.400 75 0 75
8.800 30.000 0.400 75 0 75
8.800 30.400 0.400 150 240 80
8.800 30.800 0.400 150 240 80
8.800 31.200 0.400 150 240 80
8.800 31.200 4.000 0 175 0
8.800 31.200 4.400 0 175 0
8.800 31.600 0.400 150 240 80
8.800 31.600 3.200 0 175 0
8.800 31.600 3.600 0 175 0
8.800 31.600 4.000 0 175 0
8.800 32.000 0.400 150 240 80
8.800 32.000 0.800 135 60 0
8.800 32.000 1.600 0 175 0
8.800 32.000 2.000 0 175 0
8.800 32.000 2.400 135 60 0
8.800 32.000 3.200 0 175 0
8.800 32.000 3.600 0 175 0
8.800 32.000 4.400 0 175 0
8.800 32.400 0.400 150 240 80
8.800 32.400 1.200 135 60 0
8.800 32.400 1.600 135 60 0
8.800 32.400 2.000 135 60 0
8.800 32.400 2.400 135 60 0
8.800 32.400 2.800 135 60 0
8.800 32.400 4.000 0 175 0
8.800 32.800 0.400 150 240 80
8.800 32.800 2.800 0 175 0
8.800 32.800 3.200 0 175 0
8.800 32.800 4.000 0 175 0
8.800 33.200 0.400 150 240 80
8.800 33.600 0.400 150 240 80
8.800 34.000 0.400 150 240 80
8.800 34.000 2.800 135 60 0
8.800 34.000 3.600 0 175 0
8.800 34.400 0.400 150 240 80
8.800 34.400 2.400 0 175 0
8.800 34.400 3.200 0 175 0
8.800 34.400 3.600 0 175 0
8.800 34.400 4.400 0 175 0
8.800 34.800 0.400 150 240 80
8.800 34.800 2.400 0 175 0
8.800 34.800 2.800 0 175 0
8.800 35.200 0.400 150 240 80
8.800 35.200 2.400 0 175 0
8.800 35.200 2.800 0 175 0
8.800 35.600 0.400 150 240 80
8.800 35.600 3.200 0 175 0
8.800 36.000 0.400 150 240 80
8.800 36.400 0.400 150 240 80
8.800 36.800 0.400 150 240 80
8.800 37.200 0.400 150 240 80
8.800 37.600 0.400 75 0 75
8.800 38.000 0.400 75 0 75
8.800 38.400 0.400 75 0 75
8.800 38.400 4.400 0 175 0
8.800 38.800 0.400 75 0 75
8.800 39.200 0.400 75 0 75
8.800 39.600 0.400 75 0 75
8.800 40.000 0.400 75 0 75
8.800 40.400 0.400 75 0 75
8.800 40.800 0.400 75 0 75
8.800 41.200 0.400 75 0 75
8.800 41.600 0.400 75 0 75
8.800 46.400 0.000 175 0 75
8.800 47.200 0.000 75 0 75
8.800 47.600 0.000 75 0 75
8.800 48.000 0.000 75 0 75
8.800 48.400 0.000 75 0 75
8.800 48.800 0.000 75 0 75
8.800 49.200 0.000 75 0 75
8.800 49.600 0.000 75 0 75
8.800 50.000 0.000 75 0 75
8.800 50.400 0.000 75 0 75
8.800 50.800 0.000 75 0 75
9.200 0.800 1.600 255 200 0
9.200 0.800 2.000 255 200 0
9.200 0.800 2.400 255 200 0
9.200 0.800 2.800 255 200 0
9.200 0.800 3.200 255 200 0
9.200 0.800 3.600 255 200 0
9.200 1.200 4.000 255 200 0
9.200 3.600 1.200 255 200 0
9.200 3.600 1.600 255 200 0
9.200 3.600 4.000 0 175 0
9.200 4.000 0.800 255 200 0
9.200 4.000 1.600 255 200 0
9.200 4.000 5.200 0 175 0
9.200 4.400 4.000 0 175 0
9.200 4.800 2.000 0 175 0
9.200 4.800 2.400 0 175 0
9.200 4.800 2.800 0 175 0
9.200 4.800 3.200 0 175 0
9.200 4.800 3.600 0 175 0
9.200 4.800 5.600 0 175 0
9.200 5.200 2.000 0 175 0
9.200 5.200 2.400 0 175 0
9.200 5.200 2.800 0 175 0
9.200 5.200 3.200 0 175 0
9.200 5.200 3.600 0 175 0
9.200 5.600 2.400 0 175 0
9.200 5.600 2.800 0 175 0
9.200 5.600 3.200 0 175 0
9.200 6.000 2.000 0 175 0
9.200 6.000 2.400 0 175 0
9.200 6.000 2.800 0 175 0
9.200 6.000 3.200 0 175 0
9.200 6.400 2.000 0 175 0
9.200 6.400 3.200 0 175 0
9.200 6.800 5.200 0 175 0
9.200 7.200 2.400 0 175 0
9.200 8.400 2.400 0 175 0
9.200 8.400 2.800 0 175 0
9.200 8.800 2.400 0 175 0
9.200 8.800 2.800 0 175 0
9.200 9.200 2.800 0 175 0
9.200 9.600 1.200 0 175 0
9.200 9.600 2.000 0 175 0
9.200 9.600 2.400 0 175 0
9.200 10.000 0.800 0 175 0
9.200 10.000 1.200 0 175 0
9.200 10.000 1.600 0 175 0
9.200 10.000 2.000 0 175 0
9.200 10.000 3.200 0 175 0
9.200 10.400 0.800 0 175 0
9.200 10.400 1.200 0 175 0
9.200 10.400 1.600 0 175 0
9.200 10.400 2.000 0 175 0
9.200 10.400 3.200 0 175 0
9.200 10.800 0.800 0 175 0
9.200 10.800 1.200 0 175 0
9.200 10.800 1.600 0 175 0
9.200 10.800 2.000 0 175 0
9.200 10.800 2.400 0 175 0
9.200 10.800 2.800 0 175 0
9.200 10.800 3.200 0 175 0
9.200 11.200 1.600 0 175 0
9.200 11.200 2.000 0 175 0
9.200 11.200 2.400 0 175 0
9.200 11.600 2.000 0 175 0
9.200 11.600 2.400 0 175 0
9.200 19.200 0.400 75 0 75
9.200 19.600 0.400 75 0 75
9.200 20.000 0.400 75 0 75
9.200 20.400 0.400 75 0 75
9.200 20.800 0.400 75 0 75
9.200 21.200 0.400 255 0 255
9.200 21.600 0.400 255 0 255
9.200 22.000 0.400 255 0 255
9.200 22.400 0.400 255 0 255
9.200 22.800 0.400 255 0 255
9.200 23.200 0.400 255 0 255
9.200 23.600 0.400 255 0 255
9.200 24.000 0.400 255 0 255
9.200 24.400 0.400 255 0 255
9.200 24.800 0.400 255 0 255
9.200 25.200 0.400 255 0 255
9.200 25.600 0.400 255 0 255
9.200 26.000 0.400 255 0 255
9.200 26.400 0.400 255 0 255
9.200 26.800 0.400 255 0 255
9.200 27.200 0.400 255 0 255
9.200 27.600 0.400 75 0 75
9.200 28.000 0.400 75 0 75
9.200 28.400 0.400 75 0 75
9.200 28.800 0.400 75 0 75
9.200 29.200 0.400 75 0 75
9.200 29.600 0.400 75 0 75
9.200 30.000 0.400 75 0 75
9.200 30.400 0.400 75 0 75
9.200 30.800 0.400 150 240 80
9.200 31.200 0.400 150 240 80
9.200 31.200 2.000 0 175 0
9.200 31.200 3.200 0 175 0
9.200 31.200 4.000 0 175 0
9.200 31.200 4.400 0 175 0
9.200 31.600 0.400 150 240 80
9.200 31.600 0.800 135 60 0
9.200 31.600 1.600 0 175 0
9.200 31.600 2.000 0 175 0
9.200 31.600 2.400 0 175 0
9.200 31.600 2.800 0 175 0
9.200 31.600 3.200 0 175 0
9.200 32.000 0.400 150 240 80
9.200 32.000 0.800 135 60 0
9.200 32.000 1.600 0 175 0
9.200 32.000 2.400 0 175 0
9.200 32.000 2.800 0 175 0
9.200 32.000 3.200 0 175 0
9.200 32.000 4.000 0 175 0
9.200 32.400 0.400 150 240 80
9.200 32.400 0.800 135 60 0
9.200 32.400 1.600 0 175 0
9.200 32.400 2.000 0 175 0
9.200 32.400 2.400 0 175 0
9.200 32.400 4.000 0 175 0
9.200 32.800 0.400 150 240 80
9.200 32.800 0.800 135 60 0
9.200 32.800 1.200 0 175 0
9.200 32.800 1.600 0 175 0
9.200 32.800 2.000 0 175 0
9.200 32.800 2.800 0 175 0
9.200 32.800 3.200 0 175 0
9.200 32.800 4.000 0 175 0
9.200 33.200 0.400 150 240 80
9.200 33.200 1.600 0 175 0
9.200 33.200 2.000 0 175 0
9.200 33.200 2.800 0 175 0
9.200 33.200 3.200 0 175 0
9.200 33.200 4.000 0 175 0
9.200 33.600 0.400 150 240 80
9.200 33.600 3.200 0 175 0
9.200 33.600 4.000 0 175 0
9.200 34.000 0.400 150 240 80
9.200 34.000 3.200 0 175 0
9.200 34.000 4.000 0 175 0
9.200 34.000 4.400 0 175 0
9.200 34.400 0.400 150 240 80
9.200 34.400 3.200 0 175 0
9.200 34.800 0.400 150 240 80
9.200 34.800 2.800 0 175 0
9.200 34.800 3.200 0 175 0
9.200 34.800 4.000 0 175 0
9.200 35.200 0.400 150 240 80
9.200 35.600 0.400 150 240 80
9.200 35.600 2.800 0 175 0
9.200 35.600 3.200 0 175 0
9.200 36.000 0.400 150 240 80
9.200 36.400 0.400 150 240 80
9.200 36.800 0.400 150 240 80
9.200 37.200 0.400 150 240 80
9.200 37.600 0.400 75 0 75
9.200 38.000 0.400 75 0 75
9.200 38.400 0.400 75 0 75
9.200 38.800 0.400 75 0 75
9.200 38.800 4.400 0 175 0
9.200 39.200 0.400 75 0 75
9.200 39.600 0.400 75 0 75
9.200 40.000 0.400 75 0 75
9.200 40.400 0.400 75 0 75
9.200 40.800 0.400 75 0 75
9.200 46.000 0.000 175 0 75
9.200 47.200 0.000 175 0 75
9.200 47.600 0.000 175 0 75
9.200 48.000 0.000 75 0 75
9.200 48.400 0.000 75 0 75
9.200 48.800 0.000 75 0 75
9.200 49.200 0.000 75 0 75
9.200 49.600 0.000 75 0 75
9.200 50.000 0.000 75 0 75
9.200 50.400 0.000 75 0 75
9.200 50.800 0.000 75 0 75
9.600 0.400 1.600 255 200 0
9.600 0.400 2.000 255 200 0
9.600 0.400 2.400 255 200 0
9.600 0.400 2.800 255 200 0
9.600 0.400 3.200 255 200 0
9.600 0.400 3.600 255 200 0
9.600 0.800 4.000 255 200 0
9.600 1.600 1.200 75 0 75
9.600 4.400 1.200 255 200 0
9.600 4.400 1.600 255 200 0
9.600 4.400 3.600 0 175 0
9.600 4.400 5.600 0 175 0
9.600 4.800 1.600 255 200 0
9.600 5.200 2.400 0 175 0
9.600 5.200 2.800 0 175 0
9.600 5.200 3.200 0 175 0
9.600 5.200 4.400 0 175 0
9.600 5.600 2.000 0 175 0
9.600 5.600 2.400 0 175 0
9.600 5.600 2.800 0 175 0
9.600 5.600 3.200 0 175 0
9.600 5.600 3.600 0 175 0
9.600 5.600 4.000 0 175 0
9.600 6.000 2.000 0 175 0
9.600 6.000 2.400 0 175 0
9.600 6.000 2.800 0 175 0
9.600 6.000 3.200 0 175 0
9.600 6.400 2.000 0 175 0
9.600 6.400 2.400 0 175 0
9.600 6.400 2.800 0 175 0
9.600 6.400 3.200 0 175 0
9.600 6.800 1.600 0 175 0
9.600 7.200 2.800 0 175 0
9.600 7.600 3.200 0 175 0
9.600 8.400 2.800 0 175 0
9.600 8.800 2.400 0 175 0
9.600 9.200 2.400 0 175 0
9.600 9.600 2.000 0 175 0
9.600 9.600 2.400 0 175 0
9.600 10.000 2.000 0 175 0
9.600 10.000 2.400 0 175 0
9.600 10.000 2.800 0 175 0
9.600 10.400 1.200 0 175 0
9.600 10.400 1.600 0 175 0
9.600 10.400 2.000 0 175 0
9.600 10.400 2.400 0 175 0
9.600 10.400 2.800 0 175 0
9.600 10.800 0.800 0 175 0
9.600 10.800 1.200 0 175 0
9.600 10.800 1.600 0 175 0
9.600 10.800 2.000 0 175 0
9.600 10.800 2.400 0 175 0
9.600 10.800 2.800 0 175 0
9.600 11.200 0.800 0 175 0
9.600 11.200 1.200 0 175 0
9.600 11.200 1.600 0 175 0
9.600 11.200 2.000 0 175 0
9.600 11.200 2.400 0 175 0
9.600 11.200 2.800 0 175 0
9.600 11.200 3.200 0 175 0
9.600 11.600 1.200 0 175 0
9.600 11.600 1.600 0 175 0
9.600 11.600 2.000 0 175 0
9.600 11.600 2.400 0 175 0
9.600 11.600 2.800 0 175 0
9.600 12.000 1.600 0 175 0
9.600 12.000 2.000 0 175 0
9.600 12.000 2.400 0 175 0
9.600 12.000 2.800 0 175 0
9.600 12.400 1.600 0 175 0
9.600 12.400 2.000 0 175 0
9.600 12.400 2.800 0 175 0
9.600 19.200 0.400 75 0 75
9.600 19.600 0.400 75 0 75
9.600 20.000 0.400 75 0 75
9.600 20.400 0.400 75 0 75
9.600 20.800 0.400 75 0 75
9.600 21.200 0.400 255 0 255
9.600 21.600 0.400 255 0 255
9.600 22.000 0.400 255 0 255
9.600 22.400 0.400 255 0 255
9.600 22.800 0.400 255 0 255
9.600 23.200 0.400 255 0 255
9.600 23.600 0.400 255 0 255
9.600 24.000 0.400 255 0 255
9.600 24.400 0.400 255 0 255
9.600 24.800 0.400 255 0 255
9.600 25.200 0.400 255 0 255
9.600 25.600 0.400 255 0 255
9.600 26.000 0.400 255 0 255
9.600 26.400 0.400 255 0 255
9.600 26.800 0.400 255 0 255
9.600 27.200 0.400 255 0 255
9.600 27.600 0.400 75 0 75
9.600 28.000 0.400 75 0 75
9.600 28.400 0.400 75 0 75
9.600 28.800 0.400 75 0 75
9.600 29.200 0.400 75 0 75
9.600 29.600 0.400 75 0 75
9.600 30.000 0.400 75 0 75
9.600 30.400 0.400 75 0 75
9.600 30.800 0.400 75 0 75
9.600 31.200 0.400 150 240 80
9.600 31.600 0.400 150 240 80
9.600 31.600 3.200 0 175 0
9.600 32.000 0.400 150 240 80
9.600 32.000 1.600 0 175 0
9.600 32.000 2.000 0 175 0
9.600 32.000 2.800 0 175 0
9.600 32.000 3.200 0 175 0
9.600 32.400 0.400 150 240 80
9.600 32.400 2.800 0 175 0
9.600 32.400 3.200 0 175 0
9.600 32.800 0.400 150 240 80
9.600 32.800 0.800 135 60 0
9.600 32.800 2.800 0 175 0
9.600 32.800 3.600 0 175 0
9.600 32.800 4.000 0 175 0
9.600 33.200 0.400 150 240 80
9.600 33.200 4.000 0 175 0
9.600 33.600 0.400 150 240 80
9.600 33.600 2.800 0 175 0
9.600 33.600 3.600 0 175 0
9.600 33.600 4.000 0 175 0
9.600 34.000 0.400 150 240 80
9.600 34.000 2.800 0 175 0
9.600 34.000 3.200 0 175 0
9.600 34.000 4.000 0 175 0
9.600 34.400 0.400 150 240 80
9.600 34.400 3.200 0 175 0
9.600 34.400 3.600 0 175 0
9.600 34.400 4.400 0 175 0
9.600 34.800 0.400 150 240 80
9.600 34.800 3.200 0 175 0
9.600 35.200 0.400 150 240 80
9.600 35.600 0.400 150 240 80
9.600 36.000 0.400 150 240 80
9.600 36.400 0.400 150 240 80
9.600 36.800 0.400 150 240 80
9.600 37.200 0.400 75 0 75
9.600 37.600 0.400 75 0 75
9.600 38.000 0.400 75 0 75
9.600 38.400 0.400 75 0 75
9.600 38.800 0.400 75 0 75
9.600 39.200 0.400 75 0 75
9.600 39.600 0.400 75 0 75
9.600 40.000 0.400 75 0 75
9.600 40.400 0.400 75 0 75
9.600 40.800 0.400 75 0 75
9.600 41.200 0.400 75 0 75
9.600 46.000 0.000 175 0 75
9.600 47.600 0.000 175 0 75
9.600 48.000 0.000 175 0 75
9.600 48.400 0.000 75 0 75
9.600 48.800 0.000 75 0 75
9.600 49.200 0.000 75 0 75
9.600 49.600 0.000 75 0 75
9.600 50.000 0.000 75 0 75
9.600 50.400 0.000 75 0 75
10.000 0.400 1.600 255 200 0
10.000 0.400 2.000 255 200 0
10.000 0.400 2.400 255 200 0
10.000 0.400 2.800 255 200 0
10.000 0.400 3.200 255 200 0
10.000 0.400 3.600 255 200 0
10.000 0.400 4.000 255 200 0
10.000 2.000 1.200 75 0 75
10.000 3.600 4.400 0 175 0
10.000 3.600 5.200 0 175 0
10.000 3.600 5.600 0 175 0
10.000 4.000 4.400 0 175 0
10.000 4.400 4.800 0 175 0
10.000 4.400 5.200 0 175 0
10.000 5.200 1.600 255 200 0
10.000 5.600 1.600 255 200 0
10.000 5.600 3.200 0 175 0
10.000 5.600 3.600 0 175 0
10.000 6.000 2.000 0 175 0
10.000 6.000 2.400 0 175 0
10.000 6.000 3.200 0 175 0
10.000 6.000 3.600 0 175 0
10.000 6.400 2.000 0 175 0
10.000 6.400 2.800 0 175 0
10.000 6.400 3.200 0 175 0
10.000 6.800 2.000 0 175 0
10.000 6.800 2.400 0 175 0
10.000 7.200 2.800 0 175 0
10.000 7.200 3.200 0 175 0
10.000 7.200 5.600 0 175 0
10.000 7.600 2.400 0 175 0
10.000 7.600 2.800 0 175 0
10.000 8.800 2.800 0 175 0
10.000 10.000 1.200 0 175 0
10.000 10.400 1.200 0 175 0
10.000 10.800 0.800 0 175 0
10.000 10.800 1.200 0 175 0
10.000 10.800 1.600 0 175 0
10.000 10.800 2.400 0 175 0
10.000 10.800 2.800 0 175 0
10.000 11.200 0.800 0 175 0
10.000 11.200 1.200 0 175 0
10.000 11.200 1.600 0 175 0
10.000 11.200 2.000 0 175 0
10.000 11.200 2.400 0 175 0
10.000 11.200 2.800 0 175 0
10.000 11.200 3.200 0 175 0
10.000 11.600 0.800 0 175 0
10.000 11.600 1.200 0 175 0
10.000 11.600 1.600 0 175 0
10.000 11.600 2.000 0 175 0
10.000 11.600 2.400 0 175 0
10.000 11.600 2.800 0 175 0
10.000 12.000 1.200 0 175 0
10.000 12.000 1.600 0 175 0
10.000 12.000 2.000 0 175 0
10.000 12.000 2.400 0 175 0
10.000 12.000 2.800 0 175 0
10.000 12.000 3.200 0 175 0
10.000 12.400 1.200 0 175 0
10.000 12.400 1.600 0 175 0
10.000 12.400 2.000 0 175 0
10.000 12.400 2.800 0 175 0
10.000 17.600 0.800 150 240 80
10.000 18.800 1.600 255 0 0
10.000 19.600 0.400 75 0 75
10.000 20.000 0.400 75 0 75
10.000 20.400 0.400 75 0 75
10.000 20.800 0.400 75 0 75
10.000 21.200 0.400 255 0 255
10.000 21.600 0.400 255 0 255
10.000 22.000 0.400 255 0 255
10.000 22.400 0.400 255 0 255
10.000 22.800 0.400 255 0 255
10.000 23.200 0.400 255 0 255
10.000 23.600 0.400 255 0 255
10.000 24.000 0.400 255 0 255
10.000 24.400 0.400 255 0 255
10.000 24.800 0.400 255 0 255
10.000 25.200 0.400 255 0 255
10.000 25.600 0.400 255 0 255
10.000 26.000 0.400 255 0 255
10.000 26.400 0.400 255 0 255
10.000 26.800 0.400 255 0 255
10.000 27.200 0.400 255 0 255
10.000 27.600 0.400 75 0 75
10.000 28.000 0.400 75 0 75
10.000 28.400 0.400 75 0 75
10.000 28.800 0.400 75 0 75
10.000 29.200 0.400 75 0 75
10.000 29.600 0.400 75 0 75
10.000 30.000 0.400 75 0 75
10.000 30.400 0.400 75 0 75
10.000 30.800 0.400 75 0 75
10.000 30.800 4.400 0 175 0
10.000 31.200 0.400 75 0 75
10.000 31.600 0.400 75 0 75
10.000 31.600 3.200 0 175 0
10.000 32.000 0.400 150 240 80
10.000 32.000 2.800 0 175 0
10.000 32.000 3.200 0 175 0
10.000 32.000 3.600 0 175 0
10.000 32.400 0.400 150 240 80
10.000 32.800 0.400 150 240 80
10.000 32.800 4.000 0 175 0
10.000 33.200 0.400 150 240 80
10.000 33.200 3.600 0 175 0
10.000 33.200 4.000 0 175 0
10.000 33.600 0.400 150 240 80
10.000 33.600 3.200 0 175 0
10.000 33.600 3.600 0 175 0
10.000 34.000 0.400 150 240 80
10.000 34.000 3.200 0 175 0
10.000 34.400 0.400 150 240 80
10.000 34.800 0.400 150 240 80
10.000 35.200 0.400 150 240 80
10.000 35.200 3.200 0 175 0
10.000 35.600 0.400 150 240 80
10.000 36.000 0.400 150 240 80
10.000 36.400 0.400 150 240 80
10.000 36.800 0.400 75 0 75
10.000 37.200 0.400 75 0 75
10.000 37.600 0.400 75 0 75
10.000 38.000 0.400 75 0 75
10.000 38.000 4.400 0 175 0
10.000 38.400 0.400 75 0 75
10.000 38.800 0.400 75 0 75
10.000 39.200 0.400 75 0 75
10.000 39.600 0.400 75 0 75
10.000 40.000 0.400 75 0 75
10.000 40.400 0.400 75 0 75
10.000 40.800 0.400 75 0 75
10.000 41.200 0.400 75 0 75
10.000 41.600 0.400 75 0 75
10.000 45.600 0.000 175 0 75
10.000 47.200 0.000 175 0 75
10.000 47.600 0.000 175 0 75
10.000 48.400 0.000 175 0 75
10.000 48.800 0.000 175 0 75
10.000 49.200 0.000 75 0 75
10.000 49.600 0.000 75 0 75
10.000 50.000 0.000 75 0 75
10.000 50.400 0.000 75 0 75
10.400 0.000 2.400 255 200 0
10.400 0.000 2.800 255 200 0
10.400 0.000 3.200 255 200 0
10.400 0.000 3.600 255 200 0
10.400 0.400 1.600 255 200 0
10.400 0.400 2.000 255 200 0
10.400 0.400 2.400 255 200 0
10.400 0.400 2.800 255 200 0
10.400 0.400 3.200 255 200 0
10.400 0.400 3.600 255 200 0
10.400 0.400 4.000 255 200 0
10.400 1.600 1.200 75 0 75
10.400 3.200 1.200 75 0 75
10.400 3.600 4.400 0 175 0
10.400 4.000 4.400 0 175 0
10.400 4.000 4.800 0 175 0
10.400 4.400 4.400 0 175 0
10.400 4.400 5.200 0 175 0
10.400 4.800 5.600 0 175 0
10.400 5.600 5.600 0 175 0
10.400 6.000 1.600 255 200 0
10.400 6.000 2.400 0 175 0
10.400 6.000 3.600 0 175 0
10.400 6.000 5.200 0 175 0
10.400 6.400 2.000 0 175 0
10.400 6.400 2.400 0 175 0
10.400 6.400 3.200 0 175 0
10.400 6.400 3.600 0 175 0
10.400 6.400 4.000 0 175 0
10.400 6.400 4.400 0 175 0
10.400 6.800 2.000 0 175 0
10.400 6.800 2.400 0 175 0
10.400 6.800 2.800 0 175 0
10.400 6.800 4.400 0 175 0
10.400 6.800 5.200 0 175 0
10.400 6.800 5.600 0 175 0
10.400 7.200 2.400 0 175 0
10.400 7.200 2.800 0 175 0
10.400 7.200 3.200 0 175 0
10.400 7.600 2.800 0 175 0
10.400 7.600 5.200 0 175 0
10.400 8.000 4.400 0 175 0
10.400 8.000 4.800 0 175 0
10.400 8.000 5.200 0 175 0
10.400 8.400 2.800 0 175 0
10.400 8.800 5.200 0 175 0
10.400 9.200 0.800 0 175 0
10.400 10.400 0.800 0 175 0
10.400 10.400 1.200 0 175 0
10.400 10.400 1.600 0 175 0
10.400 10.400 2.800 0 175 0
10.400 10.800 0.800 0 175 0
10.400 10.800 1.200 0 175 0
10.400 10.800 1.600 0 175 0
10.400 11.200 0.800 0 175 0
10.400 11.200 1.200 0 175 0
10.400 11.200 2.000 0 175 0
10.400 11.200 2.800 0 175 0
10.400 11.600 0.800 0 175 0
10.400 11.600 1.200 0 175 0
10.400 11.600 2.400 0 175 0
10.400 11.600 2.800 0 175 0
10.400 11.600 3.200 0 175 0
10.400 12.000 0.800 0 175 0
10.400 12.000 1.200 0 175 0
10.400 12.000 1.600 0 175 0
10.400 12.000 2.000 0 175 0
10.400 12.000 2.400 0 175 0
10.400 12.000 2.800 0 175 0
10.400 12.000 3.200 0 175 0
10.400 12.400 1.200 0 175 0
10.400 12.400 1.600 0 175 0
10.400 12.400 2.000 0 175 0
10.400 12.400 2.400 0 175 0
10.400 12.400 2.800 0 175 0
10.400 12.800 2.000 0 175 0
10.400 17.200 0.800 150 240 80
10.400 17.600 0.800 150 240 80
10.400 18.000 0.800 150 240 80
10.400 18.800 0.400 150 240 80
10.400 18.800 0.800 255 240 150
10.400 18.800 1.200 255 240 150
10.400 18.800 1.600 255 0 0
10.400 18.800 2.000 255 240 150
10.400 18.800 2.400 255 240 150
10.400 18.800 2.800 255 240 150
10.400 18.800 3.200 255 0 0
10.400 19.600 0.400 75 0 75
10.400 20.000 0.400 75 0 75
10.400 20.400 0.400 75 0 75
10.400 20.800 0.400 75 0 75
10.400 21.200 0.400 255 0 255
10.400 21.600 0.400 255 0 255
10.400 22.000 0.400 255 0 255
10.400 22.400 0.400 255 0 255
10.400 22.800 0.400 255 0 255
10.400 23.200 0.400 255 0 255
10.400 23.600 0.400 255 0 255
10.400 24.000 0.400 255 0 255
10.400 24.400 0.400 255 0 255
10.400 24.800 0.400 255 0 255
10.400 25.200 0.400 255 0 255
10.400 25.600 0.400 255 0 255
10.400 26.000 0.400 255 0 255
10.400 26.400 0.400 255 0 255
10.400 26.800 0.400 255 0 255
10.400 27.200 0.400 255 0 255
10.400 27.600 0.400 75 0 75
10.400 27.600 5.200 0 175 0
10.400 28.000 0.400 75 0 75
10.400 28.000 5.200 0 175 0
10.400 28.400 0.400 75 0 75
10.400 28.800 0.400 75 0 75
10.400 29.200 0.400 75 0 75
10.400 29.600 0.400 75 0 75
10.400 30.000 0.400 75 0 75
10.400 30.000 5.200 0 175 0
10.400 30.400 0.400 75 0 75
10.400 30.800 0.400 75 0 75
10.400 30.800 4.000 0 175 0
10.400 31.200 0.400 75 0 75
10.400 31.600 0.400 75 0 75
10.400 32.000 0.400 75 0 75
10.400 32.400 0.400 75 0 75
10.400 32.800 0.400 75 0 75
10.400 33.200 0.400 75 0 75
10.400 33.200 4.000 0 175 0
10.400 33.600 0.400 75 0 75
10.400 33.600 4.000 0 175 0
10.400 34.000 0.400 75 0 75
10.400 34.400 0.400 75 0 75
10.400 34.400 3.200 0 175 0
10.400 34.800 0.400 75 0 75
10.400 35.200 0.400 75 0 75
10.400 35.600 0.400 75 0 75
10.400 36.000 0.400 75 0 75
10.400 36.400 0.400 75 0 75
10.400 36.800 0.400 75 0 75
10.400 37.200 0.400 75 0 75
10.400 37.600 0.400 75 0 75
10.400 38.000 0.400 75 0 75
10.400 38.000 4.400 0 175 0
10.400 38.400 0.400 75 0 75
10.400 38.800 0.400 75 0 75
10.400 39.200 0.400 75 0 75
10.400 39.600 0.400 75 0 75
10.400 40.000 0.400 75 0 75
10.400 40.400 0.400 75 0 75
10.400 40.800 0.400 75 0 75
10.400 41.200 0.400 75 0 75
10.400 41.600 0.400 75 0 75
10.400 42.000 0.400 75 0 75
10.400 45.200 0.000 175 0 75
10.400 46.400 0.000 175 0 75
10.400 47.200 0.000 175 0 75
10.400 48.400 0.000 175 0 75
10.400 48.800 0.000 175 0 75
10.400 49.200 0.000 175 0 75
10.400 49.600 0.000 75 0 75
10.400 50.000 0.000 75 0 75
10.400 50.400 0.000 75 0 75
10.400 50.800 0.000 75 0 75
10.800 0.000 1.600 255 200 0
10.800 0.000 2.400 255 200 0
10.800 0.000 3.200 255 200 0
10.800 0.000 4.000 255 200 0
10.800 0.400 4.000 255 200 0
10.800 1.200 1.200 75 0 75
10.800 4.400 4.400 0 175 0
10.800 4.400 5.200 0 175 0
10.800 4.800 5.200 0 175 0
10.800 5.600 5.600 0 175 0
10.800 6.000 5.200 0 175 0
10.800 6.000 5.600 0 175 0
10.800 6.400 2.400 0 175 0
10.800 6.400 3.600 0 175 0
10.800 6.400 4.000 0 175 0
10.800 6.400 4.400 0 175 0
10.800 6.400 5.600 0 175 0
10.800 6.800 3.200 0 175 0
10.800 6.800 3.600 0 175 0
10.800 6.800 4.000 0 175 0
10.800 6.800 4.400 0 175 0
10.800 7.200 2.000 0 175 0
10.800 7.200 2.400 0 175 0
10.800 7.200 2.800 0 175 0
10.800 7.200 3.200 0 175 0
10.800 7.200 3.600 0 175 0
10.800 7.200 4.000 0 175 0
10.800 7.600 1.200 0 175 0
10.800 7.600 2.400 0 175 0
10.800 7.600 2.800 0 175 0
10.800 7.600 3.600 0 175 0
10.800 8.000 5.200 0 175 0
10.800 8.000 5.600 0 175 0
10.800 8.400 4.800 0 175 0
10.800 9.200 0.800 0 175 0
10.800 10.000 0.800 0 175 0
10.800 10.800 1.200 0 175 0
10.800 10.800 2.400 0 175 0
10.800 11.200 0.800 0 175 0
10.800 11.200 1.200 0 175 0
10.800 11.600 0.800 0 175 0
10.800 11.600 2.800 0 175 0
10.800 12.000 0.800 0 175 0
10.800 12.000 1.200 0 175 0
10.800 12.000 1.600 0 175 0
10.800 12.000 2.000 0 175 0
10.800 12.000 2.400 0 175 0
10.800 12.000 2.800 0 175 0
10.800 12.000 3.200 0 175 0
10.800 12.400 0.800 0 175 0
10.800 12.400 1.200 0 175 0
10.800 12.400 1.600 0 175 0
10.800 12.400 2.000 0 175 0
10.800 12.400 2.400 0 175 0
10.800 12.400 2.800 0 175 0
10.800 12.400 3.200 0 175 0
10.800 12.800 0.800 0 175 0
10.800 12.800 1.200 0 175 0
10.800 12.800 1.600 0 175 0
10.800 12.800 2.000 0 175 0
10.800 13.200 0.800 0 175 0
10.800 13.200 2.000 0 175 0
10.800 16.400 0.800 150 240 80
10.800 16.800 0.800 150 240 80
10.800 17.200 0.800 150 240 80
10.800 17.600 0.800 150 240 80
10.800 18.000 0.800 150 240 80
10.800 18.800 1.600 255 0 0
10.800 18.800 2.400 255 240 150
10.800 18.800 3.200 255 0 0
10.800 20.000 0.400 75 0 75
10.800 20.400 0.400 75 0 75
10.800 20.800 0.400 75 0 75
10.800 21.200 0.400 255 0 255
10.800 21.600 0.400 255 0 255
10.800 22.000 0.400 255 0 255
10.800 22.400 0.400 255 0 255
10.800 22.800 0.400 255 0 255
10.800 23.200 0.400 255 0 255
10.800 23.600 0.400 255 0 255
10.800 24.000 0.400 255 0 255
10.800 24.400 0.400 255 0 255
10.800 24.800 0.400 255 0 255
10.800 25.200 0.400 255 0 255
10.800 25.600 0.400 255 0 255
10.800 26.000 0.400 255 0 255
10.800 26.400 0.400 255 0 255
10.800 26.800 0.400 255 0 255
10.800 27.200 0.400 255 0 255
10.800 27.200 5.200 0 175 0
10.800 27.600 0.400 75 0 75
10.800 28.000 0.400 75 0 75
10.800 28.000 5.200 0 175 0
10.800 28.400 0.400 75 0 75
10.800 28.800 0.400 75 0 75
10.800 29.200 0.400 75 0 75
10.800 29.600 0.400 75 0 75
10.800 30.000 0.400 75 0 75
10.800 30.400 0.400 75 0 75
10.800 30.800 0.400 75 0 75
10.800 30.800 4.000 0 175 0
10.800 31.200 0.400 75 0 75
10.800 31.600 0.400 75 0 75
10.800 32.000 0.400 75 0 75
10.800 32.400 0.400 75 0 75
10.800 32.800 0.400 75 0 75
10.800 33.200 0.400 75 0 75
10.800 33.600 0.400 75 0 75
10.800 34.000 0.400 75 0 75
10.800 34.400 0.400 75 0 75
10.800 34.800 0.400 75 0 75
10.800 35.200 0.400 75 0 75
10.800 35.600 0.400 75 0 75
10.800 35.600 4.000 0 175 0
10.800 36.000 0.400 75 0 75
10.800 36.400 0.400 75 0 75
10.800 36.800 0.400 75 0 75
10.800 37.200 0.400 75 0 75
10.800 37.600 0.400 75 0 75
10.800 37.600 4.400 0 175 0
10.800 38.000 0.400 75 0 75
10.800 38.400 0.400 75 0 75
10.800 38.800 0.400 75 0 75
10.800 39.200 0.400 75 0 75
10.800 39.600 0.400 75 0 75
10.800 40.000 0.400 75 0 75
10.800 40.400 0.400 75 0 75
10.800 40.800 0.400 75 0 75
10.800 41.200 0.400 75 0 75
10.800 41.600 0.400 75 0 75
10.800 42.000 0.400 75 0 75
10.800 45.200 0.000 175 0 75
10.800 46.000 0.000 175 0 75
10.800 46.800 0.000 175 0 75
10.800 48.400 0.000 175 0 75
10.800 48.800 0.000 175 0 75
10.800 49.600 0.000 75 0 75
10.800 50.000 0.000 75 0 75
10.800 50.400 0.000 75 0 75
10.800 50.800 0.000 75 0 75
11.200 0.000 4.000 255 200 0
11.200 1.200 1.200 75 0 75
11.200 3.600 5.200 0 175 0
11.200 3.600 5.600 0 175 0
11.200 4.000 4.000 0 175 0
11.200 4.000 5.600 0 175 0
11.200 4.400 4.800 0 175 0
11.200 5.600 4.000 0 175 0
11.200 6.000 3.600 0 175 0
11.200 6.000 4.000 0 175 0
11.200 6.000 4.400 0 175 0
11.200 6.000 4.800 0 175 0
11.200 6.400 2.400 0 175 0
11.200 6.400 4.000 0 175 0
11.200 6.800 3.600 0 175 0
11.200 6.800 4.000 0 175 0
11.200 6.800 4.400 0 175 0
11.200 7.200 2.400 0 175 0
11.200 7.200 3.200 0 175 0
11.200 7.200 3.600 0 175 0
11.200 7.200 4.000 0 175 0
11.200 7.200 4.800 0 175 0
11.200 7.600 2.000 0 175 0
11.200 7.600 2.400 0 175 0
11.200 7.600 2.800 0 175 0
11.200 7.600 3.200 0 175 0
11.200 7.600 3.600 0 175 0
11.200 7.600 4.000 0 175 0
11.200 7.600 4.400 0 175 0
11.200 8.000 2.000 0 175 0
11.200 8.000 3.600 0 175 0
11.200 8.000 4.000 0 175 0
11.200 8.000 4.400 0 175 0
11.200 8.000 4.800 0 175 0
11.200 8.400 1.200 0 175 0
11.200 8.800 4.800 0 175 0
11.200 9.600 0.800 0 175 0
11.200 10.000 0.800 0 175 0
11.200 10.400 0.800 0 175 0
11.200 10.400 1.200 0 175 0
11.200 10.800 0.800 0 175 0
11.200 10.800 3.200 0 175 0
11.200 11.200 0.800 0 175 0
11.200 11.200 1.200 0 175 0
11.200 11.600 2.800 0 175 0
11.200 11.600 3.200 0 175 0
11.200 12.000 0.800 0 175 0
11.200 12.000 1.200 0 175 0
11.200 12.000 2.400 0 175 0
11.200 12.000 2.800 0 175 0
11.200 12.000 3.200 0 175 0
11.200 12.400 0.800 0 175 0
11.200 12.400 1.200 0 175 0
11.200 12.400 2.000 0 175 0
11.200 12.400 2.400 0 175 0
11.200 12.400 2.800 0 175 0
11.200 12.400 4.000 0 175 0
11.200 12.800 0.800 0 175 0
11.200 12.800 1.200 0 175 0
11.200 12.800 1.600 0 175 0
11.200 12.800 2.000 0 175 0
11.200 12.800 2.400 0 175 0
11.200 12.800 2.800 0 175 0
11.200 13.200 1.200 0 175 0
11.200 13.200 1.600 0 175 0
11.200 13.200 2.000 0 175 0
11.200 13.600 1.600 0 175 0
11.200 16.000 0.800 150 240 80
11.200 16.400 0.800 150 240 80
11.200 16.800 0.800 150 240 80
11.200 17.200 0.800 150 240 80
11.200 17.600 0.800 150 240 80
11.200 18.000 0.800 150 240 80
11.200 18.400 0.800 150 240 80
11.200 20.000 0.400 75 0 75
11.200 20.400 0.400 75 0 75
11.200 20.800 0.400 75 0 75
11.200 21.200 0.400 255 0 255
11.200 21.600 0.400 255 0 255
11.200 22.000 0.400 255 0 255
11.200 22.400 0.400 255 0 255
11.200 22.400 0.800 100 150 245
11.200 22.800 0.400 255 0 255
11.200 23.200 0.400 255 0 255
11.200 23.600 0.400 255 0 255
11.200 24.000 0.400 255 0 255
11.200 24.400 0.400 255 0 255
11.200 24.800 0.400 255 0 255
11.200 25.200 0.400 255 0 255
11.200 25.600 0.400 255 0 255
11.200 26.000 0.400 255 0 255
11.200 26.400 0.400 255 0 255
11.200 26.800 0.400 255 0 255
11.200 27.200 0.400 255 0 255
11.200 27.600 0.400 75 0 75
11.200 28.000 0.400 75 0 75
11.200 28.400 0.400 75 0 75
11.200 28.800 0.400 75 0 75
11.200 29.200 0.400 75 0 75
11.200 29.600 0.400 75 0 75
11.200 30.000 0.400 75 0 75
11.200 30.400 0.400 75 0 75
11.200 30.800 0.400 75 0 75
11.200 31.200 0.400 75 0 75
11.200 31.600 0.400 75 0 75
11.200 32.000 0.400 75 0 75
11.200 32.400 0.400 75 0 75
11.200 32.800 0.400 75 0 75
11.200 33.200 0.400 75 0 75
11.200 33.600 0.400 75 0 75
11.200 34.000 0.400 75 0 75
11.200 34.400 0.400 75 0 75
11.200 34.800 0.400 75 0 75
11.200 35.200 0.400 75 0 75
11.200 35.600 0.400 75 0 75
11.200 36.000 0.400 75 0 75
11.200 36.400 0.400 75 0 75
11.200 36.800 0.400 75 0 75
11.200 37.200 0.400 75 0 75
11.200 37.600 0.400 75 0 75
11.200 38.000 0.400 75 0 75
11.200 38.400 0.400 75 0 75
11.200 38.800 0.400 75 0 75
11.200 39.200 0.400 75 0 75
11.200 39.600 0.400 75 0 75
11.200 40.000 0.400 75 0 75
11.200 40.400 0.400 75 0 75
11.200 40.800 0.400 75 0 75
11.200 41.200 0.400 75 0 75
11.200 41.600 0.400 75 0 75
11.200 44.800 0.000 175 0 75
11.200 46.000 0.000 175 0 75
11.200 46.400 0.000 175 0 75
11.200 46.800 0.000 175 0 75
11.200 48.400 0.000 175 0 75
11.200 49.200 0.000 75 0 75
11.200 49.600 0.000 75 0 75
11.200 50.000 0.000 75 0 75
11.200 50.400 0.000 75 0 75
11.200 50.800 0.000 75 0 75
11.600 0.000 4.000 255 200 0
11.600 0.800 1.200 75 0 75
11.600 4.000 4.000 0 175 0
11.600 4.000 5.200 0 175 0
11.600 4.000 5.600 0 175 0
11.600 4.400 4.000 0 175 0
11.600 4.400 5.600 0 175 0
11.600 5.600 4.000 0 175 0
11.600 6.000 3.600 0 175 0
11.600 6.000 4.000 0 175 0
11.600 6.800 4.400 0 175 0
11.600 6.800 4.800 0 175 0
11.600 7.200 4.000 0 175 0
11.600 7.200 4.400 0 175 0
11.600 7.600 4.000 0 175 0
11.600 7.600 4.400 0 175 0
11.600 8.000 2.400 0 175 0
11.600 8.000 2.800 0 175 0
11.600 8.000 3.200 0 175 0
11.600 8.000 3.600 0 175 0
11.600 8.000 4.400 0 175 0
11.600 9.600 1.200 0 175 0
11.600 10.000 0.800 0 175 0
11.600 10.400 0.800 0 175 0
11.600 10.800 0.800 0 175 0
11.600 10.800 3.200 0 175 0
11.600 11.200 3.200 0 175 0
11.600 11.600 3.200 0 175 0
11.600 11.600 4.800 0 175 0
11.600 12.000 2.800 0 175 0
11.600 12.400 2.000 0 175 0
11.600 12.400 2.400 0 175 0
11.600 12.400 2.800 0 175 0
11.600 12.800 0.800 0 175 0
11.600 12.800 1.200 0 175 0
11.600 12.800 1.600 0 175 0
11.600 12.800 2.000 0 175 0
11.600 12.800 2.400 0 175 0
11.600 12.800 2.800 0 175 0
11.600 13.200 0.800 0 175 0
11.600 13.200 1.200 0 175 0
11.600 13.200 1.600 0 175 0
11.600 13.200 2.000 0 175 0
11.600 13.200 2.400 0 175 0
11.600 13.600 0.800 0 175 0
11.600 13.600 1.200 0 175 0
11.600 13.600 1.600 0 175 0
11.600 15.200 0.800 150 240 80
11.600 16.400 0.800 150 240 80
11.600 16.800 0.800 150 240 80
11.600 17.200 0.800 150 240 80
11.600 17.600 0.800 150 240 80
11.600 18.000 0.800 150 240 80
11.600 18.400 0.800 150 240 80
11.600 18.800 0.800 150 240 80
11.600 20.400 0.400 75 0 75
11.600 20.800 0.400 75 0 75
11.600 21.200 0.400 255 0 255
11.600 21.200 0.800 100 150 245
11.600 21.200 1.200 100 150 245
11.600 21.600 0.400 255 0 255
11.600 21.600 0.800 100 150 245
11.600 21.600 1.200 100 150 245
11.600 21.600 1.600 100 150 245
11.600 22.000 0.400 255 0 255
11.600 22.000 0.800 100 150 245
11.600 22.000 1.200 100 150 245
11.600 22.000 1.600 100 150 245
11.600 22.400 0.400 255 0 255
11.600 22.400 0.800 100 150 245
11.600 22.400 1.200 100 150 245
11.600 22.400 1.600 100 150 245
11.600 22.800 0.400 255 0 255
11.600 22.800 0.800 100 150 245
11.600 22.800 1.200 100 150 245
11.600 22.800 1.600 100 150 245
11.600 23.200 0.400 255 0 255
11.600 23.600 0.400 255 0 255
11.600 24.000 0.400 255 0 255
11.600 24.400 0.400 255 0 255
11.600 24.800 0.400 255 0 255
11.600 25.200 0.400 255 0 255
11.600 25.600 0.400 255 0 255
11.600 26.000 0.400 255 0 255
11.600 26.400 0.400 255 0 255
11.600 26.800 0.400 255 0 255
11.600 27.200 0.400 255 0 255
11.600 27.600 0.400 75 0 75
11.600 28.000 0.400 75 0 75
11.600 28.400 0.400 75 0 75
11.600 28.800 0.400 75 0 75
11.600 29.200 0.400 75 0 75
11.600 29.600 0.400 75 0 75
11.600 30.000 0.400 75 0 75
11.600 30.400 0.400 75 0 75
11.600 30.800 0.400 75 0 75
11.600 31.200 0.400 75 0 75
11.600 31.600 0.400 75 0 75
11.600 32.000 0.400 75 0 75
11.600 32.400 0.400 75 0 75
11.600 32.800 0.400 75 0 75
11.600 33.200 0.400 75 0 75
11.600 33.600 0.400 75 0 75
11.600 34.000 0.400 75 0 75
11.600 34.400 0.400 75 0 75
11.600 34.800 0.400 75 0 75
11.600 35.200 0.400 75 0 75
11.600 35.200 4.400 0 175 0
11.600 35.600 0.400 75 0 75
11.600 36.000 0.400 75 0 75
11.600 36.400 0.400 75 0 75
11.600 36.800 0.400 75 0 75
11.600 37.200 0.400 75 0 75
11.600 37.600 0.400 75 0 75
11.600 38.000 0.400 75 0 75
11.600 38.000 4.400 0 175 0
11.600 38.400 0.400 75 0 75
11.600 38.800 0.400 75 0 75
11.600 39.200 0.400 75 0 75
11.600 39.600 0.400 75 0 75
11.600 40.000 0.400 75 0 75
11.600 40.400 0.400 75 0 75
11.600 40.800 0.400 75 0 75
11.600 41.200 0.400 75 0 75
11.600 44.400 0.000 175 0 75
11.600 45.600 0.000 175 0 75
11.600 46.000 0.000 175 0 75
11.600 46.400 0.000 175 0 75
11.600 48.000 0.000 175 0 75
11.600 48.400 0.000 175 0 75
11.600 49.200 0.000 75 0 75
11.600 49.600 0.000 75 0 75
11.600 50.000 0.000 75 0 75
11.600 50.400 0.000 75 0 75
12.000 4.000 1.200 75 0 75
12.000 4.400 4.000 0 175 0
12.000 5.600 5.200 0 175 0
12.000 7.200 4.400 0 175 0
12.000 7.600 4.800 0 175 0
12.000 8.400 1.200 0 175 0
12.000 8.400 2.800 0 175 0
12.000 8.800 3.600 0 175 0
12.000 9.600 1.200 0 175 0
12.000 10.400 0.800 0 175 0
12.000 10.800 0.800 0 175 0
12.000 11.200 0.800 0 175 0
12.000 12.000 2.400 0 175 0
12.000 12.000 2.800 0 175 0
12.000 12.000 3.200 0 175 0
12.000 12.400 2.000 0 175 0
12.000 12.400 2.400 0 175 0
12.000 12.400 2.800 0 175 0
12.000 12.800 0.800 0 175 0
12.000 12.800 1.600 0 175 0
12.000 12.800 2.000 0 175 0
12.000 12.800 2.400 0 175 0
12.000 12.800 2.800 0 175 0
12.000 12.800 4.000 0 175 0
12.000 13.200 1.200 0 175 0
12.000 13.200 1.600 0 175 0
12.000 13.200 2.000 0 175 0
12.000 13.200 2.400 0 175 0
12.000 13.200 2.800 0 175 0
12.000 13.200 3.200 0 175 0
12.000 13.600 0.800 0 175 0
12.000 13.600 1.200 0 175 0
12.000 13.600 1.600 0 175 0
12.000 13.600 2.000 0 175 0
12.000 13.600 2.400 0 175 0
12.000 13.600 2.800 0 175 0
12.000 14.000 0.800 0 175 0
12.000 14.000 1.200 0 175 0
12.000 14.400 0.800 150 240 80
12.000 14.800 0.800 150 240 80
12.000 15.200 0.800 150 240 80
12.000 15.600 0.800 150 240 80
12.000 16.000 0.800 150 240 80
12.000 16.400 0.800 150 240 80
12.000 16.800 0.800 150 240 80
12.000 17.200 0.800 150 240 80
12.000 17.600 0.800 150 240 80
12.000 18.000 0.800 150 240 80
12.000 18.400 0.800 150 240 80
12.000 18.800 0.800 150 240 80
12.000 20.000 0.400 75 0 75
12.000 20.400 0.400 75 0 75
12.000 20.400 0.800 100 150 245
12.000 20.800 0.400 75 0 75
12.000 21.200 0.400 255 0 255
12.000 21.200 0.800 100 150 245
12.000 21.200 1.600 100 150 245
12.000 21.600 0.400 255 0 255
12.000 21.600 1.600 100 150 245
12.000 21.600 2.000 100 150 245
12.000 22.000 0.400 255 0 255
12.000 22.000 1.600 100 150 245
12.000 22.000 2.000 100 150 245
12.000 22.400 0.400 255 0 255
12.000 22.400 1.200 100 150 245
12.000 22.400 1.600 100 150 245
12.000 22.400 2.000 100 150 245
12.000 22.800 0.400 255 0 255
12.000 22.800 0.800 100 150 245
12.000 22.800 1.200 100 150 245
12.000 22.800 1.600 100 150 245
12.000 23.200 0.400 255 0 255
12.000 23.600 0.400 255 0 255
12.000 24.000 0.400 255 0 255
12.000 24.400 0.400 255 0 255
12.000 24.800 0.400 255 0 255
12.000 25.200 0.400 255 0 255
12.000 25.600 0.400 255 0 255
12.000 26.000 0.400 255 0 255
12.000 26.400 0.400 255 0 255
12.000 26.800 0.400 255 0 255
12.000 27.200 0.400 255 0 255
12.000 27.600 0.400 75 0 75
12.000 28.000 0.400 75 0 75
12.000 28.400 0.400 75 0 75
12.000 28.800 0.400 75 0 75
12.000 29.200 0.400 75 0 75
12.000 29.600 0.400 75 0 75
12.000 30.000 0.400 75 0 75
12.000 30.400 0.400 75 0 75
12.000 30.800 0.400 75 0 75
12.000 31.200 0.400 75 0 75
12.000 31.600 0.400 75 0 75
12.000 32.000 0.400 75 0 75
12.000 32.400 0.400 75 0 75
12.000 32.800 0.400 75 0 75
12.000 33.200 0.400 75 0 75
12.000 33.600 0.400 75 0 75
12.000 34.000 0.400 75 0 75
12.000 34.400 0.400 75 0 75
12.000 34.400 4.800 0 175 0
12.000 34.800 0.400 75 0 75
12.000 35.200 0.400 75 0 75
12.000 35.200 4.800 0 175 0
12.000 35.600 0.400 75 0 75
12.000 36.000 0.400 75 0 75
12.000 36.400 0.400 75 0 75
12.000 36.800 0.400 75 0 75
12.000 37.200 0.400 75 0 75
12.000 37.600 0.400 75 0 75
12.000 37.600 4.400 0 175 0
12.000 38.000 0.400 75 0 75
12.000 38.400 0.400 75 0 75
12.000 38.800 0.400 75 0 75
12.000 39.200 0.400 75 0 75
12.000 39.600 0.400 75 0 75
12.000 40.000 0.400 75 0 75
12.000 40.400 0.400 75 0 75
12.000 40.800 0.400 75 0 75
12.000 41.200 0.400 75 0 75
12.000 44.000 0.000 175 0 75
12.000 45.200 0.000 175 0 75
12.000 45.600 0.000 175 0 75
12.000 46.000 0.000 175 0 75
12.000 47.600 0.000 175 0 75
12.000 48.000 0.000 175 0 75
12.000 48.800 0.000 75 0 75
12.000 49.200 0.000 75 0 75
12.000 49.600 0.000 75 0 75
12.000 50.000 0.000 75 0 75
12.000 50.400 0.000 75 0 75
12.400 0.400 1.200 75 0 75
12.400 3.600 1.200 75 0 75
12.400 4.400 4.400 0 175 0
12.400 4.800 4.000 0 175 0
12.400 4.800 4.400 0 175 0
12.400 5.200 4.400 0 175 0
12.400 5.200 5.200 0 175 0
12.400 6.000 5.200 0 175 0
12.400 9.200 0.400 150 240 80
12.400 9.600 1.200 0 175 0
12.400 10.800 0.800 0 175 0
12.400 10.800 2.800 0 175 0
12.400 11.600 2.400 0 175 0
12.400 11.600 2.800 0 175 0
12.400 11.600 5.200 0 175 0
12.400 12.000 0.800 0 175 0
12.400 12.000 2.800 0 175 0
12.400 12.400 2.400 0 175 0
12.400 12.800 1.600 0 175 0
12.400 12.800 2.400 0 175 0
12.400 12.800 2.800 0 175 0
12.400 13.200 1.200 0 175 0
12.400 13.200 1.600 0 175 0
12.400 13.200 2.000 0 175 0
12.400 13.200 2.400 0 175 0
12.400 13.200 2.800 0 175 0
12.400 13.200 3.200 0 175 0
12.400 13.200 3.600 0 175 0
12.400 13.600 0.800 0 175 0
12.400 13.600 1.200 0 175 0
12.400 13.600 1.600 0 175 0
12.400 13.600 2.000 0 175 0
12.400 13.600 2.800 0 175 0
12.400 13.600 3.200 0 175 0
12.400 14.000 0.800 0 175 0
12.400 14.000 1.200 0 175 0
12.400 14.000 1.600 0 175 0
12.400 14.400 0.800 0 175 0
12.400 14.800 0.800 150 240 80
12.400 15.200 0.800 150 240 80
12.400 15.600 0.800 150 240 80
12.400 16.000 0.800 150 240 80
12.400 16.400 0.800 150 240 80
12.400 16.800 0.800 150 240 80
12.400 17.200 0.800 150 240 80
12.400 17.600 0.800 150 240 80
12.400 18.000 0.800 150 240 80
12.400 18.400 0.800 150 240 80
12.400 18.800 0.800 150 240 80
12.400 20.400 0.400 75 0 75
12.400 20.800 0.400 75 0 75
12.400 20.800 0.800 100 150 245
12.400 21.200 0.400 255 0 255
12.400 21.200 0.800 100 150 245
12.400 21.200 1.200 100 150 245
12.400 21.200 1.600 100 150 245
12.400 21.600 0.400 255 0 255
12.400 21.600 1.200 100 150 245
12.400 21.600 1.600 100 150 245
12.400 21.600 2.000 100 150 245
12.400 22.000 0.400 255 0 255
12.400 22.000 1.200 100 150 245
12.400 22.000 1.600 100 150 245
12.400 22.000 2.000 100 150 245
12.400 22.400 0.400 255 0 255
12.400 22.400 1.200 100 150 245
12.400 22.400 1.600 100 150 245
12.400 22.400 2.000 100 150 245
12.400 22.800 0.400 255 0 255
12.400 22.800 0.800 100 150 245
12.400 22.800 1.200 100 150 245
12.400 22.800 1.600 100 150 245
12.400 23.200 0.400 255 0 255
12.400 23.600 0.400 255 0 255
12.400 24.000 0.400 255 0 255
12.400 24.400 0.400 255 0 255
12.400 24.800 0.400 255 0 255
12.400 25.200 0.400 255 0 255
12.400 25.600 0.400 255 0 255
12.400 26.000 0.400 255 0 255
12.400 26.400 0.400 255 0 255
12.400 26.800 0.400 255 0 255
12.400 27.200 0.400 255 0 255
12.400 27.600 0.400 75 0 75
12.400 28.000 0.400 75 0 75
12.400 28.400 0.400 75 0 75
12.400 28.800 0.400 75 0 75
12.400 29.200 0.400 75 0 75
12.400 29.600 0.400 75 0 75
12.400 29.600 5.200 0 175 0
12.400 30.000 0.400 75 0 75
12.400 30.400 0.400 75 0 75
12.400 30.800 0.400 75 0 75
12.400 30.800 5.200 0 175 0
12.400 31.200 0.400 75 0 75
12.400 31.600 0.400 75 0 75
12.400 32.000 0.400 75 0 75
12.400 32.400 0.400 75 0 75
12.400 32.800 0.400 75 0 75
12.400 33.200 0.400 75 0 75
12.400 33.600 0.400 75 0 75
12.400 34.000 0.400 75 0 75
12.400 34.400 0.400 75 0 75
12.400 34.800 0.400 75 0 75
12.400 34.800 4.800 0 175 0
12.400 35.200 0.400 75 0 75
12.400 35.600 0.400 75 0 75
12.400 36.000 0.400 75 0 75
12.400 36.400 0.400 75 0 75
12.400 36.800 0.400 75 0 75
12.400 37.200 0.400 75 0 75
12.400 37.600 0.400 75 0 75
12.400 38.000 0.400 75 0 75
12.400 38.400 0.400 75 0 75
12.400 38.800 0.400 75 0 75
12.400 39.200 0.400 75 0 75
12.400 39.600 0.400 75 0 75
12.400 40.000 0.400 75 0 75
12.400 40.400 0.400 75 0 75
12.400 40.800 0.400 75 0 75
12.400 44.000 0.000 175 0 75
12.400 44.800 0.000 175 0 75
12.400 45.200 0.000 175 0 75
12.400 45.600 0.000 175 0 75
12.400 47.600 0.000 175 0 75
12.400 48.400 0.000 75 0 75
12.400 48.800 0.000 75 0 75
12.400 49.200 0.000 75 0 75
12.400 49.600 0.000 75 0 75
12.400 50.000 0.000 75 0 75
12.400 50.400 0.000 75 0 75
12.400 50.800 0.000 75 0 75
12.800 0.400 1.200 75 0 75
12.800 2.800 1.200 75 0 75
12.800 3.200 1.200 75 0 75
12.800 4.400 4.000 0 175 0
12.800 4.400 4.800 0 175 0
12.800 4.800 4.000 0 175 0
12.800 4.800 4.400 0 175 0
12.800 4.800 4.800 0 175 0
12.800 5.200 4.000 0 175 0
12.800 9.200 1.200 0 175 0
12.800 9.200 5.600 0 175 0
12.800 11.200 1.600 0 175 0
12.800 11.200 2.400 0 175 0
12.800 11.200 2.800 0 175 0
12.800 11.600 2.800 0 175 0
12.800 11.600 3.200 0 175 0
12.800 12.000 2.800 0 175 0
12.800 12.400 2.400 0 175 0
12.800 12.400 2.800 0 175 0
12.800 12.800 2.400 0 175 0
12.800 12.800 2.800 0 175 0
12.800 13.200 2.000 0 175 0
12.800 13.200 2.400 0 175 0
12.800 13.200 2.800 0 175 0
12.800 13.200 4.000 0 175 0
12.800 13.600 1.600 0 175 0
12.800 13.600 2.000 0 175 0
12.800 13.600 2.400 0 175 0
12.800 13.600 2.800 0 175 0
12.800 13.600 3.200 0 175 0
12.800 14.000 0.800 0 175 0
12.800 14.000 1.200 0 175 0
12.800 14.000 1.600 0 175 0
12.800 14.000 2.000 0 175 0
12.800 14.400 0.800 0 175 0
12.800 14.400 1.200 0 175 0
12.800 14.400 1.600 0 175 0
12.800 14.800 0.800 150 240 80
12.800 15.200 0.800 150 240 80
12.800 15.600 0.800 150 240 80
12.800 16.000 0.800 150 240 80
12.800 16.400 0.800 150 240 80
12.800 16.800 0.800 150 240 80
12.800 17.200 0.800 150 240 80
12.800 17.600 0.800 150 240 80
12.800 18.000 0.800 150 240 80
12.800 18.400 0.800 150 240 80
12.800 20.000 0.400 75 0 75
12.800 20.400 0.400 75 0 75
12.800 20.800 0.400 75 0 75
12.800 21.200 0.400 255 0 255
12.800 21.200 1.200 100 150 245
12.800 21.200 1.600 100 150 245
12.800 21.600 0.400 255 0 255
12.800 21.600 1.600 100 150 245
12.800 21.600 2.000 100 150 245
12.800 22.000 0.400 255 0 255
12.800 22.000 2.000 100 150 245
12.800 22.400 0.400 255 0 255
12.800 22.400 1.600 100 150 245
12.800 22.400 2.000 100 150 245
12.800 22.800 0.400 255 0 255
12.800 22.800 0.800 100 150 245
12.800 22.800 1.200 100 150 245
12.800 22.800 1.600 100 150 245
12.800 23.200 0.400 255 0 255
12.800 23.600 0.400 255 0 255
12.800 24.000 0.400 255 0 255
12.800 24.400 0.400 255 0 255
12.800 24.800 0.400 255 0 255
12.800 25.200 0.400 255 0 255
12.800 25.600 0.400 255 0 255
12.800 26.000 0.400 255 0 255
12.800 26.400 0.400 255 0 255
12.800 26.800 0.400 255 0 255
12.800 27.200 0.400 255 0 255
12.800 27.600 0.400 75 0 75
12.800 28.000 0.400 75 0 75
12.800 28.400 0.400 75 0 75
12.800 28.800 0.400 75 0 75
12.800 29.200 0.400 75 0 75
12.800 29.600 0.400 75 0 75
12.800 30.000 0.400 75 0 75
12.800 30.400 0.400 75 0 75
12.800 30.800 0.400 75 0 75
12.800 30.800 4.800 0 175 0
12.800 31.200 0.400 75 0 75
12.800 31.600 0.400 75 0 75
12.800 32.000 0.400 75 0 75
12.800 32.400 0.400 75 0 75
12.800 32.800 0.400 75 0 75
12.800 33.200 0.400 75 0 75
12.800 33.600 0.400 75 0 75
12.800 34.000 0.400 75 0 75
12.800 34.400 0.400 75 0 75
12.800 34.800 0.400 75 0 75
12.800 35.200 0.400 75 0 75
12.800 35.600 0.400 75 0 75
12.800 36.000 0.400 75 0 75
12.800 36.400 0.400 75 0 75
12.800 37.200 0.400 75 0 75
12.800 38.800 0.400 75 0 75
12.800 39.200 0.400 75 0 75
12.800 39.600 0.400 75 0 75
12.800 40.000 0.400 75 0 75
12.800 40.400 0.400 75 0 75
12.800 43.600 0.000 175 0 75
12.800 44.800 0.000 175 0 75
12.800 45.200 0.000 175 0 75
12.800 45.600 0.000 175 0 75
12.800 47.200 0.000 175 0 75
12.800 47.600 0.000 175 0 75
12.800 48.000 0.000 75 0 75
12.800 48.400 0.000 75 0 75
12.800 48.800 0.000 75 0 75
12.800 49.200 0.000 75 0 75
12.800 49.600 0.000 75 0 75
12.800 50.000 0.000 75 0 75
12.800 50.800 0.000 75 0 75
13.200 0.400 1.200 75 0 75
13.200 2.400 1.200 75 0 75
13.200 2.800 1.200 75 0 75
13.200 3.200 1.200 75 0 75
13.200 4.800 4.000 0 175 0
13.200 9.600 2.400 0 175 0
13.200 10.800 0.800 0 175 0
13.200 11.200 2.400 0 175 0
13.200 11.200 2.800 0 175 0
13.200 12.400 2.800 0 175 0
13.200 12.800 2.400 0 175 0
13.200 12.800 2.800 0 175 0
13.200 13.200 2.000 0 175 0
13.200 13.200 2.400 0 175 0
13.200 13.200 2.800 0 175 0
13.200 13.600 2.000 0 175 0
13.200 13.600 2.400 0 175 0
13.200 13.600 2.800 0 175 0
13.200 14.000 0.800 0 175 0
13.200 14.000 1.200 0 175 0
13.200 14.000 1.600 0 175 0
13.200 14.000 2.000 0 175 0
13.200 14.400 0.800 0 175 0
13.200 14.400 1.200 0 175 0
13.200 14.400 1.600 0 175 0
13.200 14.800 0.800 150 240 80
13.200 15.200 0.800 150 240 80
13.200 15.600 0.800 150 240 80
13.200 16.000 0.800 150 240 80
13.200 16.400 0.800 150 240 80
13.200 16.800 0.800 150 240 80
13.200 17.200 0.800 150 240 80
13.200 17.600 0.800 150 240 80
13.200 18.000 0.800 150 240 80
13.200 18.400 0.800 150 240 80
13.200 20.400 0.400 75 0 75
13.200 21.200 0.400 255 0 255
13.200 21.200 0.800 100 150 245
13.200 21.200 1.200 100 150 245
13.200 21.200 1.600 100 150 245
13.200 21.200 2.000 100 150 245
13.200 21.600 0.400 255 0 255
13.200 21.600 1.200 100 150 245
13.200 21.600 1.600 100 150 245
13.200 21.600 2.000 100 150 245
13.200 22.000 0.400 255 0 255
13.200 22.000 1.200 100 150 245
13.200 22.000 1.600 100 150 245
13.200 22.000 2.000 100 150 245
13.200 22.400 0.400 255 0 255
13.200 22.400 1.600 100 150 245
13.200 22.400 2.000 100 150 245
13.200 22.800 0.400 255 0 255
13.200 22.800 0.800 100 150 245
13.200 22.800 1.200 100 150 245
13.200 22.800 1.600 100 150 245
13.200 23.200 0.400 255 0 255
13.200 23.600 0.400 255 0 255
13.200 24.000 0.400 255 0 255
13.200 24.400 0.400 255 0 255
13.200 24.800 0.400 255 0 255
13.200 25.200 0.400 255 0 255
13.200 25.600 0.400 255 0 255
13.200 26.000 0.400 255 0 255
13.200 26.400 0.400 255 0 255
13.200 26.800 0.400 255 0 255
13.200 27.200 0.400 255 0 255
13.200 27.600 0.400 75 0 75
13.200 28.000 0.400 75 0 75
13.200 28.400 0.400 150 240 80
13.200 28.800 0.400 150 240 80
13.200 29.200 0.400 150 240 80
13.200 29.600 0.400 150 240 80
13.200 30.000 0.400 150 240 80
13.200 30.400 0.400 150 240 80
13.200 30.800 0.400 75 0 75
13.200 31.200 0.400 75 0 75
13.200 31.600 0.400 75 0 75
13.200 32.000 0.400 75 0 75
13.200 32.400 0.400 75 0 75
13.200 32.800 0.400 75 0 75
13.200 32.800 0.800 75 0 75
13.200 33.200 0.400 75 0 75
13.200 33.600 0.400 75 0 75
13.200 34.000 0.400 75 0 75
13.200 34.400 0.400 75 0 75
13.200 34.800 0.400 75 0 75
13.200 35.200 0.400 75 0 75
13.200 35.600 0.400 75 0 75
13.200 36.000 0.400 75 0 75
13.200 39.200 0.400 75 0 75
13.200 43.200 0.000 175 0 75
13.200 44.400 0.000 175 0 75
13.200 44.800 0.000 175 0 75
13.200 45.200 0.000 175 0 75
13.200 46.800 0.000 175 0 75
13.200 47.200 0.000 175 0 75
13.200 48.000 0.000 75 0 75
13.200 49.600 0.000 75 0 75
13.200 50.400 0.000 75 0 75
13.200 50.800 0.000 75 0 75
13.600 2.000 1.200 75 0 75
13.600 2.400 1.200 75 0 75
13.600 10.000 1.200 0 175 0
13.600 11.600 1.600 0 175 0
13.600 12.000 3.200 0 175 0
13.600 12.400 2.800 0 175 0
13.600 12.800 2.000 0 175 0
13.600 12.800 2.800 0 175 0
13.600 13.200 1.200 0 175 0
13.600 13.200 2.400 0 175 0
13.600 13.200 2.800 0 175 0
13.600 13.600 0.800 0 175 0
13.600 13.600 1.200 0 175 0
13.600 13.600 1.600 0 175 0
13.600 13.600 2.000 0 175 0
13.600 13.600 2.400 0 175 0
13.600 14.000 0.800 0 175 0
13.600 14.000 1.200 0 175 0
13.600 14.000 1.600 0 175 0
13.600 14.000 2.000 0 175 0
13.600 14.000 2.400 0 175 0
13.600 14.400 0.800 150 240 80
13.600 14.400 1.200 0 175 0
13.600 14.800 0.800 150 240 80
13.600 15.200 0.800 150 240 80
13.600 15.600 0.800 150 240 80
13.600 16.000 0.800 150 240 80
13.600 16.400 0.800 150 240 80
13.600 16.800 0.800 150 240 80
13.600 17.200 0.800 150 240 80
13.600 17.600 0.800 150 240 80
13.600 18.000 0.800 150 240 80
13.600 18.400 0.800 150 240 80
13.600 21.200 0.800 100 150 245
13.600 21.200 1.200 100 150 245
13.600 21.200 2.000 100 150 245
13.600 21.600 2.000 100 150 245
13.600 22.000 0.400 255 0 255
13.600 22.000 2.000 100 150 245
13.600 22.400 0.400 255 0 255
13.600 22.400 2.000 100 150 245
13.600 22.800 0.400 255 0 255
13.600 22.800 0.800 100 150 245
13.600 22.800 1.200 100 150 245
13.600 22.800 1.600 100 150 245
13.600 23.200 0.400 255 0 255
13.600 23.600 0.400 255 0 255
13.600 24.000 0.400 255 0 255
13.600 24.400 0.400 255 0 255
13.600 24.800 0.400 255 0 255
13.600 25.200 0.400 255 0 255
13.600 25.600 0.400 255 0 255
13.600 26.000 0.400 255 0 255
13.600 26.400 0.400 255 0 255
13.600 26.800 0.400 255 0 255
13.600 27.200 0.400 255 0 255
13.600 27.600 0.400 150 240 80
13.600 28.000 0.400 150 240 80
13.600 28.400 0.400 150 240 80
13.600 28.800 0.400 150 240 80
13.600 29.200 0.400 150 240 80
13.600 29.600 0.400 150 240 80
13.600 30.000 0.400 150 240 80
13.600 30.400 0.400 150 240 80
13.600 30.800 0.400 150 240 80
13.600 31.200 0.400 150 240 80
13.600 31.200 4.800 0 175 0
13.600 31.600 0.400 150 240 80
13.600 32.000 0.400 150 240 80
13.600 32.400 0.400 150 240 80
13.600 32.800 0.400 150 240 80
13.600 33.200 0.400 75 0 75
13.600 33.600 0.400 75 0 75
13.600 34.000 0.400 75 0 75
13.600 34.400 0.400 75 0 75
13.600 35.200 5.200 0 175 0
13.600 35.600 0.400 75 0 75
13.600 36.000 0.400 75 0 75
13.600 39.600 0.400 75 0 75
13.600 40.000 0.400 75 0 75
13.600 43.200 0.000 175 0 75
13.600 44.000 0.000 175 0 75
13.600 44.400 0.000 175 0 75
13.600 44.800 0.000 175 0 75
13.600 46.400 0.000 175 0 75
13.600 46.800 0.000 175 0 75
13.600 47.600 0.000 75 0 75
13.600 48.000 0.000 75 0 75
13.600 50.000 0.000 75 0 75
13.600 50.400 0.000 75 0 75
13.600 50.800 0.000 75 0 75
14.000 1.600 1.200 75 0 75
14.000 2.000 1.200 75 0 75
14.000 8.800 5.200 0 175 0
14.000 10.800 3.200 0 175 0
14.000 11.200 2.800 0 175 0
14.000 12.000 0.800 0 175 0
14.000 12.000 2.800 0 175 0
14.000 12.000 4.000 0 175 0
14.000 12.000 4.400 0 175 0
14.000 12.400 2.400 0 175 0
14.000 12.400 4.000 0 175 0
14.000 12.400 5.200 0 175 0
14.000 12.800 2.800 0 175 0
14.000 13.200 1.200 0 175 0
14.000 13.200 2.400 0 175 0
14.000 13.200 2.800 0 175 0
14.000 13.200 3.200 0 175 0
14.000 13.600 0.800 0 175 0
14.000 13.600 1.200 0 175 0
14.000 13.600 1.600 0 175 0
14.000 13.600 2.000 0 175 0
14.000 13.600 2.400 0 175 0
14.000 13.600 2.800 0 175 0
14.000 14.000 0.800 0 175 0
14.000 14.000 1.200 0 175 0
14.000 14.000 1.600 0 175 0
14.000 14.000 2.000 0 175 0
14.000 14.000 2.400 0 175 0
14.000 14.000 2.800 0 175 0
14.000 14.400 0.800 150 240 80
14.000 14.400 1.200 0 175 0
14.000 14.400 1.600 0 175 0
14.000 14.400 2.000 0 175 0
14.000 14.400 3.200 0 175 0
14.000 14.400 3.600 0 175 0
14.000 14.800 0.800 150 240 80
14.000 14.800 1.200 0 175 0
14.000 15.200 0.800 150 240 80
14.000 15.600 0.800 150 240 80
14.000 16.000 0.800 150 240 80
14.000 16.400 0.800 150 240 80
14.000 16.800 0.800 150 240 80
14.000 17.200 0.800 150 240 80
14.000 17.600 0.800 150 240 80
14.000 18.000 0.800 150 240 80
14.000 18.400 0.800 150 240 80
14.000 21.200 0.400 255 0 255
14.000 21.200 1.200 100 150 245
14.000 21.200 1.600 100 150 245
14.000 21.600 0.400 255 0 255
14.000 21.600 2.000 100 150 245
14.000 22.000 0.400 255 0 255
14.000 22.000 2.000 100 150 245
14.000 22.400 0.400 255 0 255
14.000 22.400 1.600 100 150 245
14.000 22.400 2.000 100 150 245
14.000 22.800 0.400 255 0 255
14.000 22.800 0.800 100 150 245
14.000 22.800 1.200 100 150 245
14.000 22.800 1.600 100 150 245
14.000 23.200 0.400 255 0 255
14.000 23.600 0.400 255 0 255
14.000 24.000 0.400 255 0 255
14.000 24.400 0.400 255 0 255
14.000 24.800 0.400 255 0 255
14.000 25.200 0.400 255 0 255
14.000 25.600 0.400 255 0 255
14.000 26.000 0.400 255 0 255
14.000 26.400 0.400 255 0 255
14.000 26.800 0.400 255 0 255
14.000 27.200 0.400 255 0 255
14.000 27.600 0.400 150 240 80
14.000 28.000 0.400 150 240 80
14.000 28.400 0.400 150 240 80
14.000 28.800 0.400 150 240 80
14.000 29.200 0.400 150 240 80
14.000 29.600 0.400 150 240 80
14.000 30.000 0.400 150 240 80
14.000 32.800 0.800 150 240 80
14.000 33.600 0.400 150 240 80
14.000 34.000 0.400 75 0 75
14.000 34.400 0.400 75 0 75
14.000 34.800 0.400 75 0 75
14.000 34.800 0.800 75 0 75
14.000 42.800 0.000 175 0 75
14.000 43.600 0.000 175 0 75
14.000 44.000 0.000 175 0 75
14.000 44.400 0.000 175 0 75
14.000 44.800 0.000 175 0 75
14.000 46.000 0.000 175 0 75
14.000 46.400 0.000 175 0 75
14.000 47.200 0.000 75 0 75
14.000 47.600 0.000 75 0 75
14.000 48.000 0.000 75 0 75
14.000 50.400 0.000 75 0 75
14.000 50.800 0.000 150 240 80
14.400 0.000 1.200 75 0 75
14.400 2.000 1.200 75 0 75
14.400 8.000 2.400 0 175 0
14.400 9.200 1.200 0 175 0
14.400 9.200 2.000 0 175 0
14.400 11.200 2.800 0 175 0
14.400 11.600 2.000 0 175 0
14.400 12.000 2.000 0 175 0
14.400 12.000 2.800 0 175 0
14.400 12.000 3.200 0 175 0
14.400 12.000 3.600 0 175 0
14.400 12.400 2.800 0 175 0
14.400 12.400 3.200 0 175 0
14.400 12.400 4.000 0 175 0
14.400 12.800 2.400 0 175 0
14.400 12.800 2.800 0 175 0
14.400 12.800 3.200 0 175 0
14.400 12.800 4.000 0 175 0
14.400 13.200 0.800 0 175 0
14.400 13.200 1.600 0 175 0
14.400 13.200 2.000 0 175 0
14.400 13.200 2.400 0 175 0
14.400 13.200 2.800 0 175 0
14.400 13.200 3.600 0 175 0
14.400 13.600 0.800 0 175 0
14.400 13.600 1.200 0 175 0
14.400 13.600 1.600 0 175 0
14.400 13.600 2.000 0 175 0
14.400 13.600 2.400 0 175 0
14.400 13.600 2.800 0 175 0
14.400 13.600 3.200 0 175 0
14.400 13.600 3.600 0 175 0
14.400 14.000 0.800 150 240 80
14.400 14.000 1.200 0 175 0
14.400 14.000 1.600 0 175 0
14.400 14.000 2.000 0 175 0
14.400 14.000 2.400 0 175 0
14.400 14.000 2.800 0 175 0
14.400 14.000 3.200 0 175 0
14.400 14.400 0.800 150 240 80
14.400 14.400 1.200 0 175 0
14.400 14.400 1.600 0 175 0
14.400 14.400 2.000 0 175 0
14.400 14.400 2.400 0 175 0
14.400 14.400 2.800 0 175 0
14.400 14.400 3.200 0 175 0
14.400 14.800 0.800 150 240 80
14.400 14.800 1.200 0 175 0
14.400 14.800 1.600 0 175 0
14.400 14.800 2.000 0 175 0
14.400 14.800 2.800 0 175 0
14.400 15.200 0.800 150 240 80
14.400 15.600 0.800 150 240 80
14.400 16.000 0.800 150 240 80
14.400 16.400 0.800 150 240 80
14.400 16.800 0.800 150 240 80
14.400 17.200 0.800 150 240 80
14.400 17.600 0.800 150 240 80
14.400 18.000 0.800 150 240 80
14.400 21.200 1.600 100 150 245
14.400 21.600 0.400 255 0 255
14.400 21.600 1.600 100 150 245
14.400 22.000 0.400 255 0 255
14.400 22.000 1.600 100 150 245
14.400 22.400 0.400 255 0 255
14.400 22.400 1.600 100 150 245
14.400 22.800 0.400 255 0 255
14.400 22.800 0.800 100 150 245
14.400 22.800 1.200 100 150 245
14.400 22.800 1.600 100 150 245
14.400 23.200 0.400 255 0 255
14.400 23.600 0.400 255 0 255
14.400 24.000 0.400 255 0 255
14.400 24.400 0.400 255 0 255
14.400 24.800 0.400 255 0 255
14.400 25.200 0.400 255 0 255
14.400 25.600 0.400 255 0 255
14.400 26.000 0.400 255 0 255
14.400 26.400 0.400 255 0 255
14.400 26.800 0.400 255 0 255
14.400 27.200 0.400 150 240 80
14.400 27.600 0.400 150 240 80
14.400 28.400 0.400 150 240 80
14.400 28.800 0.400 150 240 80
14.400 29.600 0.800 150 240 80
14.400 31.600 0.800 150 240 80
14.400 32.400 0.800 150 240 80
14.400 32.800 0.800 150 240 80
14.400 42.400 0.000 175 0 75
14.400 43.600 0.000 175 0 75
14.400 44.000 0.000 175 0 75
14.400 44.400 0.000 175 0 75
14.400 45.600 0.000 175 0 75
14.400 46.000 0.000 175 0 75
14.400 47.200 0.000 75 0 75
14.800 0.400 1.200 75 0 75
14.800 0.800 1.200 75 0 75
14.800 1.200 1.200 75 0 75
14.800 1.600 1.200 75 0 75
14.800 8.400 4.800 0 175 0
14.800 10.800 1.200 0 175 0
14.800 10.800 2.400 0 175 0
14.800 11.200 2.000 0 175 0
14.800 11.200 2.400 0 175 0
14.800 11.200 2.800 0 175 0
14.800 11.600 2.000 0 175 0
14.800 11.600 2.400 0 175 0
14.800 11.600 2.800 0 175 0
14.800 11.600 3.200 0 175 0
14.800 12.000 2.000 0 175 0
14.800 12.000 2.400 0 175 0
14.800 12.000 2.800 0 175 0
14.800 12.000 3.200 0 175 0
14.800 12.000 3.600 0 175 0
14.800 12.400 2.000 0 175 0
14.800 12.400 2.400 0 175 0
14.800 12.400 2.800 0 175 0
14.800 12.400 3.200 0 175 0
14.800 12.800 1.200 0 175 0
14.800 12.800 1.600 0 175 0
14.800 12.800 2.000 0 175 0
14.800 12.800 2.400 0 175 0
14.800 12.800 2.800 0 175 0
14.800 12.800 3.200 0 175 0
14.800 13.200 1.200 0 175 0
14.800 13.200 1.600 0 175 0
14.800 13.200 2.000 0 175 0
14.800 13.200 2.400 0 175 0
14.800 13.200 2.800 0 175 0
14.800 13.200 3.200 0 175 0
14.800 13.600 1.200 0 175 0
14.800 13.600 1.600 0 175 0
14.800 13.600 2.000 0 175 0
14.800 13.600 2.400 0 175 0
14.800 13.600 2.800 0 175 0
14.800 14.000 0.800 150 240 80
14.800 14.000 1.200 0 175 0
14.800 14.000 2.000 0 175 0
14.800 14.000 2.400 0 175 0
14.800 14.000 3.600 0 175 0
14.800 14.000 4.000 0 175 0
14.800 14.400 0.800 150 240 80
14.800 14.400 1.200 0 175 0
14.800 14.400 2.800 0 175 0
14.800 14.800 0.800 150 240 80
14.800 15.200 0.800 150 240 80
14.800 15.600 0.800 150 240 80
14.800 16.000 0.800 150 240 80
14.800 16.400 0.800 150 240 80
14.800 16.800 0.800 150 240 80
14.800 17.200 0.800 150 240 80
14.800 17.600 0.800 150 240 80
14.800 18.000 0.800 150 240 80
14.800 18.400 0.800 75 0 75
14.800 18.800 0.800 75 0 75
14.800 20.800 0.400 255 0 255
14.800 21.200 0.400 255 0 255
14.800 21.200 1.200 100 150 245
14.800 21.600 0.400 255 0 255
14.800 21.600 1.600 100 150 245
14.800 22.000 0.400 255 0 255
14.800 22.000 1.600 100 150 245
14.800 22.400 0.400 255 0 255
14.800 22.400 1.200 100 150 245
14.800 22.400 1.600 100 150 245
14.800 22.800 0.400 255 0 255
14.800 22.800 0.800 100 150 245
14.800 22.800 1.200 100 150 245
14.800 23.200 0.400 255 0 255
14.800 23.600 0.400 255 0 255
14.800 24.000 0.400 255 0 255
14.800 24.400 0.400 255 0 255
14.800 24.800 0.400 255 0 255
14.800 25.200 0.400 255 0 255
14.800 25.600 0.400 255 0 255
14.800 26.000 0.400 255 0 255
14.800 26.400 0.400 255 0 255
14.800 26.800 0.400 255 0 255
14.800 27.200 0.400 150 240 80
14.800 28.000 0.400 150 240 80
14.800 28.400 0.400 150 240 80
14.800 28.800 0.400 150 240 80
14.800 29.200 0.800 150 240 80
14.800 29.600 0.800 150 240 80
14.800 30.000 0.800 150 240 80
14.800 30.400 0.800 150 240 80
14.800 34.000 0.800 150 240 80
14.800 34.800 0.800 150 240 80
14.800 35.200 0.800 75 0 75
14.800 43.600 0.000 175 0 75
14.800 44.000 0.000 175 0 75
14.800 45.600 0.000 175 0 75
14.800 46.000 0.000 175 0 75
14.800 46.800 0.000 75 0 75
14.800 47.200 0.000 75 0 75
14.800 50.800 0.400 150 240 80
15.200 0.800 1.200 75 0 75
15.200 7.600 2.400 0 175 0
15.200 9.600 1.200 0 175 0
15.200 10.000 1.200 0 175 0
15.200 10.400 2.800 0 175 0
15.200 10.800 2.400 0 175 0
15.200 10.800 2.800 0 175 0
15.200 10.800 3.200 0 175 0
15.200 11.200 1.200 0 175 0
15.200 11.200 2.000 0 175 0
15.200 11.200 2.400 0 175 0
15.200 11.200 2.800 0 175 0
15.200 11.200 3.200 0 175 0
15.200 11.600 2.000 0 175 0
15.200 11.600 2.400 0 175 0
15.200 11.600 2.800 0 175 0
15.200 11.600 3.200 0 175 0
15.200 12.000 2.000 0 175 0
15.200 12.000 2.400 0 175 0
15.200 12.000 2.800 0 175 0
15.200 12.000 3.200 0 175 0
15.200 12.000 4.000 0 175 0
15.200 12.400 1.200 0 175 0
15.200 12.400 1.600 0 175 0
15.200 12.400 2.000 0 175 0
15.200 12.400 2.400 0 175 0
15.200 12.400 2.800 0 175 0
15.200 12.400 3.200 0 175 0
15.200 12.400 3.600 0 175 0
15.200 12.400 4.000 0 175 0
15.200 12.800 1.200 0 175 0
15.200 12.800 1.600 0 175 0
15.200 12.800 2.000 0 175 0
15.200 12.800 2.400 0 175 0
15.200 12.800 2.800 0 175 0
15.200 12.800 3.200 0 175 0
15.200 12.800 3.600 0 175 0
15.200 13.200 1.200 0 175 0
15.200 13.200 1.600 0 175 0
15.200 13.200 2.000 0 175 0
15.200 13.200 2.400 0 175 0
15.200 13.200 2.800 0 175 0
15.200 13.200 3.200 0 175 0
15.200 13.600 0.800 150 240 80
15.200 14.000 0.800 150 240 80
15.200 14.400 0.800 150 240 80
15.200 14.800 0.800 150 240 80
15.200 15.200 0.800 150 240 80
15.200 15.600 0.800 150 240 80
15.200 16.000 0.800 150 240 80
15.200 16.400 0.800 150 240 80
15.200 16.800 0.800 150 240 80
15.200 17.200 0.800 150 240 80
15.200 17.600 0.800 150 240 80
15.200 18.000 0.800 150 240 80
15.200 18.400 0.800 75 0 75
15.200 18.800 0.800 75 0 75
15.200 20.800 0.400 255 0 255
15.200 21.200 0.400 255 0 255
15.200 21.200 0.800 100 150 245
15.200 21.200 1.200 100 150 245
15.200 21.600 0.400 255 0 255
15.200 21.600 1.200 100 150 245
15.200 22.000 0.400 255 0 255
15.200 22.000 0.800 100 150 245
15.200 22.000 1.200 100 150 245
15.200 22.400 0.400 255 0 255
15.200 22.400 0.800 100 150 245
15.200 22.400 1.200 100 150 245
15.200 22.800 0.400 255 0 255
15.200 22.800 0.800 100 150 245
15.200 22.800 1.200 100 150 245
15.200 23.200 0.400 255 0 255
15.200 23.600 0.400 255 0 255
15.200 24.000 0.400 255 0 255
15.200 24.400 0.400 255 0 255
15.200 24.800 0.400 255 0 255
15.200 25.200 0.400 255 0 255
15.200 25.600 0.400 255 0 255
15.200 26.000 0.400 255 0 255
15.200 26.400 0.400 255 0 255
15.200 26.800 0.400 255 0 255
15.200 27.200 0.400 150 240 80
15.200 27.600 0.400 150 240 80
15.200 27.600 0.800 150 240 80
15.200 28.000 0.800 150 240 80
15.200 28.400 0.800 150 240 80
15.200 28.800 0.800 150 240 80
15.200 29.200 0.800 150 240 80
15.200 29.600 0.800 150 240 80
15.200 30.000 0.800 150 240 80
15.200 30.800 0.800 150 240 80
15.200 32.400 0.800 150 240 80
15.200 32.800 0.800 150 240 80
15.200 33.200 0.800 150 240 80
15.200 35.200 2.400 255 240 150
15.200 35.200 4.400 255 240 150
15.200 42.000 0.000 175 0 75
15.200 43.200 0.000 175 0 75
15.200 43.600 0.000 175 0 75
15.200 45.200 0.000 175 0 75
15.200 45.600 0.000 175 0 75
15.200 46.400 0.000 75 0 75
15.200 46.800 0.000 75 0 75
15.200 46.800 0.400 75 0 75
15.200 50.400 0.400 150 240 80
15.200 50.800 0.400 150 240 80
15.600 0.000 1.200 75 0 75
15.600 0.000 2.800 100 150 245
15.600 0.400 1.200 75 0 75
15.600 0.400 2.400 100 150 245
15.600 1.200 2.400 100 150 245
15.600 1.600 2.400 100 150 245
15.600 1.600 2.800 100 150 245
15.600 2.000 1.600 100 150 245
15.600 2.000 2.800 100 150 245
15.600 2.400 1.600 100 150 245
15.600 2.400 2.000 100 150 245
15.600 2.400 2.400 100 150 245
15.600 3.600 1.200 75 0 75
15.600 10.000 1.200 0 175 0
15.600 10.000 2.000 0 175 0
15.600 10.000 3.200 0 175 0
15.600 10.400 3.200 0 175 0
15.600 10.800 2.400 0 175 0
15.600 10.800 2.800 0 175 0
15.600 10.800 3.200 0 175 0
15.600 11.200 2.000 0 175 0
15.600 11.200 2.400 0 175 0
15.600 11.200 2.800 0 175 0
15.600 11.200 3.200 0 175 0
15.600 11.600 1.200 0 175 0
15.600 11.600 2.000 0 175 0
15.600 11.600 2.400 0 175 0
15.600 11.600 3.200 0 175 0
15.600 12.000 1.600 0 175 0
15.600 12.000 2.000 0 175 0
15.600 12.000 2.400 0 175 0
15.600 12.000 3.200 0 175 0
15.600 12.400 1.200 0 175 0
15.600 12.400 1.600 0 175 0
15.600 12.400 2.000 0 175 0
15.600 12.400 2.400 0 175 0
15.600 12.400 2.800 0 175 0
15.600 12.400 3.200 0 175 0
15.600 12.800 1.200 0 175 0
15.600 12.800 1.600 0 175 0
15.600 12.800 2.000 0 175 0
15.600 12.800 2.400 0 175 0
15.600 12.800 2.800 0 175 0
15.600 12.800 3.600 0 175 0
15.600 13.200 1.200 0 175 0
15.600 13.200 1.600 0 175 0
15.600 13.200 2.000 0 175 0
15.600 13.200 2.400 0 175 0
15.600 13.200 2.800 0 175 0
15.600 13.600 2.000 0 175 0
15.600 14.000 0.800 150 240 80
15.600 14.400 0.800 150 240 80
15.600 14.800 0.800 150 240 80
15.600 15.200 0.800 150 240 80
15.600 15.600 0.800 150 240 80
15.600 16.000 0.800 150 240 80
15.600 16.400 0.800 150 240 80
15.600 16.800 0.800 150 240 80
15.600 17.200 0.800 150 240 80
15.600 17.600 0.800 150 240 80
15.600 18.000 0.800 150 240 80
15.600 18.400 0.800 75 0 75
15.600 18.800 0.800 75 0 75
15.600 20.800 0.400 255 0 255
15.600 21.200 0.400 255 0 255
15.600 21.600 0.400 255 0 255
15.600 21.600 0.800 100 150 245
15.600 21.600 1.200 100 150 245
15.600 22.000 0.400 255 0 255
15.600 22.000 0.800 100 150 245
15.600 22.000 1.200 100 150 245
15.600 22.400 0.400 255 0 255
15.600 22.400 0.800 100 150 245
15.600 22.400 1.200 100 150 245
15.600 22.800 0.400 255 0 255
15.600 23.200 0.400 255 0 255
15.600 23.600 0.400 255 0 255
15.600 24.000 0.400 255 0 255
15.600 24.400 0.400 255 0 255
15.600 24.800 0.400 255 0 255
15.600 25.200 0.400 255 0 255
15.600 25.600 0.400 255 0 255
15.600 26.000 0.400 255 0 255
15.600 26.400 0.400 255 0 255
15.600 26.800 0.400 255 0 255
15.600 27.200 0.400 150 240 80
15.600 27.200 0.800 150 240 80
15.600 27.600 0.800 150 240 80
15.600 28.000 0.800 150 240 80
15.600 28.400 0.800 150 240 80
15.600 28.800 0.800 150 240 80
15.600 29.200 0.800 150 240 80
15.600 29.600 0.800 150 240 80
15.600 30.000 0.800 150 240 80
15.600 30.400 0.800 150 240 80
15.600 30.800 0.800 150 240 80
15.600 31.200 0.800 150 240 80
15.600 32.000 0.800 150 240 80
15.600 32.400 0.800 150 240 80
15.600 32.800 0.800 150 240 80
15.600 41.600 0.000 175 0 75
15.600 42.800 0.000 175 0 75
15.600 43.200 0.000 175 0 75
15.600 43.600 0.000 175 0 75
15.600 45.200 0.000 175 0 75
15.600 45.600 0.000 175 0 75
15.600 46.000 0.000 75 0 75
15.600 46.400 0.000 75 0 75
15.600 46.400 0.400 75 0 75
15.600 46.800 0.400 75 0 75
15.600 47.200 0.400 75 0 75
15.600 50.400 0.400 150 240 80
15.600 50.800 0.400 150 240 80
16.000 0.000 1.200 75 0 75
16.000 0.000 1.600 100 150 245
16.000 0.000 2.000 100 150 245
16.000 0.000 2.400 100 150 245
16.000 0.400 2.800 100 150 245
16.000 0.800 2.800 100 150 245
16.000 1.200 1.200 75 0 75
16.000 1.600 2.400 100 150 245
16.000 1.600 2.800 100 150 245
16.000 2.000 1.600 100 150 245
16.000 2.000 2.800 100 150 245
16.000 2.400 1.600 100 150 245
16.000 2.400 2.000 100 150 245
16.000 2.400 2.400 100 150 245
16.000 4.400 5.200 0 175 0
16.000 4.800 5.200 0 175 0
16.000 10.400 1.200 0 175 0
16.000 10.400 3.200 0 175 0
16.000 10.800 1.200 0 175 0
16.000 10.800 2.000 0 175 0
16.000 10.800 2.800 0 175 0
16.000 11.200 1.200 0 175 0
16.000 11.200 1.600 0 175 0
16.000 11.200 2.000 0 175 0
16.000 11.200 2.400 0 175 0
16.000 11.200 2.800 0 175 0
16.000 11.600 1.200 0 175 0
16.000 11.600 1.600 0 175 0
16.000 11.600 2.000 0 175 0
16.000 11.600 2.400 0 175 0
16.000 11.600 2.800 0 175 0
16.000 11.600 3.200 0 175 0
16.000 12.000 1.200 0 175 0
16.000 12.000 1.600 0 175 0
16.000 12.000 2.000 0 175 0
16.000 12.000 2.400 0 175 0
16.000 12.000 3.200 0 175 0
16.000 12.400 0.800 0 175 0
16.000 12.400 1.200 0 175 0
16.000 12.400 1.600 0 175 0
16.000 12.400 2.000 0 175 0
16.000 12.400 2.400 0 175 0
16.000 12.800 1.200 0 175 0
16.000 12.800 1.600 0 175 0
16.000 12.800 2.000 0 175 0
16.000 12.800 2.400 0 175 0
16.000 13.200 1.600 0 175 0
16.000 13.200 2.000 0 175 0
16.000 13.200 2.400 0 175 0
16.000 13.200 2.800 0 175 0
16.000 13.600 1.600 0 175 0
16.000 14.000 0.800 150 240 80
16.000 14.400 0.800 150 240 80
16.000 14.800 0.800 150 240 80
16.000 15.200 0.800 150 240 80
16.000 15.600 0.800 150 240 80
16.000 16.000 0.800 150 240 80
16.000 16.400 0.800 150 240 80
16.000 16.800 0.800 150 240 80
16.000 17.200 0.800 150 240 80
16.000 17.600 0.800 150 240 80
16.000 18.000 0.800 150 240 80
16.000 18.400 0.800 75 0 75
16.000 18.800 0.800 75 0 75
16.000 19.200 0.800 75 0 75
16.000 20.800 0.400 255 0 255
16.000 21.200 0.400 255 0 255
16.000 21.600 0.400 255 0 255
16.000 22.000 0.400 255 0 255
16.000 22.400 0.400 255 0 255
16.000 22.800 0.400 255 0 255
16.000 23.200 0.400 255 0 255
16.000 23.600 0.400 255 0 255
16.000 24.000 0.400 255 0 255
16.000 24.400 0.400 255 0 255
16.000 24.800 0.400 255 0 255
16.000 25.200 0.400 255 0 255
16.000 25.600 0.400 255 0 255
16.000 26.000 0.400 255 0 255
16.000 26.400 0.400 255 0 255
16.000 26.800 0.400 255 0 255
16.000 27.200 0.400 150 240 80
16.000 27.600 0.800 150 240 80
16.000 28.000 0.800 150 240 80
16.000 28.400 0.800 150 240 80
16.000 28.800 0.800 150 240 80
16.000 29.200 0.800 150 240 80
16.000 29.600 0.800 150 240 80
16.000 30.000 0.800 150 240 80
16.000 30.400 0.800 150 240 80
16.000 30.800 0.800 150 240 80
16.000 31.200 0.800 150 240 80
16.000 31.600 0.800 150 240 80
16.000 32.000 0.800 150 240 80
16.000 32.400 0.800 150 240 80
16.000 33.200 0.800 150 240 80
16.000 34.400 0.800 150 240 80
16.000 34.800 0.800 150 240 80
16.000 42.400 0.000 175 0 75
16.000 42.800 0.000 175 0 75
16.000 43.200 0.000 175 0 75
16.000 44.800 0.000 175 0 75
16.000 45.200 0.000 175 0 75
16.000 46.000 0.000 75 0 75
16.000 46.000 0.400 75 0 75
16.000 46.400 0.400 75 0 75
16.000 46.800 0.400 75 0 75
16.000 47.200 0.400 75 0 75
16.000 47.600 0.400 75 0 75
16.000 49.600 0.400 150 240 80
16.000 50.000 0.400 150 240 80
16.000 50.400 0.400 150 240 80
16.400 0.400 2.000 100 150 245
16.400 0.400 2.400 100 150 245
16.400 0.800 1.600 100 150 245
16.400 0.800 2.000 100 150 245
16.400 0.800 2.400 100 150 245
16.400 0.800 2.800 100 150 245
16.400 1.200 1.200 75 0 75
16.400 1.200 2.000 100 150 245
16.400 1.200 2.400 100 150 245
16.400 1.200 2.800 100 150 245
16.400 1.600 1.600 100 150 245
16.400 1.600 2.800 100 150 245
16.400 2.000 1.600 100 150 245
16.400 2.000 2.000 100 150 245
16.400 2.000 2.400 100 150 245
16.400 2.000 2.800 100 150 245
16.400 9.200 2.000 0 175 0
16.400 10.400 1.200 0 175 0
16.400 10.400 3.200 0 175 0
16.400 10.800 1.200 0 175 0
16.400 10.800 2.400 0 175 0
16.400 10.800 2.800 0 175 0
16.400 10.800 3.200 0 175 0
16.400 11.200 1.200 0 175 0
16.400 11.200 2.000 0 175 0
16.400 11.200 2.400 0 175 0
16.400 11.200 2.800 0 175 0
16.400 11.200 3.200 0 175 0
16.400 11.600 1.200 0 175 0
16.400 11.600 1.600 0 175 0
16.400 11.600 2.000 0 175 0
16.400 11.600 2.400 0 175 0
16.400 11.600 2.800 0 175 0
16.400 11.600 5.200 0 175 0
16.400 12.000 1.200 0 175 0
16.400 12.000 1.600 0 175 0
16.400 12.000 2.000 0 175 0
16.400 12.000 2.400 0 175 0
16.400 12.000 2.800 0 175 0
16.400 12.400 1.200 0 175 0
16.400 12.400 1.600 0 175 0
16.400 12.400 2.000 0 175 0
16.400 12.400 2.400 0 175 0
16.400 12.800 1.200 0 175 0
16.400 12.800 1.600 0 175 0
16.400 12.800 2.000 0 175 0
16.400 13.200 1.200 0 175 0
16.400 13.200 1.600 0 175 0
16.400 13.200 2.000 0 175 0
16.400 13.600 1.600 0 175 0
16.400 14.000 1.600 0 175 0
16.400 14.400 0.800 150 240 80
16.400 14.800 0.800 150 240 80
16.400 15.200 0.800 150 240 80
16.400 15.600 0.800 150 240 80
16.400 16.000 0.800 150 240 80
16.400 16.400 0.800 150 240 80
16.400 16.800 0.800 150 240 80
16.400 17.200 0.800 150 240 80
16.400 17.600 0.800 150 240 80
16.400 18.000 0.800 150 240 80
16.400 18.400 0.800 75 0 75
16.400 18.800 0.800 75 0 75
16.400 19.200 0.800 75 0 75
16.400 20.800 0.400 255 0 255
16.400 21.200 0.400 255 0 255
16.400 21.600 0.400 255 0 255
16.400 22.000 0.400 255 0 255
16.400 22.400 0.400 255 0 255
16.400 22.800 0.400 255 0 255
16.400 23.200 0.400 255 0 255
16.400 23.600 0.400 255 0 255
16.400 24.000 0.400 255 0 255
16.400 24.400 0.400 255 0 255
16.400 24.800 0.400 255 0 255
16.400 25.200 0.400 255 0 255
16.400 25.600 0.400 255 0 255
16.400 26.000 0.400 255 0 255
16.400 26.400 0.400 255 0 255
16.400 26.800 0.400 255 0 255
16.400 27.200 0.800 150 240 80
16.400 27.600 0.800 150 240 80
16.400 28.000 0.800 150 240 80
16.400 28.400 0.800 150 240 80
16.400 28.800 0.800 150 240 80
16.400 29.200 0.800 150 240 80
16.400 29.600 0.800 150 240 80
16.400 30.000 0.800 150 240 80
16.400 30.400 0.800 150 240 80
16.400 30.800 0.800 150 240 80
16.400 31.200 0.800 150 240 80
16.400 31.600 0.800 150 240 80
16.400 32.000 0.800 150 240 80
16.400 32.400 0.800 150 240 80
16.400 32.800 0.800 150 240 80
16.400 33.200 0.800 150 240 80
16.400 34.400 0.800 150 240 80
16.400 34.400 1.600 255 240 150
16.400 34.400 2.400 255 240 150
16.400 34.800 1.200 255 240 150
16.400 34.800 1.600 255 240 150
16.400 34.800 2.000 255 240 150
16.400 34.800 2.400 255 240 150
16.400 34.800 2.800 255 240 150
16.400 34.800 3.200 255 240 150
16.400 34.800 3.600 255 240 150
16.400 34.800 4.000 255 240 150
16.400 34.800 4.400 255 240 150
16.400 34.800 4.800 255 240 150
16.400 42.000 0.000 175 0 75
16.400 42.400 0.000 175 0 75
16.400 42.800 0.000 175 0 75
16.400 44.400 0.000 175 0 75
16.400 44.800 0.000 175 0 75
16.400 45.200 0.000 75 0 75
16.400 45.600 0.000 75 0 75
16.400 46.000 0.000 75 0 75
16.400 46.000 0.400 75 0 75
16.400 46.400 0.400 75 0 75
16.400 47.600 0.400 75 0 75
16.400 48.400 0.400 75 0 75
16.400 49.200 0.400 150 240 80
16.400 49.600 0.400 150 240 80
16.800 0.400 1.200 75 0 75
16.800 1.200 1.600 100 150 245
16.800 1.200 2.000 100 150 245
16.800 1.200 2.400 100 150 245
16.800 1.600 1.600 100 150 245
16.800 1.600 2.000 100 150 245
16.800 1.600 2.400 100 150 245
16.800 1.600 2.800 100 150 245
16.800 2.000 1.200 75 0 75
16.800 2.000 1.600 100 150 245
16.800 2.000 2.000 100 150 245
16.800 2.000 2.400 100 150 245
16.800 8.400 3.200 0 175 0
16.800 10.400 1.200 0 175 0
16.800 10.800 1.200 0 175 0
16.800 10.800 2.400 0 175 0
16.800 10.800 2.800 0 175 0
16.800 10.800 3.200 0 175 0
16.800 11.200 1.200 0 175 0
16.800 11.200 2.000 0 175 0
16.800 11.200 2.400 0 175 0
16.800 11.200 2.800 0 175 0
16.800 11.200 3.200 0 175 0
16.800 11.600 1.200 0 175 0
16.800 11.600 1.600 0 175 0
16.800 11.600 2.000 0 175 0
16.800 11.600 2.400 0 175 0
16.800 11.600 2.800 0 175 0
16.800 12.000 1.200 0 175 0
16.800 12.000 1.600 0 175 0
16.800 12.000 2.000 0 175 0
16.800 12.000 2.400 0 175 0
16.800 12.400 1.200 0 175 0
16.800 12.400 1.600 0 175 0
16.800 12.400 2.000 0 175 0
16.800 12.800 1.200 0 175 0
16.800 12.800 1.600 0 175 0
16.800 12.800 2.000 0 175 0
16.800 13.200 1.600 0 175 0
16.800 13.200 2.000 0 175 0
16.800 13.600 1.600 0 175 0
16.800 13.600 2.000 0 175 0
16.800 14.000 1.600 0 175 0
16.800 14.800 0.800 150 240 80
16.800 15.200 0.800 150 240 80
16.800 15.600 0.800 150 240 80
16.800 16.000 0.800 150 240 80
16.800 16.400 0.800 150 240 80
16.800 16.800 0.800 150 240 80
16.800 17.200 0.800 150 240 80
16.800 17.200 5.200 0 175 0
16.800 17.600 0.800 150 240 80
16.800 18.000 0.800 150 240 80
16.800 18.400 0.800 75 0 75
16.800 18.800 0.800 75 0 75
16.800 19.200 0.800 75 0 75
16.800 19.600 0.800 75 0 75
16.800 20.400 0.400 255 0 255
16.800 20.800 0.400 255 0 255
16.800 21.200 0.400 255 0 255
16.800 21.600 0.400 255 0 255
16.800 22.000 0.400 255 0 255
16.800 22.400 0.400 255 0 255
16.800 22.800 0.400 255 0 255
16.800 23.200 0.400 255 0 255
16.800 23.600 0.400 255 0 255
16.800 24.000 0.400 255 0 255
16.800 24.400 0.400 255 0 255
16.800 24.800 0.400 255 0 255
16.800 25.200 0.400 255 0 255
16.800 25.600 0.400 255 0 255
16.800 26.000 0.400 255 0 255
16.800 26.400 0.400 255 0 255
16.800 26.800 0.400 255 0 255
16.800 27.200 0.800 150 240 80
16.800 27.600 0.800 150 240 80
16.800 28.000 0.800 150 240 80
16.800 28.400 0.800 150 240 80
16.800 28.800 0.800 150 240 80
16.800 29.200 0.800 150 240 80
16.800 29.600 0.800 150 240 80
16.800 30.000 0.800 150 240 80
16.800 30.400 0.800 150 240 80
16.800 30.800 0.800 150 240 80
16.800 31.200 0.800 150 240 80
16.800 31.600 0.800 150 240 80
16.800 32.000 0.800 150 240 80
16.800 32.400 0.800 150 240 80
16.800 32.800 0.800 150 240 80
16.800 33.200 0.800 150 240 80
16.800 34.000 0.800 150 240 80
16.800 34.400 0.800 150 240 80
16.800 34.800 0.800 150 240 80
16.800 37.600 0.800 75 0 75
16.800 42.000 0.000 175 0 75
16.800 42.400 0.000 175 0 75
16.800 42.800 0.000 175 0 75
16.800 44.000 0.000 175 0 75
16.800 44.400 0.000 175 0 75
16.800 45.200 0.000 75 0 75
16.800 45.600 0.000 75 0 75
16.800 45.600 0.400 75 0 75
16.800 46.000 0.400 75 0 75
16.800 46.400 0.400 75 0 75
16.800 47.600 0.400 75 0 75
16.800 48.000 0.400 75 0 75
16.800 48.800 0.400 150 240 80
16.800 49.200 0.400 150 240 80
16.800 49.600 0.400 150 240 80
16.800 50.000 0.400 150 240 80
17.200 1.600 1.200 75 0 75
17.200 8.400 4.800 0 175 0
17.200 8.800 2.800 0 175 0
17.200 9.600 2.400 0 175 0
17.200 9.600 3.200 0 175 0
17.200 10.000 2.400 0 175 0
17.200 10.000 3.200 0 175 0
17.200 10.400 1.200 150 240 80
17.200 10.400 2.800 0 175 0
17.200 10.400 3.200 0 175 0
17.200 10.400 4.800 0 175 0
17.200 10.800 1.200 0 175 0
17.200 10.800 2.400 0 175 0
17.200 10.800 2.800 0 175 0
17.200 10.800 3.200 0 175 0
17.200 11.200 1.200 0 175 0
17.200 11.200 2.000 0 175 0
17.200 11.200 2.400 0 175 0
17.200 11.200 2.800 0 175 0
17.200 11.200 3.200 0 175 0
17.200 11.600 1.200 0 175 0
17.200 11.600 1.600 0 175 0
17.200 11.600 2.000 0 175 0
17.200 11.600 2.400 0 175 0
17.200 11.600 2.800 0 175 0
17.200 11.600 3.200 0 175 0
17.200 12.000 1.200 0 175 0
17.200 12.000 1.600 0 175 0
17.200 12.400 1.200 0 175 0
17.200 12.400 1.600 0 175 0
17.200 12.400 2.000 0 175 0
17.200 12.800 1.200 0 175 0
17.200 12.800 1.600 0 175 0
17.200 12.800 2.000 0 175 0
17.200 13.200 1.600 0 175 0
17.200 13.200 2.000 0 175 0
17.200 13.600 1.600 0 175 0
17.200 13.600 2.000 0 175 0
17.200 14.000 2.000 0 175 0
17.200 14.800 0.800 150 240 80
17.200 15.200 0.800 150 240 80
17.200 15.600 0.800 150 240 80
17.200 16.000 0.800 150 240 80
17.200 16.400 0.800 150 240 80
17.200 16.800 0.800 150 240 80
17.200 17.200 0.800 150 240 80
17.200 17.200 5.600 0 175 0
17.200 17.600 0.800 150 240 80
17.200 18.000 0.800 150 240 80
17.200 18.400 0.800 150 240 80
17.200 18.800 0.800 75 0 75
17.200 19.200 0.800 75 0 75
17.200 20.400 0.400 255 0 255
17.200 20.800 0.400 255 0 255
17.200 21.200 0.400 255 0 255
17.200 21.600 0.400 255 0 255
17.200 22.000 0.400 255 0 255
17.200 22.400 0.400 255 0 255
17.200 22.800 0.400 255 0 255
17.200 23.200 0.400 255 0 255
17.200 23.600 0.400 255 0 255
17.200 24.000 0.400 255 0 255
17.200 24.400 0.400 255 0 255
17.200 24.800 0.400 255 0 255
17.200 25.200 0.400 255 0 255
17.200 25.600 0.400 255 0 255
17.200 26.000 0.400 255 0 255
17.200 26.400 0.400 255 0 255
17.200 26.800 0.400 255 0 255
17.200 26.800 0.800 255 0 255
17.200 27.200 0.800 150 240 80
17.200 27.600 0.800 150 240 80
17.200 28.000 0.800 150 240 80
17.200 28.400 0.800 150 240 80
17.200 28.800 0.800 150 240 80
17.200 29.200 0.800 150 240 80
17.200 29.600 0.800 150 240 80
17.200 29.600 1.200 150 240 80
17.200 30.000 0.800 150 240 80
17.200 30.400 0.800 150 240 80
17.200 30.800 0.800 150 240 80
17.200 31.200 0.800 150 240 80
17.200 31.600 0.800 150 240 80
17.200 32.000 0.800 150 240 80
17.200 32.400 0.800 150 240 80
17.200 32.800 0.800 150 240 80
17.200 33.200 0.800 150 240 80
17.200 33.600 0.800 150 240 80
17.200 34.000 0.800 150 240 80
17.200 34.400 0.800 150 240 80
17.200 34.800 0.800 75 0 75
17.200 35.200 0.800 75 0 75
17.200 36.000 0.800 75 0 75
17.200 42.000 0.000 175 0 75
17.200 42.400 0.000 175 0 75
17.200 44.000 0.000 175 0 75
17.200 45.200 0.000 75 0 75
17.200 45.200 0.400 75 0 75
17.200 45.600 0.000 75 0 75
17.200 45.600 0.400 75 0 75
17.200 46.000 0.400 75 0 75
17.200 46.400 0.400 75 0 75
17.200 46.800 0.400 75 0 75
17.200 47.200 0.400 75 0 75
17.200 47.600 0.400 75 0 75
17.200 48.000 0.400 75 0 75
17.200 48.400 0.400 75 0 75
17.200 48.800 0.400 150 240 80
17.200 49.600 0.400 150 240 80
17.200 50.000 0.400 150 240 80
17.600 7.200 4.400 0 175 0
17.600 7.600 2.800 0 175 0
17.600 7.600 3.200 0 175 0
17.600 7.600 3.600 0 175 0
17.600 7.600 4.400 0 175 0
17.600 8.000 2.000 0 175 0
17.600 8.000 2.400 0 175 0
17.600 8.000 2.800 0 175 0
17.600 8.000 4.800 0 175 0
17.600 8.400 2.000 0 175 0
17.600 8.800 2.800 0 175 0
17.600 8.800 3.200 0 175 0
17.600 9.200 2.800 0 175 0
17.600 9.200 4.800 0 175 0
17.600 9.200 5.200 0 175 0
17.600 9.600 2.800 0 175 0
17.600 9.600 3.200 0 175 0
17.600 10.000 0.800 150 240 80
17.600 10.000 1.200 150 240 80
17.600 10.000 2.800 0 175 0
17.600 10.400 0.800 150 240 80
17.600 10.400 1.200 150 240 80
17.600 10.400 2.800 0 175 0
17.600 10.400 4.400 0 175 0
17.600 10.800 1.200 150 240 80
17.600 10.800 2.400 0 175 0
17.600 10.800 2.800 0 175 0
17.600 10.800 3.200 0 175 0
17.600 11.200 1.200 150 240 80
17.600 11.200 1.600 0 175 0
17.600 11.200 2.000 0 175 0
17.600 11.200 2.400 0 175 0
17.600 11.200 2.800 0 175 0
17.600 11.200 3.200 0 175 0
17.600 11.600 1.200 0 175 0
17.600 11.600 1.600 0 175 0
17.600 11.600 2.000 0 175 0
17.600 11.600 2.800 0 175 0
17.600 11.600 3.200 0 175 0
17.600 11.600 3.600 0 175 0
17.600 12.000 1.200 150 240 80
17.600 12.000 1.600 0 175 0
17.600 12.400 1.200 0 175 0
17.600 13.600 2.000 0 175 0
17.600 14.000 2.000 0 175 0
17.600 14.800 0.800 150 240 80
17.600 15.200 0.800 150 240 80
17.600 15.600 0.800 150 240 80
17.600 16.000 0.800 150 240 80
17.600 17.200 5.200 0 175 0
17.600 17.600 0.800 150 240 80
17.600 18.000 0.800 150 240 80
17.600 18.400 0.800 150 240 80
17.600 18.800 0.800 75 0 75
17.600 19.200 0.800 75 0 75
17.600 20.000 0.400 75 0 75
17.600 20.400 0.400 255 0 255
17.600 20.800 0.400 255 0 255
17.600 21.200 0.400 255 0 255
17.600 21.600 0.400 255 0 255
17.600 22.000 0.400 255 0 255
17.600 22.400 0.400 255 0 255
17.600 22.800 0.400 255 0 255
17.600 23.200 0.400 255 0 255
17.600 23.600 0.400 255 0 255
17.600 24.000 0.400 255 0 255
17.600 24.400 0.400 255 0 255
17.600 24.800 0.400 255 0 255
17.600 25.200 0.400 255 0 255
17.600 25.600 0.400 255 0 255
17.600 26.000 0.400 255 0 255
17.600 26.400 0.400 255 0 255
17.600 26.800 0.400 255 0 255
17.600 26.800 0.800 150 240 80
17.600 27.200 0.800 150 240 80
17.600 27.600 0.800 150 240 80
17.600 28.000 0.800 150 240 80
17.600 28.400 0.800 150 240 80
17.600 28.800 0.800 150 240 80
17.600 29.200 0.800 150 240 80
17.600 29.600 0.800 150 240 80
17.600 30.000 0.800 150 240 80
17.600 30.400 0.800 150 240 80
17.600 30.800 0.800 150 240 80
17.600 31.200 0.800 150 240 80
17.600 31.600 0.800 150 240 80
17.600 32.000 0.800 150 240 80
17.600 32.400 0.800 150 240 80
17.600 32.800 0.800 150 240 80
17.600 33.200 0.800 150 240 80
17.600 33.600 0.800 150 240 80
17.600 34.000 0.800 150 240 80
17.600 34.400 0.800 150 240 80
17.600 35.600 0.800 75 0 75
17.600 36.000 0.800 75 0 75
17.600 36.400 0.800 75 0 75
17.600 41.600 0.000 175 0 75
17.600 42.000 0.000 175 0 75
17.600 43.600 0.000 175 0 75
17.600 44.000 0.000 175 0 75
17.600 44.800 0.000 75 0 75
17.600 45.200 0.400 75 0 75
17.600 45.600 0.400 75 0 75
17.600 46.000 0.400 75 0 75
17.600 46.400 0.400 75 0 75
17.600 46.800 0.400 75 0 75
17.600 47.200 0.400 75 0 75
17.600 47.600 0.400 75 0 75
17.600 48.400 0.400 150 240 80
17.600 48.800 0.400 150 240 80
17.600 49.200 0.400 150 240 80
17.600 49.600 0.400 150 240 80
18.000 6.800 2.000 0 175 0
18.000 6.800 2.400 0 175 0
18.000 7.200 2.000 0 175 0
18.000 7.600 2.400 0 175 0
18.000 7.600 3.200 0 175 0
18.000 7.600 3.600 0 175 0
18.000 7.600 4.000 0 175 0
18.000 7.600 4.400 0 175 0
18.000 7.600 4.800 0 175 0
18.000 7.600 5.200 0 175 0
18.000 8.000 2.000 0 175 0
18.000 8.000 2.400 0 175 0
18.000 8.000 2.800 0 175 0
18.000 8.000 3.200 0 175 0
18.000 8.000 3.600 0 175 0
18.000 8.400 2.000 0 175 0
18.000 8.400 2.400 0 175 0
18.000 8.400 4.400 0 175 0
18.000 8.400 4.800 0 175 0
18.000 8.800 2.400 0 175 0
18.000 8.800 4.400 0 175 0
18.000 8.800 4.800 0 175 0
18.000 9.200 4.400 0 175 0
18.000 9.200 4.800 0 175 0
18.000 9.600 1.200 150 240 80
18.000 9.600 2.800 0 175 0
18.000 9.600 4.400 0 175 0
18.000 9.600 4.800 0 175 0
18.000 10.000 1.200 150 240 80
18.000 10.000 4.800 0 175 0
18.000 10.000 5.200 0 175 0
18.000 10.400 2.800 0 175 0
18.000 10.400 4.000 0 175 0
18.000 10.400 4.800 0 175 0
18.000 10.800 2.400 0 175 0
18.000 10.800 2.800 0 175 0
18.000 11.200 1.200 150 240 80
18.000 11.200 1.600 0 175 0
18.000 11.200 2.000 0 175 0
18.000 11.200 2.400 0 175 0
18.000 11.200 2.800 0 175 0
18.000 11.200 3.200 0 175 0
18.000 11.200 3.600 0 175 0
18.000 11.600 1.200 150 240 80
18.000 11.600 1.600 0 175 0
18.000 11.600 2.000 0 175 0
18.000 11.600 2.400 0 175 0
18.000 11.600 2.800 0 175 0
18.000 11.600 3.200 0 175 0
18.000 11.600 3.600 0 175 0
18.000 12.000 1.200 150 240 80
18.000 12.000 2.800 0 175 0
18.000 12.000 3.200 0 175 0
18.000 12.400 1.200 150 240 80
18.000 12.400 3.200 0 175 0
18.000 15.600 0.800 150 240 80
18.000 16.000 0.800 150 240 80
18.000 16.400 0.800 150 240 80
18.000 16.800 0.800 150 240 80
18.000 16.800 4.800 0 175 0
18.000 16.800 5.200 0 175 0
18.000 17.200 0.800 150 240 80
18.000 17.200 4.400 0 175 0
18.000 17.200 5.200 0 175 0
18.000 17.200 5.600 0 175 0
18.000 17.600 0.800 150 240 80
18.000 17.600 5.200 0 175 0
18.000 18.000 0.800 150 240 80
18.000 18.400 0.800 150 240 80
18.000 18.800 0.800 150 240 80
18.000 19.200 0.800 75 0 75
18.000 20.400 0.400 255 0 255
18.000 20.800 0.400 255 0 255
18.000 20.800 0.800 100 150 245
18.000 20.800 1.200 100 150 245
18.000 20.800 1.600 100 150 245
18.000 21.200 0.400 255 0 255
18.000 21.200 0.800 100 150 245
18.000 21.200 1.200 100 150 245
18.000 21.200 1.600 100 150 245
18.000 21.600 0.400 255 0 255
18.000 21.600 0.800 100 150 245
18.000 21.600 1.200 100 150 245
18.000 22.000 0.400 255 0 255
18.000 22.000 1.200 100 150 245
18.000 22.400 0.400 255 0 255
18.000 22.800 0.400 255 0 255
18.000 23.200 0.400 255 0 255
18.000 23.600 0.400 255 0 255
18.000 24.000 0.400 255 0 255
18.000 24.400 0.400 255 0 255
18.000 24.800 0.400 255 0 255
18.000 25.200 0.400 255 0 255
18.000 25.600 0.400 255 0 255
18.000 26.000 0.400 255 0 255
18.000 26.400 0.400 255 0 255
18.000 26.400 0.800 255 0 255
18.000 26.800 0.400 255 0 255
18.000 26.800 0.800 150 240 80
18.000 27.200 0.800 150 240 80
18.000 27.600 0.800 150 240 80
18.000 28.000 0.800 150 240 80
18.000 28.400 0.800 150 240 80
18.000 28.800 0.800 150 240 80
18.000 29.200 0.800 150 240 80
18.000 29.600 0.800 150 240 80
18.000 30.000 0.800 150 240 80
18.000 30.400 0.800 150 240 80
18.000 30.800 0.800 150 240 80
18.000 31.200 0.800 150 240 80
18.000 31.600 0.800 150 240 80
18.000 32.000 0.800 150 240 80
18.000 32.400 0.800 150 240 80
18.000 32.800 0.800 150 240 80
18.000 33.200 0.800 150 240 80
18.000 33.600 0.800 150 240 80
18.000 34.000 0.800 150 240 80
18.000 34.400 0.800 75 0 75
18.000 34.800 0.800 75 0 75
18.000 35.200 0.800 75 0 75
18.000 35.600 0.800 75 0 75
18.000 36.000 0.800 75 0 75
18.000 36.400 0.800 75 0 75
18.000 40.800 0.000 175 0 75
18.000 41.600 0.000 175 0 75
18.000 43.200 0.000 175 0 75
18.000 43.600 0.000 175 0 75
18.000 44.400 0.000 75 0 75
18.000 44.800 0.000 75 0 75
18.000 44.800 0.400 75 0 75
18.000 45.600 0.400 75 0 75
18.000 46.000 0.400 75 0 75
18.000 47.200 0.400 75 0 75
18.000 47.600 0.400 75 0 75
18.000 48.000 0.400 150 240 80
18.000 48.400 0.400 150 240 80
18.000 48.800 0.400 150 240 80
18.000 49.200 0.400 150 240 80
18.400 6.800 2.000 0 175 0
18.400 7.200 2.000 0 175 0
18.400 7.600 2.000 0 175 0
18.400 7.600 4.000 0 175 0
18.400 7.600 4.800 0 175 0
18.400 8.000 1.600 0 175 0
18.400 8.000 2.000 0 175 0
18.400 8.000 2.400 0 175 0
18.400 8.000 2.800 0 175 0
18.400 8.000 3.200 0 175 0
18.400 8.000 3.600 0 175 0
18.400 8.000 4.000 0 175 0
18.400 8.000 4.400 0 175 0
18.400 8.400 2.000 0 175 0
18.400 8.400 2.400 0 175 0
18.400 8.400 2.800 0 175 0
18.400 8.400 3.200 0 175 0
18.400 8.400 3.600 0 175 0
18.400 8.400 4.400 0 175 0
18.400 8.800 1.600 0 175 0
18.400 8.800 2.400 0 175 0
18.400 8.800 2.800 0 175 0
18.400 8.800 3.200 0 175 0
18.400 8.800 4.400 0 175 0
18.400 8.800 4.800 0 175 0
18.400 9.200 4.400 0 175 0
18.400 9.200 4.800 0 175 0
18.400 9.600 1.600 0 175 0
18.400 9.600 4.400 0 175 0
18.400 10.000 1.200 150 240 80
18.400 10.000 1.600 0 175 0
18.400 10.000 2.400 0 175 0
18.400 10.000 2.800 0 175 0
18.400 10.400 1.200 150 240 80
18.400 10.400 2.400 0 175 0
18.400 10.400 2.800 0 175 0
18.400 10.400 4.800 0 175 0
18.400 10.800 1.200 150 240 80
18.400 10.800 1.600 0 175 0
18.400 10.800 2.800 0 175 0
18.400 10.800 3.200 0 175 0
18.400 10.800 4.000 0 175 0
18.400 11.200 1.200 150 240 80
18.400 11.200 1.600 0 175 0
18.400 11.200 2.000 0 175 0
18.400 11.200 2.400 0 175 0
18.400 11.200 2.800 0 175 0
18.400 11.200 3.200 0 175 0
18.400 11.200 3.600 0 175 0
18.400 11.200 4.000 0 175 0
18.400 11.200 4.400 0 175 0
18.400 11.600 1.200 150 240 80
18.400 11.600 2.000 0 175 0
18.400 11.600 2.400 0 175 0
18.400 11.600 2.800 0 175 0
18.400 11.600 3.200 0 175 0
18.400 11.600 3.600 0 175 0
18.400 12.000 1.200 150 240 80
18.400 12.400 1.200 150 240 80
18.400 15.600 0.800 150 240 80
18.400 16.400 4.400 0 175 0
18.400 16.800 4.400 0 175 0
18.400 16.800 4.800 0 175 0
18.400 17.200 0.800 150 240 80
18.400 17.600 2.400 135 60 0
18.400 17.600 2.800 135 60 0
18.400 17.600 5.200 0 175 0
18.400 18.000 0.800 150 240 80
18.400 18.000 1.200 0 175 0
18.400 18.400 0.800 150 240 80
18.400 18.400 4.400 0 175 0
18.400 18.800 0.800 150 240 80
18.400 19.200 0.800 75 0 75
18.400 20.400 0.400 255 0 255
18.400 20.400 1.600 100 150 245
18.400 20.800 0.400 255 0 255
18.400 20.800 0.800 100 150 245
18.400 20.800 1.600 100 150 245
18.400 20.800 2.000 100 150 245
18.400 21.200 0.400 255 0 255
18.400 21.200 0.800 100 150 245
18.400 21.200 1.200 100 150 245
18.400 21.200 1.600 100 150 245
18.400 21.200 2.000 100 150 245
18.400 21.600 0.400 255 0 255
18.400 21.600 0.800 100 150 245
18.400 21.600 1.200 100 150 245
18.400 21.600 1.600 100 150 245
18.400 22.000 0.400 255 0 255
18.400 22.000 0.800 100 150 245
18.400 22.000 1.200 100 150 245
18.400 22.000 1.600 100 150 245
18.400 22.400 0.400 255 0 255
18.400 22.800 0.400 255 0 255
18.400 23.200 0.400 255 0 255
18.400 23.600 0.400 255 0 255
18.400 24.000 0.400 255 0 255
18.400 24.400 0.400 255 0 255
18.400 24.800 0.400 255 0 255
18.400 25.200 0.400 255 0 255
18.400 25.600 0.400 255 0 255
18.400 26.000 0.400 255 0 255
18.400 26.400 0.400 255 0 255
18.400 26.400 0.800 255 0 255
18.400 26.800 0.400 150 240 80
18.400 26.800 0.800 150 240 80
18.400 27.200 0.800 150 240 80
18.400 27.600 0.800 150 240 80
18.400 28.000 0.800 150 240 80
18.400 28.400 0.800 150 240 80
18.400 28.800 0.800 150 240 80
18.400 29.200 0.800 150 240 80
18.400 29.600 0.800 150 240 80
18.400 30.000 0.800 150 240 80
18.400 30.400 0.800 150 240 80
18.400 30.800 0.800 150 240 80
18.400 31.200 0.800 150 240 80
18.400 31.600 0.800 150 240 80
18.400 32.000 0.800 150 240 80
18.400 32.400 0.800 150 240 80
18.400 32.800 0.800 150 240 80
18.400 33.200 0.800 150 240 80
18.400 33.600 0.800 150 240 80
18.400 34.000 0.800 150 240 80
18.400 34.400 0.800 75 0 75
18.400 34.800 0.800 75 0 75
18.400 35.200 0.800 75 0 75
18.400 35.600 0.800 75 0 75
18.400 36.000 0.800 75 0 75
18.400 36.400 0.800 75 0 75
18.400 36.800 0.800 75 0 75
18.400 41.200 0.000 175 0 75
18.400 41.600 0.000 175 0 75
18.400 43.200 0.000 175 0 75
18.400 44.000 0.000 75 0 75
18.400 44.400 0.000 75 0 75
18.400 44.400 0.400 75 0 75
18.400 46.000 0.400 75 0 75
18.400 46.400 0.400 75 0 75
18.400 46.800 0.400 75 0 75
18.400 47.200 0.400 75 0 75
18.400 47.600 0.400 75 0 75
18.400 48.000 0.400 150 240 80
18.400 48.000 0.800 255 240 150
18.400 48.000 1.200 255 240 150
18.400 48.000 1.600 255 240 150
18.400 48.000 2.000 255 240 150
18.400 48.000 2.400 255 0 0
18.400 48.000 2.800 255 0 0
18.400 48.400 0.400 150 240 80
18.400 48.400 2.400 255 0 0
18.400 48.400 2.800 255 0 0
18.400 48.800 0.400 150 240 80
18.400 49.200 0.400 150 240 80
18.800 6.800 2.000 0 175 0
18.800 7.200 1.600 0 175 0
18.800 7.200 2.000 0 175 0
18.800 7.600 1.600 0 175 0
18.800 7.600 2.000 0 175 0
18.800 7.600 2.400 0 175 0
18.800 7.600 4.400 0 175 0
18.800 8.000 1.600 0 175 0
18.800 8.000 2.000 0 175 0
18.800 8.000 4.000 0 175 0
18.800 8.400 1.600 0 175 0
18.800 8.400 2.000 0 175 0
18.800 8.400 2.400 0 175 0
18.800 8.400 2.800 0 175 0
18.800 8.400 3.200 0 175 0
18.800 8.400 3.600 0 175 0
18.800 8.400 4.000 0 175 0
18.800 8.400 4.400 0 175 0
18.800 8.400 4.800 0 175 0
18.800 8.800 1.600 0 175 0
18.800 8.800 2.000 0 175 0
18.800 8.800 2.400 0 175 0
18.800 8.800 2.800 0 175 0
18.800 8.800 3.200 0 175 0
18.800 8.800 4.000 0 175 0
18.800 8.800 4.400 0 175 0
18.800 9.200 1.600 0 175 0
18.800 9.200 2.400 0 175 0
18.800 9.200 2.800 0 175 0
18.800 9.200 3.200 0 175 0
18.800 9.200 4.000 0 175 0
18.800 9.200 4.400 0 175 0
18.800 9.200 4.800 0 175 0
18.800 9.600 1.200 150 240 80
18.800 9.600 1.600 0 175 0
18.800 9.600 2.400 0 175 0
18.800 9.600 4.000 0 175 0
18.800 9.600 4.400 0 175 0
18.800 10.000 1.200 150 240 80
18.800 10.000 1.600 0 175 0
18.800 10.000 2.000 0 175 0
18.800 10.000 2.400 0 175 0
18.800 10.000 2.800 0 175 0
18.800 10.000 4.000 0 175 0
18.800 10.000 4.400 0 175 0
18.800 10.000 4.800 0 175 0
18.800 10.400 1.200 150 240 80
18.800 10.400 1.600 0 175 0
18.800 10.400 2.000 0 175 0
18.800 10.400 2.400 0 175 0
18.800 10.400 4.000 0 175 0
18.800 10.400 4.400 0 175 0
18.800 10.400 4.800 0 175 0
18.800 10.800 1.200 150 240 80
18.800 10.800 1.600 0 175 0
18.800 10.800 2.000 0 175 0
18.800 10.800 2.400 0 175 0
18.800 10.800 3.200 0 175 0
18.800 10.800 3.600 0 175 0
18.800 10.800 4.000 0 175 0
18.800 10.800 4.400 0 175 0
18.800 11.200 1.200 150 240 80
18.800 11.200 1.600 0 175 0
18.800 11.200 2.000 0 175 0
18.800 11.200 2.400 0 175 0
18.800 11.200 2.800 0 175 0
18.800 11.200 3.200 0 175 0
18.800 11.200 3.600 0 175 0
18.800 11.200 4.000 0 175 0
18.800 11.600 1.200 150 240 80
18.800 11.600 2.400 0 175 0
18.800 11.600 2.800 0 175 0
18.800 11.600 3.200 0 175 0
18.800 11.600 3.600 0 175 0
18.800 12.000 1.200 150 240 80
18.800 12.000 4.400 0 175 0
18.800 12.400 1.200 150 240 80
18.800 12.400 4.400 0 175 0
18.800 12.800 1.200 150 240 80
18.800 13.200 1.200 150 240 80
18.800 14.800 4.800 0 175 0
18.800 16.400 3.600 0 175 0
18.800 16.800 3.600 0 175 0
18.800 16.800 4.400 0 175 0
18.800 16.800 5.200 0 175 0
18.800 17.200 2.000 0 175 0
18.800 17.200 5.200 0 175 0
18.800 17.200 5.600 0 175 0
18.800 17.600 1.600 135 60 0
18.800 17.600 2.000 135 60 0
18.800 17.600 2.400 135 60 0
18.800 17.600 2.800 135 60 0
18.800 18.000 0.800 150 240 80
18.800 18.000 1.200 0 175 0
18.800 18.000 1.600 0 175 0
18.800 18.000 2.400 0 175 0
18.800 18.000 2.800 0 175 0
18.800 18.000 4.400 0 175 0
18.800 18.000 4.800 0 175 0
18.800 18.400 0.800 150 240 80
18.800 18.400 4.800 0 175 0
18.800 18.800 0.800 75 0 75
18.800 18.800 4.800 0 175 0
18.800 19.200 0.800 75 0 75
18.800 20.400 0.400 255 0 255
18.800 20.400 1.200 100 150 245
18.800 20.400 1.600 100 150 245
18.800 20.400 2.000 100 150 245
18.800 20.800 0.400 255 0 255
18.800 20.800 1.200 100 150 245
18.800 20.800 1.600 100 150 245
18.800 20.800 2.000 100 150 245
18.800 21.200 0.400 255 0 255
18.800 21.200 1.600 100 150 245
18.800 21.200 2.000 100 150 245
18.800 21.600 0.400 255 0 255
18.800 21.600 1.600 100 150 245
18.800 21.600 2.000 100 150 245
18.800 22.000 0.400 255 0 255
18.800 22.000 0.800 100 150 245
18.800 22.000 1.200 100 150 245
18.800 22.000 1.600 100 150 245
18.800 22.400 0.400 255 0 255
18.800 22.800 0.400 255 0 255
18.800 23.200 0.400 255 0 255
18.800 23.600 0.400 255 0 255
18.800 24.000 0.400 255 0 255
18.800 24.400 0.400 255 0 255
18.800 24.800 0.400 255 0 255
18.800 25.200 0.400 255 0 255
18.800 25.600 0.400 255 0 255
18.800 26.000 0.400 255 0 255
18.800 26.400 0.400 255 0 255
18.800 26.400 0.800 150 240 80
18.800 26.800 0.400 150 240 80
18.800 26.800 0.800 150 240 80
18.800 27.200 0.800 150 240 80
18.800 27.600 0.800 150 240 80
18.800 27.600 1.200 150 240 80
18.800 28.000 0.800 150 240 80
18.800 28.400 0.800 150 240 80
18.800 28.800 0.800 150 240 80
18.800 28.800 1.200 150 240 80
18.800 29.200 0.800 150 240 80
18.800 29.600 0.800 150 240 80
18.800 30.000 0.800 150 240 80
18.800 30.400 0.800 150 240 80
18.800 30.800 0.800 150 240 80
18.800 31.200 0.800 150 240 80
18.800 31.600 0.800 150 240 80
18.800 32.000 0.800 150 240 80
18.800 32.400 0.800 150 240 80
18.800 32.800 0.800 150 240 80
18.800 33.200 0.800 150 240 80
18.800 33.600 0.800 150 240 80
18.800 34.000 0.800 75 0 75
18.800 34.400 0.800 75 0 75
18.800 34.800 0.800 75 0 75
18.800 35.200 0.800 75 0 75
18.800 35.600 0.800 75 0 75
18.800 36.000 0.800 75 0 75
18.800 36.400 0.800 75 0 75
18.800 41.200 0.000 175 0 75
18.800 42.800 0.000 175 0 75
18.800 43.200 0.000 175 0 75
18.800 44.000 0.000 75 0 75
18.800 44.000 0.400 75 0 75
18.800 46.000 0.400 75 0 75
18.800 46.400 0.400 75 0 75
18.800 46.800 0.400 75 0 75
18.800 47.200 0.400 75 0 75
18.800 47.600 0.400 150 240 80
18.800 48.000 0.400 150 240 80
18.800 48.400 0.400 150 240 80
18.800 48.800 0.400 150 240 80
19.200 6.800 1.600 150 240 80
19.200 7.200 1.600 0 175 0
19.200 7.200 2.000 0 175 0
19.200 7.200 2.400 0 175 0
19.200 7.600 1.600 0 175 0
19.200 7.600 2.000 0 175 0
19.200 7.600 2.400 0 175 0
19.200 8.000 2.000 0 175 0
19.200 8.400 1.600 0 175 0
19.200 8.400 4.000 0 175 0
19.200 8.800 1.200 150 240 80
19.200 8.800 1.600 0 175 0
19.200 8.800 2.000 0 175 0
19.200 8.800 2.400 0 175 0
19.200 8.800 3.200 0 175 0
19.200 8.800 3.600 0 175 0
19.200 8.800 4.000 0 175 0
19.200 9.200 1.200 150 240 80
19.200 9.200 1.600 0 175 0
19.200 9.200 2.000 0 175 0
19.200 9.200 2.400 0 175 0
19.200 9.200 2.800 0 175 0
19.200 9.200 3.200 0 175 0
19.200 9.200 3.600 0 175 0
19.200 9.200 4.000 0 175 0
19.200 9.600 1.200 150 240 80
19.200 9.600 1.600 0 175 0
19.200 9.600 2.000 0 175 0
19.200 9.600 2.400 0 175 0
19.200 9.600 2.800 0 175 0
19.200 9.600 3.200 0 175 0
19.200 9.600 3.600 0 175 0
19.200 9.600 4.000 0 175 0
19.200 10.000 1.200 150 240 80
19.200 10.000 1.600 0 175 0
19.200 10.000 2.000 0 175 0
19.200 10.000 2.400 0 175 0
19.200 10.000 2.800 0 175 0
19.200 10.000 3.200 0 175 0
19.200 10.000 4.000 0 175 0
19.200 10.400 0.800 150 240 80
19.200 10.400 1.200 150 240 80
19.200 10.400 1.600 0 175 0
19.200 10.400 2.000 0 175 0
19.200 10.400 2.400 0 175 0
19.200 10.400 2.800 0 175 0
19.200 10.400 3.200 0 175 0
19.200 10.400 4.000 0 175 0
19.200 10.800 1.200 150 240 80
19.200 10.800 2.000 0 175 0
19.200 10.800 2.400 0 175 0
19.200 10.800 2.800 0 175 0
19.200 10.800 3.200 0 175 0
19.200 10.800 3.600 0 175 0
19.200 10.800 5.200 0 175 0
19.200 11.200 0.800 150 240 80
19.200 11.200 1.200 150 240 80
19.200 11.200 2.000 0 175 0
19.200 11.200 2.400 0 175 0
19.200 11.200 2.800 0 175 0
19.200 11.200 3.200 0 175 0
19.200 11.200 3.600 0 175 0
19.200 11.200 4.000 0 175 0
19.200 11.600 1.200 150 240 80
19.200 11.600 4.000 0 175 0
19.200 12.000 1.200 150 240 80
19.200 12.000 4.400 0 175 0
19.200 12.800 1.200 150 240 80
19.200 12.800 4.400 0 175 0
19.200 14.400 4.800 0 175 0
19.200 15.600 4.000 0 175 0
19.200 16.000 4.000 0 175 0
19.200 16.000 4.400 0 175 0
19.200 16.400 4.000 0 175 0
19.200 16.800 0.800 150 240 80
19.200 16.800 3.600 0 175 0
19.200 16.800 4.000 0 175 0
19.200 16.800 4.400 0 175 0
19.200 16.800 4.800 0 175 0
19.200 17.200 1.600 135 60 0
19.200 17.200 2.000 0 175 0
19.200 17.200 2.400 135 60 0
19.200 17.200 2.800 135 60 0
19.200 17.200 3.600 0 175 0
19.200 17.200 4.000 0 175 0
19.200 17.200 4.800 0 175 0
19.200 17.200 5.200 0 175 0
19.200 17.600 1.200 135 60 0
19.200 17.600 1.600 135 60 0
19.200 17.600 2.000 135 60 0
19.200 17.600 2.400 135 60 0
19.200 17.600 2.800 135 60 0
19.200 18.000 0.800 150 240 80
19.200 18.000 1.200 135 60 0
19.200 18.000 1.600 135 60 0
19.200 18.000 2.400 135 60 0
19.200 18.000 4.800 0 175 0
19.200 18.000 5.200 0 175 0
19.200 18.400 0.800 150 240 80
19.200 18.400 5.200 0 175 0
19.200 18.800 0.800 75 0 75
19.200 18.800 5.200 0 175 0
19.200 19.200 0.800 75 0 75
19.200 20.400 0.400 255 0 255
19.200 20.400 1.200 100 150 245
19.200 20.400 1.600 100 150 245
19.200 20.400 2.000 100 150 245
19.200 20.800 0.400 255 0 255
19.200 20.800 1.200 100 150 245
19.200 20.800 1.600 100 150 245
19.200 20.800 2.000 100 150 245
19.200 21.200 0.400 255 0 255
19.200 21.200 1.600 100 150 245
19.200 21.200 2.000 100 150 245
19.200 21.600 0.400 255 0 255
19.200 21.600 1.200 100 150 245
19.200 21.600 1.600 100 150 245
19.200 21.600 2.000 100 150 245
19.200 22.000 0.400 255 0 255
19.200 22.000 0.800 100 150 245
19.200 22.000 1.200 100 150 245
19.200 22.000 1.600 100 150 245
19.200 22.400 0.400 255 0 255
19.200 22.800 0.400 255 0 255
19.200 23.200 0.400 255 0 255
19.200 23.600 0.400 255 0 255
19.200 24.000 0.400 255 0 255
19.200 24.400 0.400 255 0 255
19.200 24.800 0.400 255 0 255
19.200 25.200 0.400 255 0 255
19.200 25.600 0.400 255 0 255
19.200 26.000 0.400 255 0 255
19.200 26.400 0.400 255 0 255
19.200 26.400 0.800 150 240 80
19.200 26.800 0.400 150 240 80
19.200 26.800 0.800 150 240 80
19.200 27.200 0.800 150 240 80
19.200 27.600 0.800 150 240 80
19.200 28.000 0.800 150 240 80
19.200 28.400 0.800 150 240 80
19.200 28.800 0.800 150 240 80
19.200 29.200 0.800 150 240 80
19.200 29.600 0.800 150 240 80
19.200 30.000 0.800 150 240 80
19.200 30.400 0.800 150 240 80
19.200 30.400 1.200 150 240 80
19.200 30.800 0.800 150 240 80
19.200 31.200 0.800 150 240 80
19.200 31.600 0.800 150 240 80
19.200 32.000 0.800 150 240 80
19.200 32.400 0.800 150 240 80
19.200 32.800 0.800 150 240 80
19.200 33.200 0.800 150 240 80
19.200 33.600 0.800 75 0 75
19.200 34.000 0.800 75 0 75
19.200 34.400 0.800 75 0 75
19.200 34.800 0.800 75 0 75
19.200 35.200 0.800 75 0 75
19.200 35.600 0.800 75 0 75
19.200 36.000 0.800 75 0 75
19.200 39.200 0.400 175 0 75
19.200 42.400 0.000 175 0 75
19.200 42.800 0.000 175 0 75
19.200 44.000 0.400 75 0 75
19.200 45.600 0.400 75 0 75
19.200 46.000 0.400 75 0 75
19.200 46.400 0.400 75 0 75
19.200 46.800 0.400 75 0 75
19.200 47.200 0.400 150 240 80
19.200 47.600 0.400 150 240 80
19.200 48.000 0.400 150 240 80
19.200 48.400 0.400 150 240 80
19.600 6.800 1.600 150 240 80
19.600 6.800 2.000 0 175 0
19.600 7.200 1.600 150 240 80
19.600 7.200 2.000 0 175 0
19.600 7.200 2.400 0 175 0
19.600 7.600 1.600 150 240 80
19.600 7.600 2.400 0 175 0
19.600 8.400 2.800 0 175 0
19.600 8.400 4.000 0 175 0
19.600 8.800 1.200 150 240 80
19.600 8.800 1.600 0 175 0
19.600 8.800 2.000 0 175 0
19.600 8.800 2.400 0 175 0
19.600 8.800 2.800 0 175 0
19.600 8.800 4.000 0 175 0
19.600 9.200 1.600 0 175 0
19.600 9.200 2.000 0 175 0
19.600 9.200 2.400 0 175 0
19.600 9.200 3.600 0 175 0
19.600 9.600 1.200 150 240 80
19.600 9.600 2.000 0 175 0
19.600 9.600 2.400 0 175 0
19.600 9.600 2.800 0 175 0
19.600 9.600 3.600 0 175 0
19.600 9.600 4.400 0 175 0
19.600 10.000 1.200 150 240 80
19.600 10.000 2.000 0 175 0
19.600 10.000 2.800 0 175 0
19.600 10.000 3.200 0 175 0
19.600 10.000 3.600 0 175 0
19.600 10.000 4.000 0 175 0
19.600 10.000 4.400 0 175 0
19.600 10.400 0.800 150 240 80
19.600 10.400 1.200 150 240 80
19.600 10.400 2.800 0 175 0
19.600 10.400 3.200 0 175 0
19.600 10.400 3.600 0 175 0
19.600 10.400 4.000 0 175 0
19.600 10.400 5.200 0 175 0
19.600 10.800 1.200 150 240 80
19.600 10.800 2.400 0 175 0
19.600 10.800 2.800 0 175 0
19.600 10.800 3.200 0 175 0
19.600 10.800 3.600 0 175 0
19.600 10.800 4.800 0 175 0
19.600 10.800 5.200 0 175 0
19.600 11.200 1.200 150 240 80
19.600 11.600 1.200 150 240 80
19.600 11.600 4.400 0 175 0
19.600 11.600 4.800 0 175 0
19.600 12.000 1.200 150 240 80
19.600 12.400 1.200 150 240 80
19.600 12.400 4.800 0 175 0
19.600 12.800 1.200 150 240 80
19.600 14.000 4.400 0 175 0
19.600 14.000 4.800 0 175 0
19.600 14.400 4.000 0 175 0
19.600 14.800 1.200 150 240 80
19.600 14.800 4.000 0 175 0
19.600 15.200 4.000 0 175 0
19.600 16.800 0.800 150 240 80
19.600 16.800 3.200 0 175 0
19.600 16.800 3.600 0 175 0
19.600 17.200 1.600 135 60 0
19.600 17.200 2.000 135 60 0
19.600 17.200 2.400 135 60 0
19.600 17.200 2.800 135 60 0
19.600 17.200 3.200 135 60 0
19.600 17.200 3.600 0 175 0
19.600 17.200 4.000 0 175 0
19.600 17.200 4.400 0 175 0
19.600 17.200 4.800 0 175 0
19.600 17.600 1.200 135 60 0
19.600 17.600 1.600 135 60 0
19.600 17.600 2.000 135 60 0
19.600 17.600 2.400 135 60 0
19.600 17.600 2.800 135 60 0
19.600 17.600 3.200 135 60 0
19.600 17.600 4.000 0 175 0
19.600 17.600 4.400 0 175 0
19.600 17.600 4.800 0 175 0
19.600 17.600 5.200 0 175 0
19.600 18.000 0.800 150 240 80
19.600 18.000 1.200 135 60 0
19.600 18.000 1.600 135 60 0
19.600 18.000 2.000 135 60 0
19.600 18.000 2.400 135 60 0
19.600 18.000 2.800 135 60 0
19.600 18.000 3.200 0 175 0
19.600 18.000 3.600 0 175 0
19.600 18.000 4.000 0 175 0
19.600 18.000 5.200 0 175 0
19.600 18.400 0.800 150 240 80
19.600 18.800 0.800 75 0 75
19.600 19.200 0.800 75 0 75
19.600 20.000 1.600 100 150 245
19.600 20.000 2.000 100 150 245
19.600 20.400 0.400 255 0 255
19.600 20.400 1.200 100 150 245
19.600 20.400 1.600 100 150 245
19.600 20.400 2.000 100 150 245
19.600 20.800 0.400 255 0 255
19.600 20.800 1.600 100 150 245
19.600 20.800 2.000 100 150 245
19.600 21.200 0.400 255 0 255
19.600 21.200 1.600 100 150 245
19.600 21.200 2.000 100 150 245
19.600 21.600 0.400 255 0 255
19.600 21.600 0.800 100 150 245
19.600 21.600 1.200 100 150 245
19.600 21.600 1.600 100 150 245
19.600 22.000 0.400 255 0 255
19.600 22.400 0.400 255 0 255
19.600 22.800 0.400 255 0 255
19.600 23.200 0.400 255 0 255
19.600 23.600 0.400 255 0 255
19.600 24.000 0.400 255 0 255
19.600 24.400 0.400 255 0 255
19.600 24.800 0.400 255 0 255
19.600 25.200 0.400 255 0 255
19.600 25.600 0.400 255 0 255
19.600 26.000 0.400 255 0 255
19.600 26.000 0.800 255 0 255
19.600 26.400 0.800 150 240 80
19.600 26.800 0.800 150 240 80
19.600 27.200 0.800 150 240 80
19.600 27.200 1.200 150 240 80
19.600 27.600 0.800 150 240 80
19.600 28.000 0.800 150 240 80
19.600 28.400 0.800 150 240 80
19.600 28.800 0.800 150 240 80
19.600 29.200 0.800 150 240 80
19.600 29.600 0.800 150 240 80
19.600 30.000 0.800 150 240 80
19.600 30.400 0.800 150 240 80
19.600 30.800 0.800 150 240 80
19.600 31.200 0.800 150 240 80
19.600 31.600 0.800 150 240 80
19.600 32.000 0.800 150 240 80
19.600 32.400 0.800 150 240 80
19.600 32.800 0.800 150 240 80
19.600 33.200 0.800 150 240 80
19.600 33.600 0.800 75 0 75
19.600 34.000 0.800 75 0 75
19.600 34.400 0.800 75 0 75
19.600 34.800 0.800 75 0 75
19.600 35.200 0.800 75 0 75
19.600 35.600 0.800 75 0 75
19.600 36.000 0.800 75 0 75
19.600 38.800 0.400 175 0 75
19.600 42.000 0.000 175 0 75
19.600 42.400 0.000 175 0 75
19.600 43.600 0.400 75 0 75
19.600 45.200 0.400 75 0 75
19.600 45.600 0.400 75 0 75
19.600 46.000 0.400 75 0 75
19.600 46.400 0.400 75 0 75
19.600 46.800 0.400 150 240 80
19.600 47.200 0.400 150 240 80
19.600 47.600 0.400 150 240 80
19.600 48.000 0.400 150 240 80
20.000 6.800 1.600 150 240 80
20.000 7.200 1.600 150 240 80
20.000 8.800 1.600 0 175 0
20.000 8.800 2.000 0 175 0
20.000 9.200 1.200 150 240 80
20.000 9.200 1.600 0 175 0
20.000 9.200 2.000 0 175 0
20.000 10.000 1.200 150 240 80
20.000 10.400 1.200 150 240 80
20.000 10.400 1.600 0 175 0
20.000 10.400 4.000 0 175 0
20.000 10.800 1.200 150 240 80
20.000 10.800 1.600 0 175 0
20.000 10.800 5.200 0 175 0
20.000 11.200 1.200 150 240 80
20.000 11.200 4.400 0 175 0
20.000 11.200 4.800 0 175 0
20.000 11.200 5.200 0 175 0
20.000 11.600 1.200 150 240 80
20.000 11.600 4.400 0 175 0
20.000 11.600 4.800 0 175 0
20.000 11.600 5.200 0 175 0
20.000 12.000 1.200 150 240 80
20.000 12.000 4.800 0 175 0
20.000 12.400 1.200 150 240 80
20.000 13.600 4.400 0 175 0
20.000 14.000 4.000 0 175 0
20.000 14.000 4.400 0 175 0
20.000 14.000 4.800 0 175 0
20.000 14.400 4.000 0 175 0
20.000 14.400 4.400 0 175 0
20.000 14.800 1.200 150 240 80
20.000 14.800 4.000 0 175 0
20.000 15.600 3.600 0 175 0
20.000 15.600 4.000 0 175 0
20.000 16.000 4.000 0 175 0
20.000 16.400 3.200 0 175 0
20.000 16.800 3.200 0 175 0
20.000 17.200 2.000 0 175 0
20.000 17.200 2.800 135 60 0
20.000 17.200 3.200 135 60 0
20.000 17.200 3.600 0 175 0
20.000 17.600 1.200 135 60 0
20.000 17.600 1.600 135 60 0
20.000 17.600 2.000 135 60 0
20.000 17.600 2.400 135 60 0
20.000 17.600 2.800 135 60 0
20.000 17.600 3.200 135 60 0
20.000 17.600 3.600 0 175 0
20.000 17.600 4.000 0 175 0
20.000 17.600 4.400 0 175 0
20.000 17.600 5.200 0 175 0
20.000 18.000 0.800 150 240 80
20.000 18.000 1.200 135 60 0
20.000 18.000 3.600 0 175 0
20.000 18.000 4.000 0 175 0
20.000 18.400 0.800 75 0 75
20.000 18.400 3.600 0 175 0
20.000 18.800 0.800 75 0 75
20.000 19.200 0.800 75 0 75
20.000 19.600 1.600 100 150 245
20.000 20.000 1.600 100 150 245
20.000 20.000 2.000 100 150 245
20.000 20.400 1.200 100 150 245
20.000 20.400 2.000 100 150 245
20.000 20.800 2.000 100 150 245
20.000 21.200 0.400 255 0 255
20.000 21.200 1.600 100 150 245
20.000 21.200 2.000 100 150 245
20.000 21.600 0.400 255 0 255
20.000 21.600 0.800 100 150 245
20.000 21.600 1.200 100 150 245
20.000 21.600 1.600 100 150 245
20.000 22.000 0.400 255 0 255
20.000 22.400 0.400 255 0 255
20.000 22.800 0.400 255 0 255
20.000 23.200 0.400 255 0 255
20.000 23.600 0.400 255 0 255
20.000 24.000 0.400 255 0 255
20.000 24.400 0.400 255 0 255
20.000 24.800 0.400 255 0 255
20.000 25.200 0.400 255 0 255
20.000 25.600 0.400 255 0 255
20.000 26.000 0.800 255 0 255
20.000 26.400 0.400 150 240 80
20.000 26.400 0.800 150 240 80
20.000 26.800 0.800 150 240 80
20.000 26.800 1.200 150 240 80
20.000 27.200 0.800 150 240 80
20.000 27.600 0.800 150 240 80
20.000 28.000 0.800 150 240 80
20.000 28.400 0.800 150 240 80
20.000 28.800 0.800 150 240 80
20.000 29.200 0.800 150 240 80
20.000 29.600 0.800 150 240 80
20.000 30.000 0.800 150 240 80
20.000 30.400 0.800 150 240 80
20.000 30.800 0.800 150 240 80
20.000 31.200 0.800 150 240 80
20.000 31.600 0.800 150 240 80
20.000 32.000 0.800 150 240 80
20.000 32.400 0.800 150 240 80
20.000 32.800 0.800 150 240 80
20.000 33.200 0.800 75 0 75
20.000 33.600 0.800 75 0 75
20.000 34.000 0.800 75 0 75
20.000 34.400 0.800 75 0 75
20.000 34.800 0.800 75 0 75
20.000 35.200 0.800 75 0 75
20.000 35.600 0.800 75 0 75
20.000 38.400 0.400 175 0 75
20.000 42.000 0.000 175 0 75
20.000 43.200 0.400 75 0 75
20.000 45.200 0.400 75 0 75
20.000 45.600 0.400 75 0 75
20.000 46.000 0.400 75 0 75
20.000 46.400 0.400 75 0 75
20.000 46.800 0.400 150 240 80
20.000 47.200 0.400 150 240 80
20.000 47.600 0.400 150 240 80
20.400 6.800 1.600 150 240 80
20.400 7.200 1.600 150 240 80
20.400 7.600 1.600 150 240 80
20.400 9.200 1.200 150 240 80
20.400 9.600 1.200 150 240 80
20.400 10.000 1.200 150 240 80
20.400 10.400 1.200 150 240 80
20.400 10.800 1.200 150 240 80
20.400 10.800 1.600 0 175 0
20.400 10.800 5.200 0 175 0
20.400 11.200 1.200 150 240 80
20.400 11.200 4.000 0 175 0
20.400 11.200 4.800 0 175 0
20.400 11.200 5.200 0 175 0
20.400 11.600 1.200 150 240 80
20.400 11.600 4.400 0 175 0
20.400 11.600 4.800 0 175 0
20.400 11.600 5.200 0 175 0
20.400 12.000 1.200 150 240 80
20.400 12.000 4.400 0 175 0
20.400 12.000 4.800 0 175 0
20.400 12.400 1.200 150 240 80
20.400 12.400 5.200 0 175 0
20.400 13.200 5.200 0 175 0
20.400 13.600 4.400 0 175 0
20.400 13.600 5.200 0 175 0
20.400 14.000 4.400 0 175 0
20.400 14.000 4.800 0 175 0
20.400 14.400 3.600 0 175 0
20.400 14.400 4.400 0 175 0
20.400 14.400 4.800 0 175 0
20.400 14.800 3.600 0 175 0
20.400 14.800 4.000 0 175 0
20.400 15.200 3.600 0 175 0
20.400 15.200 4.000 0 175 0
20.400 16.800 3.600 0 175 0
20.400 16.800 4.000 0 175 0
20.400 17.200 1.600 0 175 0
20.400 17.200 3.200 0 175 0
20.400 17.200 3.600 0 175 0
20.400 17.600 0.800 150 240 80
20.400 17.600 3.600 0 175 0
20.400 18.000 0.800 150 240 80
20.400 18.400 0.800 75 0 75
20.400 18.800 0.800 75 0 75
20.400 19.200 0.800 75 0 75
20.400 19.600 1.600 100 150 245
20.400 20.000 1.600 100 150 245
20.400 20.400 2.000 100 150 245
20.400 20.800 1.600 100 150 245
20.400 20.800 2.000 100 150 245
20.400 21.200 0.400 255 0 255
20.400 21.200 0.800 100 150 245
20.400 21.200 1.200 100 150 245
20.400 21.200 1.600 100 150 245
20.400 21.200 2.000 100 150 245
20.400 21.600 0.400 255 0 255
20.400 22.000 0.400 255 0 255
20.400 22.400 0.400 255 0 255
20.400 22.800 0.400 255 0 255
20.400 23.200 0.400 255 0 255
20.400 23.600 0.400 255 0 255
20.400 24.000 0.400 255 0 255
20.400 24.800 0.400 255 0 255
20.400 25.200 0.400 255 0 255
20.400 26.000 0.800 255 0 255
20.400 26.400 0.800 150 240 80
20.400 26.800 0.800 150 240 80
20.400 27.200 0.800 150 240 80
20.400 27.600 0.800 150 240 80
20.400 28.000 0.800 150 240 80
20.400 28.400 0.800 150 240 80
20.400 28.800 0.800 150 240 80
20.400 29.200 0.800 150 240 80
20.400 29.600 0.800 150 240 80
20.400 30.000 0.800 150 240 80
20.400 30.400 0.800 150 240 80
20.400 30.800 0.800 150 240 80
20.400 31.200 0.800 150 240 80
20.400 31.600 0.800 150 240 80
20.400 32.000 0.800 150 240 80
20.400 32.400 0.800 150 240 80
20.400 32.800 0.800 75 0 75
20.400 33.200 0.800 75 0 75
20.400 33.600 0.800 75 0 75
20.400 34.000 0.800 75 0 75
20.400 34.400 0.800 75 0 75
20.400 34.800 0.800 75 0 75
20.400 35.200 0.800 75 0 75
20.400 38.400 0.400 175 0 75
20.400 40.000 0.400 175 0 75
20.400 41.600 0.000 175 0 75
20.400 42.000 0.000 175 0 75
20.400 42.800 0.400 75 0 75
20.400 43.200 0.400 75 0 75
20.400 44.800 0.400 75 0 75
20.400 45.200 0.400 75 0 75
20.400 46.000 0.400 75 0 75
20.400 46.400 0.400 150 240 80
20.400 50.800 0.400 150 240 80
20.800 6.800 1.600 150 240 80
20.800 7.200 1.600 150 240 80
20.800 7.600 1.600 150 240 80
20.800 9.200 1.200 150 240 80
20.800 9.600 1.200 150 240 80
20.800 10.000 1.200 150 240 80
20.800 10.000 1.600 0 175 0
20.800 10.000 2.000 0 175 0
20.800 10.400 1.200 150 240 80
20.800 10.400 1.600 0 175 0
20.800 10.400 2.000 0 175 0
20.800 10.800 1.200 150 240 80
20.800 10.800 1.600 0 175 0
20.800 11.200 1.200 150 240 80
20.800 11.600 1.200 150 240 80
20.800 12.000 1.200 150 240 80
20.800 12.400 1.200 150 240 80
20.800 12.400 4.400 0 175 0
20.800 12.800 1.200 150 240 80
20.800 12.800 4.800 0 175 0
20.800 13.200 4.800 0 175 0
20.800 13.600 4.400 0 175 0
20.800 13.600 5.200 0 175 0
20.800 14.000 4.400 0 175 0
20.800 14.400 3.600 0 175 0
20.800 14.400 4.400 0 175 0
20.800 14.400 4.800 0 175 0
20.800 14.800 3.600 0 175 0
20.800 14.800 4.000 0 175 0
20.800 14.800 4.400 0 175 0
20.800 14.800 4.800 0 175 0
20.800 15.200 3.600 0 175 0
20.800 15.200 4.400 0 175 0
20.800 15.200 4.800 0 175 0
20.800 15.600 4.800 0 175 0
20.800 16.800 0.800 75 0 75
20.800 17.200 0.800 150 240 80
20.800 17.600 0.800 150 240 80
20.800 18.000 0.800 75 0 75
20.800 18.400 0.800 75 0 75
20.800 18.800 0.800 75 0 75
20.800 19.200 0.800 75 0 75
20.800 19.600 1.200 100 150 245
20.800 19.600 1.600 100 150 245
20.800 20.000 1.600 100 150 245
20.800 20.400 1.600 100 150 245
20.800 20.800 1.600 100 150 245
20.800 21.200 0.800 100 150 245
20.800 21.200 1.200 100 150 245
20.800 21.200 1.600 100 150 245
20.800 21.600 0.400 255 0 255
20.800 22.000 0.400 255 0 255
20.800 22.400 0.400 255 0 255
20.800 22.800 0.400 255 0 255
20.800 23.200 0.400 255 0 255
20.800 23.600 0.400 255 0 255
20.800 24.000 0.400 255 0 255
20.800 24.400 0.400 255 0 255
20.800 24.800 0.400 255 0 255
20.800 25.200 0.400 255 0 255
20.800 26.000 0.800 150 240 80
20.800 26.400 0.800 150 240 80
20.800 26.800 0.800 150 240 80
20.800 27.200 0.800 150 240 80
20.800 27.600 0.800 150 240 80
20.800 28.000 0.800 150 240 80
20.800 28.400 0.800 150 240 80
20.800 28.800 0.800 150 240 80
20.800 28.800 1.200 150 240 80
20.800 29.200 0.800 150 240 80
20.800 29.600 0.800 150 240 80
20.800 30.000 0.800 150 240 80
20.800 30.400 0.800 150 240 80
20.800 30.800 0.800 150 240 80
20.800 30.800 1.200 150 240 80
20.800 31.200 0.800 150 240 80
20.800 31.600 0.800 150 240 80
20.800 32.000 0.800 150 240 80
20.800 32.400 0.800 75 0 75
20.800 32.800 0.800 75 0 75
20.800 33.200 0.800 75 0 75
20.800 33.600 0.800 75 0 75
20.800 34.000 0.800 75 0 75
20.800 34.400 0.800 75 0 75
20.800 34.800 0.800 75 0 75
20.800 35.200 0.800 75 0 75
20.800 38.000 0.400 175 0 75
20.800 40.000 0.400 175 0 75
20.800 41.200 0.000 175 0 75
20.800 41.600 0.000 175 0 75
20.800 42.800 0.400 75 0 75
20.800 45.200 0.400 75 0 75
20.800 45.600 0.400 75 0 75
20.800 46.000 0.400 75 0 75
20.800 46.400 0.400 150 240 80
20.800 47.200 0.800 150 240 80
20.800 50.400 0.400 150 240 80
20.800 50.800 0.400 150 240 80
21.200 1.200 1.600 75 0 75
21.200 7.600 1.600 150 240 80
21.200 10.000 1.200 150 240 80
21.200 10.000 1.600 0 175 0
21.200 10.000 2.000 0 175 0
21.200 10.400 1.200 150 240 80
21.200 10.400 1.600 0 175 0
21.200 10.400 2.000 0 175 0
21.200 10.800 1.200 150 240 80
21.200 10.800 2.000 0 175 0
21.200 10.800 2.400 0 175 0
21.200 11.200 1.200 150 240 80
21.200 11.200 2.000 0 175 0
21.200 11.600 1.200 150 240 80
21.200 11.600 5.200 0 175 0
21.200 12.000 1.200 150 240 80
21.200 12.000 4.400 0 175 0
21.200 12.000 4.800 0 175 0
21.200 12.400 1.200 150 240 80
21.200 12.400 4.800 0 175 0
21.200 12.400 5.200 0 175 0
21.200 12.800 4.800 0 175 0
21.200 12.800 5.200 0 175 0
21.200 13.200 4.800 0 175 0
21.200 13.200 5.200 0 175 0
21.200 13.600 4.800 0 175 0
21.200 14.400 4.800 0 175 0
21.200 14.400 5.200 0 175 0
21.200 14.800 4.000 0 175 0
21.200 14.800 4.800 0 175 0
21.200 15.200 3.600 0 175 0
21.200 15.200 4.400 0 175 0
21.200 15.200 4.800 0 175 0
21.200 15.600 4.400 0 175 0
21.200 16.400 0.800 150 240 80
21.200 16.800 0.800 75 0 75
21.200 17.200 0.800 75 0 75
21.200 17.600 0.800 150 240 80
21.200 18.000 0.800 75 0 75
21.200 18.400 0.800 75 0 75
21.200 18.800 0.800 75 0 75
21.200 19.200 0.800 75 0 75
21.200 19.200 1.200 100 150 245
21.200 19.600 0.800 100 150 245
21.200 19.600 1.200 100 150 245
21.200 19.600 1.600 100 150 245
21.200 20.000 1.600 100 150 245
21.200 20.400 1.600 100 150 245
21.200 20.800 1.200 100 150 245
21.200 20.800 1.600 100 150 245
21.200 21.200 0.800 100 150 245
21.200 21.200 1.200 100 150 245
21.200 22.400 0.400 255 0 255
21.200 22.800 0.400 255 0 255
21.200 23.200 0.400 255 0 255
21.200 23.600 0.400 255 0 255
21.200 24.000 0.400 255 0 255
21.200 24.400 0.400 255 0 255
21.200 24.800 0.400 255 0 255
21.200 25.600 0.400 255 0 255
21.200 25.600 0.800 255 0 255
21.200 26.000 0.800 150 240 80
21.200 26.400 0.800 150 240 80
21.200 26.800 0.800 150 240 80
21.200 27.200 0.800 150 240 80
21.200 27.600 0.800 150 240 80
21.200 28.000 0.800 150 240 80
21.200 28.400 0.800 150 240 80
21.200 28.800 0.800 150 240 80
21.200 29.200 0.800 150 240 80
21.200 29.600 0.800 150 240 80
21.200 30.000 0.800 150 240 80
21.200 30.400 0.800 150 240 80
21.200 30.400 1.200 150 240 80
21.200 30.800 0.800 150 240 80
21.200 30.800 1.200 150 240 80
21.200 31.200 0.800 150 240 80
21.200 31.600 0.800 150 240 80
21.200 32.000 0.800 150 240 80
21.200 32.400 0.800 75 0 75
21.200 32.800 0.800 75 0 75
21.200 33.200 0.800 75 0 75
21.200 33.600 0.800 75 0 75
21.200 34.000 0.800 75 0 75
21.200 34.400 0.800 75 0 75
21.200 34.800 0.800 75 0 75
21.200 37.600 0.400 175 0 75
21.200 39.600 0.400 175 0 75
21.200 41.200 0.000 175 0 75
21.200 42.400 0.400 75 0 75
21.200 42.800 0.400 75 0 75
21.200 45.600 0.400 75 0 75
21.200 46.000 0.400 150 240 80
21.200 46.000 0.800 150 240 80
21.200 46.400 0.800 150 240 80
21.200 50.000 0.400 150 240 80
21.200 50.400 0.400 150 240 80
21.200 50.800 0.400 150 240 80
21.600 1.200 1.600 75 0 75
21.600 3.200 1.600 75 0 75
21.600 8.400 1.600 150 240 80
21.600 10.000 1.600 0 175 0
21.600 10.000 2.000 0 175 0
21.600 10.400 1.200 150 240 80
21.600 10.400 1.600 0 175 0
21.600 10.400 2.000 0 175 0
21.600 10.800 1.200 150 240 80
21.600 10.800 1.600 0 175 0
21.600 10.800 2.000 0 175 0
21.600 10.800 2.400 0 175 0
21.600 11.200 1.200 150 240 80
21.600 11.200 1.600 0 175 0
21.600 11.200 2.400 0 175 0
21.600 11.200 4.400 0 175 0
21.600 11.600 1.200 150 240 80
21.600 11.600 4.400 0 175 0
21.600 11.600 4.800 0 175 0
21.600 12.000 1.200 150 240 80
21.600 12.000 1.600 0 175 0
21.600 12.000 4.400 0 175 0
21.600 12.000 4.800 0 175 0
21.600 12.000 5.200 0 175 0
21.600 12.400 1.200 150 240 80
21.600 12.400 4.400 0 175 0
21.600 12.400 4.800 0 175 0
21.600 12.400 5.200 0 175 0
21.600 12.800 1.200 150 240 80
21.600 12.800 4.400 0 175 0
21.600 13.200 1.200 150 240 80
21.600 13.200 5.200 0 175 0
21.600 13.600 4.800 0 175 0
21.600 13.600 5.200 0 175 0
21.600 14.400 5.200 0 175 0
21.600 15.200 5.200 0 175 0
21.600 16.400 0.800 75 0 75
21.600 16.800 0.800 75 0 75
21.600 17.200 0.800 75 0 75
21.600 17.600 0.800 75 0 75
21.600 18.000 0.800 75 0 75
21.600 18.400 0.800 75 0 75
21.600 18.800 0.800 75 0 75
21.600 19.200 0.800 100 150 245
21.600 19.600 0.800 100 150 245
21.600 19.600 1.200 100 150 245
21.600 20.000 0.800 100 150 245
21.600 20.000 1.200 100 150 245
21.600 20.000 1.600 100 150 245
21.600 20.000 2.800 100 150 245
21.600 20.400 0.800 100 150 245
21.600 20.400 1.200 100 150 245
21.600 20.400 1.600 100 150 245
21.600 20.800 0.800 100 150 245
21.600 20.800 1.200 100 150 245
21.600 20.800 1.600 100 150 245
21.600 22.000 0.400 255 0 255
21.600 22.400 0.400 255 0 255
21.600 22.800 0.400 255 0 255
21.600 23.200 0.400 255 0 255
21.600 23.600 0.400 255 0 255
21.600 24.000 0.400 255 0 255
21.600 24.400 0.400 255 0 255
21.600 26.000 0.800 150 240 80
21.600 26.400 0.800 150 240 80
21.600 26.800 0.800 150 240 80
21.600 27.200 0.800 150 240 80
21.600 27.200 1.200 150 240 80
21.600 27.600 0.800 150 240 80
21.600 28.000 0.800 150 240 80
21.600 28.400 0.800 150 240 80
21.600 28.400 1.200 150 240 80
21.600 28.800 0.800 150 240 80
21.600 29.200 0.800 150 240 80
21.600 29.600 0.800 150 240 80
21.600 29.600 1.200 150 240 80
21.600 30.000 0.800 150 240 80
21.600 30.400 0.800 150 240 80
21.600 30.800 0.800 150 240 80
21.600 31.200 0.800 150 240 80
21.600 31.600 0.800 150 240 80
21.600 32.000 0.800 75 0 75
21.600 32.400 0.800 75 0 75
21.600 32.800 0.800 75 0 75
21.600 33.200 0.800 75 0 75
21.600 33.600 0.800 75 0 75
21.600 34.000 0.800 75 0 75
21.600 34.400 0.800 75 0 75
21.600 37.600 0.400 175 0 75
21.600 39.200 0.400 175 0 75
21.600 42.000 0.400 75 0 75
21.600 45.200 0.400 75 0 75
21.600 45.600 0.400 75 0 75
21.600 46.000 0.800 150 240 80
21.600 46.400 0.800 150 240 80
21.600 46.800 0.800 150 240 80
21.600 50.000 0.400 150 240 80
21.600 50.400 0.400 150 240 80
22.000 0.000 1.600 75 0 75
22.000 10.000 1.600 0 175 0
22.000 10.400 1.200 150 240 80
22.000 10.400 1.600 0 175 0
22.000 10.400 2.000 0 175 0
22.000 10.800 1.200 150 240 80
22.000 10.800 1.600 0 175 0
22.000 10.800 2.000 0 175 0
22.000 11.200 1.200 150 240 80
22.000 11.200 1.600 0 175 0
22.000 11.200 5.200 0 175 0
22.000 11.600 1.200 150 240 80
22.000 11.600 1.600 0 175 0
22.000 12.000 1.200 150 240 80
22.000 12.000 1.600 0 175 0
22.000 12.000 4.400 0 175 0
22.000 12.400 1.200 150 240 80
22.000 12.400 4.000 0 175 0
22.000 12.400 4.400 0 175 0
22.000 12.800 1.200 150 240 80
22.000 12.800 4.400 0 175 0
22.000 14.000 5.200 0 175 0
22.000 14.400 5.200 0 175 0
22.000 16.000 0.800 150 240 80
22.000 16.400 0.800 75 0 75
22.000 16.800 0.800 75 0 75
22.000 17.200 0.800 75 0 75
22.000 17.600 0.800 75 0 75
22.000 18.000 0.800 75 0 75
22.000 18.400 0.800 75 0 75
22.000 18.800 0.800 75 0 75
22.000 19.600 1.200 100 150 245
22.000 20.000 0.800 100 150 245
22.000 20.000 1.200 100 150 245
22.000 20.400 0.800 100 150 245
22.000 20.400 1.200 100 150 245
22.000 20.800 1.200 100 150 245
22.000 25.600 0.800 150 240 80
22.000 26.000 0.800 150 240 80
22.000 26.400 0.800 150 240 80
22.000 26.800 0.800 150 240 80
22.000 26.800 1.200 150 240 80
22.000 27.200 0.800 150 240 80
22.000 27.600 0.800 150 240 80
22.000 28.000 0.800 150 240 80
22.000 28.400 0.800 150 240 80
22.000 28.400 1.200 150 240 80
22.000 28.800 0.800 150 240 80
22.000 28.800 1.200 150 240 80
22.000 29.200 0.800 150 240 80
22.000 29.600 0.800 150 240 80
22.000 30.000 0.800 150 240 80
22.000 30.400 0.800 150 240 80
22.000 30.800 0.800 150 240 80
22.000 31.200 0.800 150 240 80
22.000 31.600 0.800 75 0 75
22.000 32.000 0.800 75 0 75
22.000 32.400 0.800 75 0 75
22.000 32.800 0.800 75 0 75
22.000 33.200 0.800 75 0 75
22.000 33.600 0.800 75 0 75
22.000 34.000 0.800 75 0 75
22.000 37.200 0.400 175 0 75
22.000 38.800 0.400 175 0 75
22.000 40.800 0.400 175 0 75
22.000 42.000 0.400 75 0 75
22.000 44.400 0.400 75 0 75
22.000 44.800 0.400 75 0 75
22.000 46.000 0.800 150 240 80
22.000 46.400 0.800 150 240 80
22.000 49.600 0.400 150 240 80
22.000 50.000 0.400 150 240 80
22.000 50.400 0.400 150 240 80
22.000 50.800 0.400 150 240 80
22.400 0.000 1.600 75 0 75
22.400 2.800 1.600 75 0 75
22.400 3.600 1.600 75 0 75
22.400 8.800 1.600 150 240 80
22.400 9.200 1.600 0 175 0
22.400 10.000 2.000 0 175 0
22.400 10.400 1.200 150 240 80
22.400 10.400 1.600 0 175 0
22.400 10.400 2.000 0 175 0
22.400 10.800 1.200 150 240 80
22.400 10.800 1.600 0 175 0
22.400 11.200 1.200 150 240 80
22.400 11.600 1.200 150 240 80
22.400 11.600 1.600 0 175 0
22.400 12.000 1.200 150 240 80
22.400 12.400 1.200 150 240 80
22.400 12.800 1.200 150 240 80
22.400 13.200 1.200 150 240 80
22.400 13.200 4.800 0 175 0
22.400 13.600 1.200 150 240 80
22.400 13.600 4.800 0 175 0
22.400 14.000 4.400 0 175 0
22.400 14.000 4.800 0 175 0
22.400 14.400 4.400 0 175 0
22.400 14.400 4.800 0 175 0
22.400 16.000 0.800 75 0 75
22.400 16.400 0.800 75 0 75
22.400 16.800 0.800 75 0 75
22.400 17.200 0.800 75 0 75
22.400 17.600 0.800 75 0 75
22.400 18.000 0.800 75 0 75
22.400 18.400 0.800 75 0 75
22.400 18.800 0.800 255 0 255
22.400 25.600 0.800 150 240 80
22.400 26.000 0.800 150 240 80
22.400 26.400 0.800 150 240 80
22.400 26.800 0.800 150 240 80
22.400 27.200 0.800 150 240 80
22.400 27.600 0.800 150 240 80
22.400 28.000 0.800 150 240 80
22.400 28.000 1.200 150 240 80
22.400 28.400 0.800 150 240 80
22.400 28.400 1.200 150 240 80
22.400 28.800 0.800 150 240 80
22.400 29.200 0.800 150 240 80
22.400 29.200 1.200 150 240 80
22.400 29.600 0.800 150 240 80
22.400 29.600 1.200 150 240 80
22.400 30.000 0.800 150 240 80
22.400 30.400 0.800 150 240 80
22.400 30.800 0.800 150 240 80
22.400 31.200 0.800 150 240 80
22.400 31.600 0.800 75 0 75
22.400 32.000 0.800 75 0 75
22.400 32.400 0.800 75 0 75
22.400 32.800 0.800 75 0 75
22.400 33.200 0.800 75 0 75
22.400 33.600 0.800 75 0 75
22.400 34.000 0.800 75 0 75
22.400 36.800 0.400 175 0 75
22.400 38.800 0.400 175 0 75
22.400 40.400 0.400 175 0 75
22.400 41.600 0.400 75 0 75
22.400 45.600 0.800 150 240 80
22.400 46.000 0.800 150 240 80
22.400 49.600 0.400 150 240 80
22.400 50.000 0.400 150 240 80
22.400 50.800 0.400 150 240 80
22.800 0.000 1.600 75 0 75
22.800 3.200 1.600 75 0 75
22.800 3.600 1.600 75 0 75
22.800 4.000 1.600 75 0 75
22.800 8.400 1.200 75 0 75
22.800 10.000 1.200 150 240 80
22.800 10.400 1.200 150 240 80
22.800 10.800 1.200 150 240 80
22.800 11.200 1.200 150 240 80
22.800 11.600 1.200 150 240 80
22.800 12.000 1.200 150 240 80
22.800 12.400 1.200 150 240 80
22.800 12.800 1.200 150 240 80
22.800 13.200 1.200 150 240 80
22.800 13.600 1.200 150 240 80
22.800 14.000 1.200 150 240 80
22.800 14.400 1.200 150 240 80
22.800 14.400 4.000 0 175 0
22.800 14.400 4.400 0 175 0
22.800 14.400 4.800 0 175 0
22.800 15.600 0.800 150 240 80
22.800 16.000 0.800 75 0 75
22.800 16.400 0.800 75 0 75
22.800 16.800 0.800 75 0 75
22.800 17.200 0.800 75 0 75
22.800 17.600 0.800 75 0 75
22.800 18.000 0.800 75 0 75
22.800 18.400 0.800 255 0 255
22.800 24.000 0.800 255 0 255
22.800 25.600 0.800 150 240 80
22.800 26.000 0.800 150 240 80
22.800 26.400 0.800 150 240 80
22.800 26.800 0.800 150 240 80
22.800 27.200 0.800 150 240 80
22.800 27.600 0.800 150 240 80
22.800 28.000 0.800 150 240 80
22.800 28.400 0.800 150 240 80
22.800 28.400 1.200 150 240 80
22.800 28.800 1.200 150 240 80
22.800 29.200 0.800 150 240 80
22.800 29.200 1.200 150 240 80
22.800 29.600 0.800 150 240 80
22.800 30.000 0.800 150 240 80
22.800 30.400 0.800 150 240 80
22.800 30.800 0.800 150 240 80
22.800 31.200 0.800 75 0 75
22.800 31.600 0.800 75 0 75
22.800 32.000 0.800 75 0 75
22.800 32.400 0.800 75 0 75
22.800 32.800 0.800 75 0 75
22.800 33.200 0.800 75 0 75
22.800 33.600 0.800 75 0 75
22.800 36.400 0.400 175 0 75
22.800 38.400 0.400 175 0 75
22.800 40.400 0.400 175 0 75
22.800 41.200 0.400 75 0 75
22.800 41.600 0.400 75 0 75
22.800 41.600 0.800 75 0 75
22.800 44.800 0.800 150 240 80
22.800 45.200 0.800 150 240 80
22.800 45.600 0.800 150 240 80
22.800 49.200 0.400 150 240 80
22.800 49.600 0.400 150 240 80
22.800 50.000 0.400 150 240 80
22.800 50.400 0.400 150 240 80
22.800 50.800 0.400 150 240 80
23.200 0.000 1.600 75 0 75
23.200 0.400 1.600 75 0 75
23.200 0.800 1.600 75 0 75
23.200 1.200 1.600 75 0 75
23.200 1.600 1.600 75 0 75
23.200 2.000 1.600 75 0 75
23.200 2.800 1.600 75 0 75
23.200 3.200 1.600 75 0 75
23.200 3.600 1.600 75 0 75
23.200 4.000 1.600 75 0 75
23.200 4.400 1.600 75 0 75
23.200 5.200 1.600 75 0 75
23.200 8.400 1.200 75 0 75
23.200 8.800 1.200 75 0 75
23.200 9.200 1.200 75 0 75
23.200 9.600 1.200 75 0 75
23.200 10.000 1.200 150 240 80
23.200 10.400 1.200 150 240 80
23.200 10.800 1.200 150 240 80
23.200 11.200 1.200 150 240 80
23.200 11.600 1.200 150 240 80
23.200 12.000 1.200 150 240 80
23.200 12.400 1.200 150 240 80
23.200 12.800 1.200 150 240 80
23.200 13.200 1.200 150 240 80
23.200 13.600 1.200 150 240 80
23.200 14.000 1.200 150 240 80
23.200 14.400 4.000 0 175 0
23.200 15.600 0.800 75 0 75
23.200 16.000 0.800 75 0 75
23.200 16.400 0.800 75 0 75
23.200 16.800 0.800 75 0 75
23.200 17.200 0.800 75 0 75
23.200 17.600 0.800 75 0 75
23.200 18.000 0.800 75 0 75
23.200 18.400 0.800 255 0 255
23.200 24.400 0.800 255 0 255
23.200 25.200 0.800 150 240 80
23.200 25.600 0.800 150 240 80
23.200 26.000 0.800 150 240 80
23.200 26.400 0.800 150 240 80
23.200 26.800 0.800 150 240 80
23.200 27.200 0.800 150 240 80
23.200 27.600 0.800 150 240 80
23.200 28.000 1.200 150 240 80
23.200 28.400 0.800 150 240 80
23.200 28.400 1.200 150 240 80
23.200 28.800 1.200 150 240 80
23.200 29.600 0.800 150 240 80
23.200 29.600 1.200 150 240 80
23.200 30.000 0.800 150 240 80
23.200 30.400 0.800 150 240 80
23.200 30.800 0.800 75 0 75
23.200 31.200 0.800 75 0 75
23.200 31.600 0.800 75 0 75
23.200 32.000 0.800 75 0 75
23.200 32.400 0.800 75 0 75
23.200 32.800 0.800 75 0 75
23.200 33.200 0.800 75 0 75
23.200 36.400 0.400 175 0 75
23.200 38.000 0.400 175 0 75
23.200 40.000 0.400 175 0 75
23.200 41.200 0.400 75 0 75
23.200 42.000 0.800 75 0 75
23.200 44.800 0.800 150 240 80
23.200 45.200 0.800 150 240 80
23.200 45.600 0.800 150 240 80
23.200 48.800 0.400 150 240 80
23.200 49.200 0.400 150 240 80
23.200 49.600 0.400 150 240 80
23.200 50.400 0.400 150 240 80
23.600 0.000 1.600 75 0 75
23.600 0.400 1.600 75 0 75
23.600 0.800 1.600 75 0 75
23.600 2.000 1.600 75 0 75
23.600 2.800 1.600 75 0 75
23.600 3.200 1.600 75 0 75
23.600 4.000 1.600 75 0 75
23.600 4.400 1.600 75 0 75
23.600 4.800 1.600 75 0 75
23.600 8.000 1.200 75 0 75
23.600 8.400 1.200 75 0 75
23.600 8.800 1.200 75 0 75
23.600 9.200 1.200 75 0 75
23.600 9.600 1.200 75 0 75
23.600 10.000 1.200 75 0 75
23.600 10.400 1.200 150 240 80
23.600 10.800 1.200 150 240 80
23.600 11.200 1.200 150 240 80
23.600 11.600 1.200 150 240 80
23.600 12.000 1.200 150 240 80
23.600 12.400 1.200 150 240 80
23.600 12.800 1.200 150 240 80
23.600 13.200 1.200 150 240 80
23.600 13.600 1.200 150 240 80
23.600 14.400 1.200 150 240 80
23.600 14.400 3.600 0 175 0
23.600 14.800 1.200 150 240 80
23.600 15.200 0.800 150 240 80
23.600 15.200 1.600 255 240 150
23.600 15.200 2.000 255 240 150
23.600 15.200 2.400 255 240 150
23.600 15.200 2.800 255 240 150
23.600 15.200 3.200 255 240 150
23.600 15.600 0.800 75 0 75
23.600 16.000 0.800 75 0 75
23.600 16.400 0.800 75 0 75
23.600 16.800 0.800 75 0 75
23.600 17.200 0.800 75 0 75
23.600 17.600 0.800 75 0 75
23.600 18.000 0.800 255 0 255
23.600 25.200 0.800 150 240 80
23.600 25.600 0.800 150 240 80
23.600 26.000 0.800 150 240 80
23.600 26.400 0.800 150 240 80
23.600 27.200 0.800 150 240 80
23.600 27.600 1.200 150 240 80
23.600 28.000 0.800 150 240 80
23.600 28.000 1.200 150 240 80
23.600 28.400 1.200 150 240 80
23.600 28.800 1.200 150 240 80
23.600 29.600 0.800 150 240 80
23.600 29.600 1.200 150 240 80
23.600 30.000 0.800 150 240 80
23.600 30.400 0.800 75 0 75
23.600 30.800 0.800 75 0 75
23.600 31.200 0.800 75 0 75
23.600 31.600 0.800 75 0 75
23.600 32.000 0.800 75 0 75
23.600 32.400 0.800 75 0 75
23.600 32.800 0.800 75 0 75
23.600 33.200 0.800 75 0 75
23.600 36.000 0.400 175 0 75
23.600 37.600 0.000 175 0 75
23.600 37.600 0.400 175 0 75
23.600 38.000 0.400 175 0 75
23.600 39.600 0.400 175 0 75
23.600 40.800 0.400 75 0 75
23.600 40.800 0.800 75 0 75
23.600 41.200 0.800 75 0 75
23.600 44.400 0.800 150 240 80
23.600 44.800 0.800 150 240 80
23.600 45.200 0.800 150 240 80
23.600 48.400 0.400 150 240 80
23.600 48.800 0.400 150 240 80
23.600 49.600 0.400 150 240 80
24.000 0.000 1.600 75 0 75
24.000 0.400 1.600 75 0 75
24.000 0.800 1.600 75 0 75
24.000 1.200 1.600 75 0 75
24.000 2.000 1.600 75 0 75
24.000 2.400 1.600 75 0 75
24.000 2.800 1.600 75 0 75
24.000 3.200 1.600 75 0 75
24.000 4.000 1.600 75 0 75
24.000 4.400 1.600 75 0 75
24.000 8.000 1.200 75 0 75
24.000 8.400 1.200 75 0 75
24.000 8.800 1.200 75 0 75
24.000 9.200 1.200 75 0 75
24.000 9.600 1.200 75 0 75
24.000 10.000 1.200 75 0 75
24.000 10.400 1.200 75 0 75
24.000 10.800 1.200 150 240 80
24.000 11.200 1.200 150 240 80
24.000 11.600 1.200 150 240 80
24.000 12.000 1.200 150 240 80
24.000 12.400 1.200 150 240 80
24.000 12.800 1.200 150 240 80
24.000 13.200 1.200 150 240 80
24.000 13.600 1.200 150 240 80
24.000 14.800 1.200 255 240 150
24.000 14.800 1.600 255 240 150
24.000 14.800 2.000 255 240 150
24.000 14.800 2.400 255 240 150
24.000 14.800 2.800 255 240 150
24.000 15.200 0.800 75 0 75
24.000 15.200 2.800 255 240 150
24.000 15.600 0.800 75 0 75
24.000 16.000 0.800 75 0 75
24.000 16.400 0.800 75 0 75
24.000 16.800 0.800 75 0 75
24.000 17.200 0.800 75 0 75
24.000 17.600 0.800 75 0 75
24.000 18.000 0.800 255 0 255
24.000 21.600 0.800 255 0 255
24.000 22.800 0.800 255 0 255
24.000 23.200 0.800 255 0 255
24.000 24.400 0.800 255 0 255
24.000 24.800 0.800 150 240 80
24.000 25.200 0.800 150 240 80
24.000 25.600 0.800 150 240 80
24.000 26.000 0.800 150 240 80
24.000 26.400 0.800 150 240 80
24.000 26.800 0.800 150 240 80
24.000 27.200 0.800 150 240 80
24.000 27.200 1.200 150 240 80
24.000 27.600 1.200 150 240 80
24.000 28.000 1.200 150 240 80
24.000 28.400 1.200 150 240 80
24.000 28.800 1.200 150 240 80
24.000 29.200 1.200 150 240 80
24.000 29.600 0.800 150 240 80
24.000 30.000 0.800 150 240 80
24.000 30.400 0.800 75 0 75
24.000 30.800 0.800 75 0 75
24.000 31.200 0.800 75 0 75
24.000 31.600 0.800 75 0 75
24.000 32.000 0.800 75 0 75
24.000 32.400 0.800 75 0 75
24.000 32.800 0.800 75 0 75
24.000 35.600 0.400 175 0 75
24.000 37.600 0.400 175 0 75
24.000 39.600 0.400 175 0 75
24.000 40.400 0.400 75 0 75
24.000 40.400 0.800 75 0 75
24.000 40.800 0.800 75 0 75
24.000 44.000 0.800 150 240 80
24.000 44.400 0.800 150 240 80
24.000 44.800 0.800 150 240 80
24.000 48.400 0.400 150 240 80
24.000 48.800 0.400 150 240 80
24.000 49.200 0.400 150 240 80
24.400 0.000 1.600 75 0 75
24.400 0.400 1.600 75 0 75
24.400 0.800 1.600 75 0 75
24.400 1.200 1.600 75 0 75
24.400 2.000 1.600 75 0 75
24.400 2.400 1.600 75 0 75
24.400 2.800 1.600 75 0 75
24.400 3.200 1.600 75 0 75
24.400 3.600 1.600 150 240 80
24.400 4.000 1.600 75 0 75
24.400 4.400 1.600 150 240 80
24.400 4.800 1.600 150 240 80
24.400 7.200 1.200 75 0 75
24.400 8.000 1.200 75 0 75
24.400 8.400 1.200 75 0 75
24.400 8.800 1.200 75 0 75
24.400 9.200 1.200 75 0 75
24.400 9.600 1.200 75 0 75
24.400 10.000 1.200 75 0 75
24.400 10.400 1.200 75 0 75
24.400 10.800 1.200 75 0 75
24.400 11.200 1.200 75 0 75
24.400 11.600 1.200 150 240 80
24.400 12.000 1.200 150 240 80
24.400 12.400 1.200 150 240 80
24.400 12.800 1.200 150 240 80
24.400 13.200 1.200 150 240 80
24.400 13.600 1.200 150 240 80
24.400 14.800 0.800 75 0 75
24.400 15.200 0.800 75 0 75
24.400 15.600 0.800 75 0 75
24.400 16.000 0.800 75 0 75
24.400 16.400 0.800 75 0 75
24.400 16.400 1.600 255 30 30
24.400 16.400 2.000 255 30 30
24.400 16.800 0.800 75 0 75
24.400 16.800 1.600 255 30 30
24.400 17.200 0.800 75 0 75
24.400 17.600 0.800 255 0 255
24.400 19.200 0.800 255 0 255
24.400 20.000 0.800 255 0 255
24.400 20.400 0.800 255 0 255
24.400 21.600 0.800 255 0 255
24.400 22.000 0.800 255 0 255
24.400 22.400 0.800 255 0 255
24.400 22.800 0.800 255 0 255
24.400 23.600 0.800 255 0 255
24.400 24.000 0.800 255 0 255
24.400 24.400 0.800 255 0 255
24.400 24.800 0.800 150 240 80
24.400 25.200 0.800 150 240 80
24.400 25.600 0.800 150 240 80
24.400 26.000 0.800 150 240 80
24.400 26.400 0.800 150 240 80
24.400 27.200 1.200 150 240 80
24.400 28.000 0.800 150 240 80
24.400 28.000 1.200 150 240 80
24.400 28.400 1.200 150 240 80
24.400 28.800 1.200 150 240 80
24.400 29.600 0.800 150 240 80
24.400 30.000 0.800 75 0 75
24.400 30.400 0.800 75 0 75
24.400 30.800 0.800 75 0 75
24.400 31.200 0.800 75 0 75
24.400 31.600 0.800 75 0 75
24.400 32.000 0.800 75 0 75
24.400 32.400 0.800 75 0 75
24.400 32.800 0.800 75 0 75
24.400 35.600 0.400 175 0 75
24.400 37.200 0.400 175 0 75
24.400 39.200 0.400 175 0 75
24.400 40.000 0.400 75 0 75
24.400 40.000 0.800 75 0 75
24.400 40.400 0.400 75 0 75
24.400 40.400 0.800 75 0 75
24.400 40.800 0.800 75 0 75
24.400 41.200 0.800 75 0 75
24.400 43.600 0.800 150 240 80
24.400 44.000 0.800 150 240 80
24.400 44.400 0.800 150 240 80
24.400 44.800 0.800 150 240 80
24.400 48.000 0.400 150 240 80
24.800 0.000 1.600 75 0 75
24.800 0.800 1.600 75 0 75
24.800 1.200 1.600 75 0 75
24.800 1.600 1.600 75 0 75
24.800 2.400 1.600 0 175 0
24.800 2.800 1.600 0 175 0
24.800 3.200 1.600 0 175 0
24.800 4.000 2.000 0 175 0
24.800 4.400 1.600 0 175 0
24.800 4.400 2.000 0 175 0
24.800 4.800 1.600 0 175 0
24.800 4.800 2.400 0 175 0
24.800 5.200 1.600 0 175 0
24.800 5.600 1.600 0 175 0
24.800 6.000 1.600 75 0 75
24.800 7.200 1.200 75 0 75
24.800 7.600 1.200 75 0 75
24.800 8.000 1.200 75 0 75
24.800 8.400 1.200 75 0 75
24.800 8.800 1.200 75 0 75
24.800 9.200 1.200 75 0 75
24.800 9.600 1.200 75 0 75
24.800 10.000 1.200 75 0 75
24.800 10.400 1.200 75 0 75
24.800 10.800 1.200 75 0 75
24.800 11.200 1.200 75 0 75
24.800 12.400 1.200 150 240 80
24.800 12.800 1.200 150 240 80
24.800 13.200 1.200 150 240 80
24.800 13.600 1.200 150 240 80
24.800 14.400 0.800 150 240 80
24.800 14.800 0.800 75 0 75
24.800 15.200 0.800 75 0 75
24.800 15.600 0.800 75 0 75
24.800 16.000 0.800 75 0 75
24.800 16.000 1.600 255 30 30
24.800 16.000 2.000 255 30 30
24.800 16.400 0.800 75 0 75
24.800 16.400 2.000 255 30 30
24.800 16.800 0.800 75 0 75
24.800 17.200 0.800 75 0 75
24.800 17.600 0.800 255 0 255
24.800 18.000 0.800 255 0 255
24.800 18.400 0.800 255 0 255
24.800 18.800 0.800 255 0 255
24.800 19.200 0.800 255 0 255
24.800 20.000 0.800 255 0 255
24.800 20.400 0.800 255 0 255
24.800 20.800 0.800 255 0 255
24.800 21.200 0.800 255 0 255
24.800 21.600 0.800 255 0 255
24.800 22.000 0.800 255 0 255
24.800 22.400 0.800 255 0 255
24.800 22.800 0.800 255 0 255
24.800 23.200 0.800 255 0 255
24.800 23.600 0.800 255 0 255
24.800 24.000 0.800 255 0 255
24.800 24.400 0.800 255 0 255
24.800 24.800 0.800 150 240 80
24.800 25.200 0.800 150 240 80
24.800 25.600 0.800 150 240 80
24.800 26.000 0.800 150 240 80
24.800 27.200 1.200 150 240 80
24.800 27.600 1.200 150 240 80
24.800 28.000 1.200 150 240 80
24.800 28.400 1.200 150 240 80
24.800 28.400 1.600 150 240 80
24.800 29.200 0.800 150 240 80
24.800 29.600 0.800 75 0 75
24.800 30.000 0.800 75 0 75
24.800 30.400 0.800 75 0 75
24.800 30.800 0.800 75 0 75
24.800 31.200 0.800 75 0 75
24.800 31.600 0.800 75 0 75
24.800 32.000 0.800 75 0 75
24.800 32.400 0.800 75 0 75
24.800 35.200 0.400 175 0 75
24.800 36.000 0.400 175 0 75
24.800 36.400 0.400 175 0 75
24.800 36.800 0.400 175 0 75
24.800 37.200 0.400 175 0 75
24.800 38.800 0.400 175 0 75
24.800 39.200 0.400 175 0 75
24.800 39.600 0.400 175 0 75
24.800 40.000 0.400 75 0 75
24.800 40.000 0.800 75 0 75
24.800 40.400 0.800 75 0 75
24.800 40.800 0.800 75 0 75
24.800 41.200 0.800 75 0 75
24.800 43.600 0.800 150 240 80
24.800 44.000 0.800 150 240 80
24.800 44.400 0.800 150 240 80
24.800 48.000 0.400 150 240 80
24.800 48.800 0.800 150 240 80
24.800 50.800 0.400 150 240 80
25.200 0.000 1.600 75 0 75
25.200 0.400 1.600 75 0 75
25.200 1.200 1.600 75 0 75
25.200 2.000 1.600 0 175 0
25.200 2.400 1.600 0 175 0
25.200 2.400 2.400 0 175 0
25.200 3.200 2.000 0 175 0
25.200 3.600 2.000 0 175 0
25.200 4.800 1.600 0 175 0
25.200 4.800 2.000 0 175 0
25.200 4.800 2.400 0 175 0
25.200 5.200 1.600 0 175 0
25.200 5.200 2.000 0 175 0
25.200 5.200 2.400 0 175 0
25.200 5.600 1.600 0 175 0
25.200 5.600 2.000 0 175 0
25.200 5.600 2.400 0 175 0
25.200 6.000 1.600 0 175 0
25.200 6.000 2.000 0 175 0
25.200 6.000 2.400 0 175 0
25.200 6.400 2.000 0 175 0
25.200 7.200 1.200 75 0 75
25.200 7.600 1.200 75 0 75
25.200 8.000 1.200 75 0 75
25.200 8.400 1.200 75 0 75
25.200 8.800 1.200 75 0 75
25.200 9.200 1.200 75 0 75
25.200 9.600 1.200 75 0 75
25.200 10.000 1.200 75 0 75
25.200 10.400 1.200 75 0 75
25.200 10.800 1.200 75 0 75
25.200 11.200 1.200 75 0 75
25.200 14.000 0.800 75 0 75
25.200 14.400 0.800 75 0 75
25.200 14.800 0.800 75 0 75
25.200 15.200 0.800 75 0 75
25.200 15.600 0.800 75 0 75
25.200 15.600 1.600 255 30 30
25.200 15.600 2.000 255 30 30
25.200 16.000 0.800 75 0 75
25.200 16.000 1.200 255 30 30
25.200 16.000 1.600 255 30 30
25.200 16.000 2.000 255 30 30
25.200 16.000 2.400 255 30 30
25.200 16.400 0.800 75 0 75
25.200 16.400 1.600 255 30 30
25.200 16.800 0.800 75 0 75
25.200 17.200 0.800 255 0 255
25.200 17.600 0.800 255 0 255
25.200 18.000 0.800 255 0 255
25.200 18.400 0.800 255 0 255
25.200 18.800 0.800 255 0 255
25.200 19.200 0.800 255 0 255
25.200 19.600 0.800 255 0 255
25.200 20.000 0.800 255 0 255
25.200 20.400 0.800 255 0 255
25.200 20.800 0.800 255 0 255
25.200 21.200 0.800 255 0 255
25.200 21.600 0.800 255 0 255
25.200 22.000 0.800 255 0 255
25.200 22.400 0.800 255 0 255
25.200 22.800 0.800 255 0 255
25.200 23.200 0.800 255 0 255
25.200 23.600 0.800 255 0 255
25.200 24.000 0.800 255 0 255
25.200 24.400 0.800 255 0 255
25.200 24.800 0.800 150 240 80
25.200 25.200 0.800 150 240 80
25.200 25.600 0.800 150 240 80
25.200 25.600 1.200 150 240 80
25.200 26.000 0.800 150 240 80
25.200 26.400 0.800 150 240 80
25.200 27.200 1.200 150 240 80
25.200 27.600 1.200 150 240 80
25.200 28.000 1.200 150 240 80
25.200 29.200 0.800 150 240 80
25.200 29.600 0.800 75 0 75
25.200 30.000 0.800 75 0 75
25.200 30.400 0.800 75 0 75
25.200 30.800 0.800 75 0 75
25.200 31.200 0.800 75 0 75
25.200 31.600 0.800 75 0 75
25.200 32.000 0.800 75 0 75
25.200 34.800 0.400 175 0 75
25.200 36.000 0.400 175 0 75
25.200 36.800 0.000 175 0 75
25.200 36.800 0.400 175 0 75
25.200 38.400 0.400 175 0 75
25.200 38.800 0.400 175 0 75
25.200 39.200 0.400 175 0 75
25.200 39.600 0.400 75 0 75
25.200 39.600 0.800 75 0 75
25.200 40.000 0.800 75 0 75
25.200 40.400 0.800 75 0 75
25.200 40.800 0.800 75 0 75
25.200 41.200 0.800 75 0 75
25.200 43.200 0.800 150 240 80
25.200 43.600 0.800 150 240 80
25.200 44.000 0.800 150 240 80
25.200 48.000 0.800 150 240 80
25.600 0.000 1.600 75 0 75
25.600 0.400 1.600 75 0 75
25.600 0.800 1.600 75 0 75
25.600 1.200 1.600 75 0 75
25.600 1.600 1.600 75 0 75
25.600 2.400 2.400 0 175 0
25.600 2.800 1.600 0 175 0
25.600 2.800 2.000 0 175 0
25.600 2.800 2.400 0 175 0
25.600 3.200 2.400 0 175 0
25.600 4.800 1.600 0 175 0
25.600 4.800 2.000 0 175 0
25.600 4.800 2.400 0 175 0
25.600 5.200 1.600 0 175 0
25.600 5.200 2.000 0 175 0
25.600 5.200 2.400 0 175 0
25.600 5.600 1.600 0 175 0
25.600 5.600 2.000 0 175 0
25.600 5.600 2.400 0 175 0
25.600 6.000 1.600 0 175 0
25.600 6.000 2.000 0 175 0
25.600 6.000 2.400 0 175 0
25.600 6.000 2.800 0 175 0
25.600 6.400 1.600 0 175 0
25.600 6.400 2.000 0 175 0
25.600 6.400 2.400 0 175 0
25.600 6.400 2.800 0 175 0
25.600 6.800 1.600 0 175 0
25.600 6.800 2.000 0 175 0
25.600 6.800 2.400 0 175 0
25.600 7.200 1.200 75 0 75
25.600 7.600 1.200 75 0 75
25.600 8.000 1.200 75 0 75
25.600 8.400 1.200 75 0 75
25.600 8.800 1.200 75 0 75
25.600 9.200 1.200 75 0 75
25.600 9.600 1.200 75 0 75
25.600 10.000 1.200 75 0 75
25.600 10.400 1.200 75 0 75
25.600 10.800 1.200 75 0 75
25.600 11.200 1.200 75 0 75
25.600 14.000 0.800 75 0 75
25.600 14.400 0.800 75 0 75
25.600 14.800 0.800 75 0 75
25.600 15.200 0.800 75 0 75
25.600 15.200 1.600 255 30 30
25.600 15.200 2.000 255 30 30
25.600 15.600 0.800 75 0 75
25.600 15.600 1.200 255 30 30
25.600 15.600 1.600 255 30 30
25.600 15.600 2.000 255 30 30
25.600 15.600 2.400 255 30 30
25.600 16.000 0.800 75 0 75
25.600 16.000 1.200 255 30 30
25.600 16.000 1.600 255 30 30
25.600 16.000 2.000 255 30 30
25.600 16.400 0.800 75 0 75
25.600 16.800 0.800 75 0 75
25.600 17.200 0.800 255 0 255
25.600 17.600 0.800 255 0 255
25.600 18.000 0.800 255 0 255
25.600 18.400 0.800 255 0 255
25.600 18.800 0.800 255 0 255
25.600 19.200 0.800 255 0 255
25.600 19.600 0.800 255 0 255
25.600 20.000 0.800 255 0 255
25.600 20.400 0.800 255 0 255
25.600 20.800 0.800 255 0 255
25.600 21.200 0.800 255 0 255
25.600 21.600 0.800 255 0 255
25.600 22.000 0.800 255 0 255
25.600 22.400 0.800 255 0 255
25.600 22.800 0.800 255 0 255
25.600 23.200 0.800 255 0 255
25.600 23.600 0.800 255 0 255
25.600 24.000 0.800 255 0 255
25.600 24.400 0.800 150 240 80
25.600 24.800 0.800 150 240 80
25.600 25.200 0.800 150 240 80
25.600 25.600 0.800 150 240 80
25.600 26.000 0.800 150 240 80
25.600 26.800 1.200 150 240 80
25.600 27.200 1.200 150 240 80
25.600 27.600 1.200 150 240 80
25.600 28.000 1.200 150 240 80
25.600 28.800 0.800 150 240 80
25.600 29.200 0.800 75 0 75
25.600 29.600 0.800 75 0 75
25.600 30.000 0.800 75 0 75
25.600 30.400 0.800 75 0 75
25.600 30.800 0.800 75 0 75
25.600 31.200 0.800 75 0 75
25.600 31.600 0.800 75 0 75
25.600 34.400 0.400 175 0 75
25.600 35.600 0.400 175 0 75
25.600 36.400 0.400 175 0 75
25.600 36.800 0.400 175 0 75
25.600 38.400 0.400 175 0 75
25.600 39.200 0.400 75 0 75
25.600 39.200 0.800 75 0 75
25.600 39.600 0.400 75 0 75
25.600 39.600 0.800 75 0 75
25.600 40.000 0.800 75 0 75
25.600 40.400 0.800 75 0 75
25.600 40.800 0.800 75 0 75
25.600 41.200 0.800 75 0 75
25.600 41.600 0.800 75 0 75
25.600 42.800 0.800 150 240 80
25.600 43.200 0.800 150 240 80
25.600 43.600 0.800 150 240 80
25.600 44.000 0.800 150 240 80
25.600 50.000 0.400 150 240 80
26.000 0.000 1.600 255 120 50
26.000 0.000 2.000 255 120 50
26.000 0.000 2.400 255 120 50
26.000 0.400 1.600 75 0 75
26.000 1.200 1.600 150 240 80
26.000 1.200 2.000 0 175 0
26.000 1.200 2.400 0 175 0
26.000 1.600 2.000 0 175 0
26.000 1.600 2.400 0 175 0
26.000 2.000 1.600 0 175 0
26.000 2.000 2.400 0 175 0
26.000 2.400 2.400 0 175 0
26.000 2.800 2.400 0 175 0
26.000 3.600 1.600 0 175 0
26.000 3.600 2.000 0 175 0
26.000 4.000 1.600 0 175 0
26.000 4.000 2.000 0 175 0
26.000 4.000 2.400 0 175 0
26.000 4.000 2.800 0 175 0
26.000 4.000 4.800 255 240 150
26.000 4.400 1.600 0 175 0
26.000 4.400 2.000 0 175 0
26.000 4.400 4.400 255 240 150
26.000 4.400 4.800 255 240 150
26.000 4.800 1.600 0 175 0
26.000 5.200 1.600 0 175 0
26.000 5.600 1.600 0 175 0
26.000 6.000 1.600 0 175 0
26.000 6.400 1.600 0 175 0
26.000 6.400 2.000 0 175 0
26.000 6.400 2.400 0 175 0
26.000 6.400 2.800 0 175 0
26.000 6.800 1.600 0 175 0
26.000 6.800 2.000 0 175 0
26.000 6.800 2.400 0 175 0
26.000 7.200 1.200 0 175 0
26.000 7.200 1.600 0 175 0
26.000 7.200 2.000 0 175 0
26.000 7.200 2.400 0 175 0
26.000 7.600 1.200 0 175 0
26.000 7.600 2.000 0 175 0
26.000 7.600 2.400 0 175 0
26.000 8.000 1.200 75 0 75
26.000 8.400 1.200 75 0 75
26.000 8.800 1.200 75 0 75
26.000 9.200 1.200 75 0 75
26.000 9.600 1.200 75 0 75
26.000 10.000 1.200 75 0 75
26.000 10.400 1.200 75 0 75
26.000 10.800 1.200 75 0 75
26.000 11.200 1.200 75 0 75
26.000 13.600 0.800 75 0 75
26.000 14.000 0.800 75 0 75
26.000 14.400 0.800 75 0 75
26.000 14.800 0.800 75 0 75
26.000 15.200 0.800 75 0 75
26.000 15.200 1.200 255 30 30
26.000 15.200 1.600 255 30 30
26.000 15.200 2.000 255 30 30
26.000 15.200 2.400 255 30 30
26.000 15.600 0.800 75 0 75
26.000 15.600 1.200 255 30 30
26.000 15.600 1.600 255 30 30
26.000 15.600 2.000 255 30 30
26.000 16.000 0.800 75 0 75
26.000 16.400 0.800 75 0 75
26.000 16.800 0.800 255 0 255
26.000 17.200 0.800 255 0 255
26.000 17.600 0.800 255 0 255
26.000 18.000 0.800 255 0 255
26.000 18.400 0.800 255 0 255
26.000 18.800 0.800 255 0 255
26.000 19.200 0.800 255 0 255
26.000 19.600 0.800 255 0 255
26.000 20.000 0.800 255 0 255
26.000 20.400 0.800 255 0 255
26.000 20.800 0.800 255 0 255
26.000 21.200 0.800 255 0 255
26.000 21.600 0.800 255 0 255
26.000 22.000 0.800 255 0 255
26.000 22.400 0.800 255 0 255
26.000 22.800 0.800 255 0 255
26.000 23.200 0.800 255 0 255
26.000 23.600 0.800 255 0 255
26.000 24.000 0.800 255 0 255
26.000 24.400 0.800 150 240 80
26.000 24.800 0.800 150 240 80
26.000 24.800 1.200 150 240 80
26.000 25.200 0.800 150 240 80
26.000 25.200 1.200 150 240 80
26.000 25.600 0.800 150 240 80
26.000 26.000 1.200 150 240 80
26.000 26.800 1.200 150 240 80
26.000 28.000 1.200 150 240 80
26.000 28.800 0.800 75 0 75
26.000 29.200 0.800 75 0 75
26.000 29.600 0.800 75 0 75
26.000 30.000 0.800 75 0 75
26.000 30.400 0.800 75 0 75
26.000 30.800 0.800 75 0 75
26.000 31.200 0.800 75 0 75
26.000 34.400 0.400 175 0 75
26.000 35.200 0.400 175 0 75
26.000 35.600 0.400 175 0 75
26.000 36.000 0.400 175 0 75
26.000 36.400 0.400 175 0 75
26.000 38.000 0.400 175 0 75
26.000 38.400 0.400 175 0 75
26.000 38.800 0.400 75 0 75
26.000 39.200 0.400 75 0 75
26.000 39.200 0.800 75 0 75
26.000 39.600 0.800 75 0 75
26.000 40.000 0.800 75 0 75
26.000 40.400 0.800 75 0 75
26.000 40.800 0.800 75 0 75
26.000 41.200 0.800 75 0 75
26.000 42.400 0.800 150 240 80
26.000 42.800 0.800 150 240 80
26.000 43.200 0.800 150 240 80
26.000 43.600 0.800 150 240 80
26.400 0.000 1.600 75 0 75
26.400 0.400 1.600 255 120 50
26.400 0.400 2.000 255 120 50
26.400 0.400 2.400 255 120 50
26.400 0.800 2.000 0 175 0
26.400 0.800 2.400 255 120 50
26.400 1.200 2.000 0 175 0
26.400 1.200 2.400 0 175 0
26.400 1.600 1.600 0 175 0
26.400 1.600 2.000 0 175 0
26.400 1.600 2.400 0 175 0
26.400 2.000 1.600 0 175 0
26.400 2.000 2.000 0 175 0
26.400 2.400 1.600 0 175 0
26.400 2.400 2.000 0 175 0
26.400 2.800 1.600 0 175 0
26.400 2.800 2.000 0 175 0
26.400 3.200 1.600 0 175 0
26.400 3.200 2.000 0 175 0
26.400 3.600 1.600 0 175 0
26.400 4.000 1.600 0 175 0
26.400 4.000 2.400 255 240 150
26.400 4.000 2.800 255 240 150
26.400 4.000 3.200 255 240 150
26.400 4.000 3.600 255 240 150
26.400 4.000 4.800 255 240 150
26.400 4.400 1.600 0 175 0
26.400 4.400 2.400 255 240 150
26.400 4.400 2.800 255 240 150
26.400 4.400 3.200 255 240 150
26.400 4.400 3.600 255 240 150
26.400 4.400 4.800 255 240 150
26.400 5.200 1.600 150 240 80
26.400 6.000 1.600 0 175 0
26.400 6.400 1.600 0 175 0
26.400 6.800 1.600 0 175 0
26.400 6.800 2.400 0 175 0
26.400 7.200 1.600 0 175 0
26.400 7.200 2.000 0 175 0
26.400 7.200 2.400 0 175 0
26.400 7.600 1.600 0 175 0
26.400 7.600 2.000 0 175 0
26.400 7.600 2.400 0 175 0
26.400 8.000 1.200 0 175 0
26.400 8.000 1.600 0 175 0
26.400 8.000 2.000 0 175 0
26.400 8.400 1.200 0 175 0
26.400 8.400 2.000 0 175 0
26.400 8.800 1.200 75 0 75
26.400 9.200 1.200 75 0 75
26.400 9.600 1.200 75 0 75
26.400 10.000 1.200 75 0 75
26.400 10.400 1.200 75 0 75
26.400 10.800 1.200 75 0 75
26.400 13.600 0.800 75 0 75
26.400 14.000 0.800 75 0 75
26.400 14.400 0.800 75 0 75
26.400 14.800 0.800 75 0 75
26.400 14.800 1.200 255 30 30
26.400 14.800 2.000 255 30 30
26.400 15.200 0.800 75 0 75
26.400 15.200 1.200 255 30 30
26.400 15.200 1.600 255 30 30
26.400 15.200 2.000 255 30 30
26.400 15.200 2.400 255 30 30
26.400 15.600 0.800 75 0 75
26.400 16.000 0.800 75 0 75
26.400 16.400 0.800 75 0 75
26.400 16.800 0.800 255 0 255
26.400 17.200 0.800 255 0 255
26.400 17.600 0.800 255 0 255
26.400 18.000 0.800 255 0 255
26.400 18.400 0.800 255 0 255
26.400 18.800 0.800 255 0 255
26.400 19.200 0.800 255 0 255
26.400 19.600 0.800 255 0 255
26.400 20.000 0.800 255 0 255
26.400 20.400 0.800 255 0 255
26.400 20.800 0.800 255 0 255
26.400 21.200 0.800 255 0 255
26.400 21.600 0.800 255 0 255
26.400 22.000 0.800 255 0 255
26.400 22.400 0.800 255 0 255
26.400 22.800 0.800 255 0 255
26.400 23.200 0.800 255 0 255
26.400 23.600 0.800 255 0 255
26.400 24.000 0.800 150 240 80
26.400 24.400 0.800 150 240 80
26.400 24.800 0.800 150 240 80
26.400 25.600 1.200 150 240 80
26.400 26.000 1.200 150 240 80
26.400 26.400 1.200 150 240 80
26.400 27.200 1.200 150 240 80
26.400 28.400 0.800 75 0 75
26.400 28.800 0.800 75 0 75
26.400 29.200 0.800 75 0 75
26.400 29.600 0.800 75 0 75
26.400 30.000 0.800 75 0 75
26.400 30.400 0.800 75 0 75
26.400 30.800 0.800 75 0 75
26.400 31.200 0.800 75 0 75
26.400 34.000 0.400 175 0 75
26.400 34.800 0.400 175 0 75
26.400 35.200 0.400 175 0 75
26.400 35.600 0.400 175 0 75
26.400 36.000 0.400 175 0 75
26.400 37.600 0.400 175 0 75
26.400 38.000 0.400 175 0 75
26.400 38.400 0.400 175 0 75
26.400 38.800 0.400 75 0 75
26.400 38.800 0.800 75 0 75
26.400 39.200 0.800 75 0 75
26.400 39.600 0.800 75 0 75
26.400 40.000 0.800 75 0 75
26.400 40.400 0.800 75 0 75
26.400 40.800 0.800 75 0 75
26.400 41.200 0.800 75 0 75
26.400 42.400 0.800 150 240 80
26.400 42.800 0.800 150 240 80
26.400 43.200 0.800 150 240 80
26.400 43.600 0.800 150 240 80
26.800 0.400 1.600 75 0 75
26.800 0.800 1.600 75 0 75
26.800 0.800 2.000 255 120 50
26.800 1.200 1.600 255 120 50
26.800 1.200 2.000 255 120 50
26.800 1.200 2.400 255 120 50
26.800 1.600 1.600 255 120 50
26.800 1.600 2.000 255 120 50
26.800 1.600 2.400 255 120 50
26.800 2.400 1.600 150 240 80
26.800 2.800 1.600 150 240 80
26.800 3.200 1.600 150 240 80
26.800 3.600 1.600 0 175 0
26.800 4.000 1.600 150 240 80
26.800 4.400 1.600 150 240 80
26.800 4.800 1.600 0 175 0
26.800 5.200 1.600 0 175 0
26.800 5.600 1.600 0 175 0
26.800 6.000 1.600 0 175 0
26.800 6.400 1.600 0 175 0
26.800 6.800 1.600 0 175 0
26.800 7.200 1.600 0 175 0
26.800 7.600 1.600 0 175 0
26.800 7.600 2.000 0 175 0
26.800 7.600 2.400 0 175 0
26.800 8.000 1.600 0 175 0
26.800 8.000 2.000 0 175 0
26.800 8.400 1.200 0 175 0
26.800 8.400 1.600 0 175 0
26.800 8.400 2.000 0 175 0
26.800 8.400 2.400 0 175 0
26.800 8.800 1.200 0 175 0
26.800 8.800 1.600 0 175 0
26.800 8.800 2.000 0 175 0
26.800 8.800 2.400 0 175 0
26.800 9.200 1.200 150 240 80
26.800 9.600 1.200 75 0 75
26.800 10.000 1.200 75 0 75
26.800 10.400 1.200 75 0 75
26.800 13.200 0.800 75 0 75
26.800 13.600 0.800 75 0 75
26.800 14.000 0.800 75 0 75
26.800 14.400 0.800 75 0 75
26.800 14.800 0.800 75 0 75
26.800 14.800 1.200 255 30 30
26.800 14.800 1.600 255 30 30
26.800 14.800 2.000 255 30 30
26.800 14.800 2.400 255 30 30
26.800 15.200 0.800 75 0 75
26.800 15.200 1.600 255 30 30
26.800 15.200 2.000 255 30 30
26.800 15.600 0.800 75 0 75
26.800 16.000 0.800 75 0 75
26.800 16.400 0.800 255 0 255
26.800 16.800 0.800 255 0 255
26.800 17.200 0.800 255 0 255
26.800 17.600 0.800 255 0 255
26.800 18.000 0.800 255 0 255
26.800 18.400 0.800 255 0 255
26.800 18.800 0.800 255 0 255
26.800 19.200 0.800 255 0 255
26.800 19.600 0.800 255 0 255
26.800 20.000 0.800 255 0 255
26.800 20.400 0.800 255 0 255
26.800 20.800 0.800 255 0 255
26.800 21.200 0.800 255 0 255
26.800 21.600 0.800 255 0 255
26.800 22.000 0.800 255 0 255
26.800 22.400 0.800 255 0 255
26.800 22.800 0.800 255 0 255
26.800 23.200 0.800 255 0 255
26.800 23.600 0.800 255 0 255
26.800 24.000 0.800 150 240 80
26.800 24.400 0.800 150 240 80
26.800 24.800 1.200 150 240 80
26.800 25.200 1.200 150 240 80
26.800 25.600 1.200 150 240 80
26.800 26.000 1.200 150 240 80
26.800 26.400 1.200 150 240 80
26.800 26.800 1.200 150 240 80
26.800 28.400 0.800 75 0 75
26.800 28.800 0.800 75 0 75
26.800 29.200 0.800 75 0 75
26.800 29.600 0.800 75 0 75
26.800 30.000 0.800 75 0 75
26.800 30.400 0.800 75 0 75
26.800 30.800 0.800 75 0 75
26.800 33.600 0.400 175 0 75
26.800 34.000 0.400 175 0 75
26.800 34.400 0.400 175 0 75
26.800 34.800 0.400 175 0 75
26.800 35.200 0.400 175 0 75
26.800 35.600 0.400 175 0 75
26.800 37.200 0.400 175 0 75
26.800 37.600 0.400 175 0 75
26.800 38.400 0.400 75 0 75
26.800 38.400 0.800 75 0 75
26.800 38.800 0.800 75 0 75
26.800 39.200 0.800 75 0 75
26.800 39.600 0.800 75 0 75
26.800 40.000 0.800 75 0 75
26.800 40.400 0.800 75 0 75
26.800 40.800 0.800 75 0 75
26.800 42.000 0.800 150 240 80
26.800 42.400 0.800 150 240 80
26.800 42.800 0.800 150 240 80
26.800 43.200 0.800 150 240 80
27.200 0.000 1.600 75 0 75
27.200 0.800 1.600 75 0 75
27.200 1.600 2.000 255 120 50
27.200 1.600 2.400 255 120 50
27.200 2.000 2.000 255 120 50
27.200 2.000 2.400 255 120 50
27.200 2.400 2.000 255 120 50
27.200 2.400 2.400 255 120 50
27.200 2.800 1.600 150 240 80
27.200 3.200 1.600 0 175 0
27.200 3.200 2.000 0 175 0
27.200 4.000 1.600 150 240 80
27.200 4.400 1.600 0 175 0
27.200 4.800 1.600 0 175 0
27.200 5.200 1.600 0 175 0
27.200 5.600 1.600 0 175 0
27.200 6.000 1.600 0 175 0
27.200 6.400 1.600 0 175 0
27.200 6.800 1.600 0 175 0
27.200 8.400 1.600 0 175 0
27.200 8.400 2.000 0 175 0
27.200 8.400 2.400 0 175 0
27.200 8.800 1.200 0 175 0
27.200 8.800 1.600 0 175 0
27.200 8.800 2.000 0 175 0
27.200 8.800 2.400 0 175 0
27.200 9.200 1.200 0 175 0
27.200 9.200 1.600 0 175 0
27.200 9.200 2.000 0 175 0
27.200 9.200 2.400 0 175 0
27.200 9.600 1.200 150 240 80
27.200 9.600 2.000 0 175 0
27.200 9.600 2.400 0 175 0
27.200 10.000 1.200 75 0 75
27.200 12.400 0.800 75 0 75
27.200 12.800 0.800 75 0 75
27.200 13.200 0.800 75 0 75
27.200 13.600 0.800 75 0 75
27.200 14.000 0.800 75 0 75
27.200 14.400 0.800 75 0 75
27.200 14.400 1.200 255 30 30
27.200 14.400 1.600 255 30 30
27.200 14.400 2.000 255 30 30
27.200 14.400 2.400 255 30 30
27.200 14.800 0.800 75 0 75
27.200 14.800 1.200 255 30 30
27.200 14.800 1.600 255 30 30
27.200 14.800 2.000 255 30 30
27.200 14.800 2.400 255 30 30
27.200 15.200 0.800 75 0 75
27.200 15.600 0.800 75 0 75
27.200 16.000 0.800 255 0 255
27.200 16.400 0.800 255 0 255
27.200 16.800 0.800 255 0 255
27.200 17.200 0.800 255 0 255
27.200 17.600 0.800 255 0 255
27.200 18.000 0.800 255 0 255
27.200 18.400 0.800 255 0 255
27.200 18.800 0.800 255 0 255
27.200 19.200 0.800 255 0 255
27.200 19.600 0.800 255 0 255
27.200 20.000 0.800 255 0 255
27.200 20.400 0.800 255 0 255
27.200 20.800 0.800 255 0 255
27.200 21.200 0.800 255 0 255
27.200 21.600 0.800 255 0 255
27.200 22.000 0.800 255 0 255
27.200 22.400 0.800 255 0 255
27.200 22.800 0.800 255 0 255
27.200 23.200 0.800 255 0 255
27.200 23.600 0.800 150 240 80
27.200 24.000 0.800 150 240 80
27.200 24.800 1.200 150 240 80
27.200 25.200 1.200 150 240 80
27.200 25.600 1.200 150 240 80
27.200 26.000 1.200 150 240 80
27.200 26.400 1.200 150 240 80
27.200 28.400 0.800 75 0 75
27.200 29.200 0.800 75 0 75
27.200 29.600 0.800 75 0 75
27.200 30.000 0.800 75 0 75
27.200 30.400 0.800 75 0 75
27.200 33.600 0.400 175 0 75
27.200 34.400 0.400 175 0 75
27.200 34.800 0.400 175 0 75
27.200 35.200 0.400 175 0 75
27.200 35.600 0.400 175 0 75
27.200 36.800 0.400 175 0 75
27.200 37.200 0.400 175 0 75
27.200 37.600 0.400 175 0 75
27.200 38.000 0.400 75 0 75
27.200 38.000 0.800 75 0 75
27.200 38.400 0.400 75 0 75
27.200 38.400 0.800 75 0 75
27.200 38.800 0.800 75 0 75
27.200 39.200 0.800 75 0 75
27.200 39.600 0.800 75 0 75
27.200 40.000 0.800 75 0 75
27.200 40.400 0.800 75 0 75
27.200 41.200 0.800 75 0 75
27.200 41.600 0.800 150 240 80
27.200 42.000 0.800 150 240 80
27.200 42.000 2.800 255 0 0
27.200 42.400 0.800 150 240 80
27.200 42.800 0.800 150 240 80
27.200 47.600 0.800 150 240 80
27.600 0.000 1.600 75 0 75
27.600 0.800 1.600 75 0 75
27.600 2.400 2.400 255 120 50
27.600 3.200 2.000 0 175 0
27.600 3.600 1.600 0 175 0
27.600 3.600 2.000 0 175 0
27.600 4.000 1.600 0 175 0
27.600 4.000 2.000 0 175 0
27.600 4.400 1.600 150 240 80
27.600 4.800 1.600 0 175 0
27.600 5.200 1.600 0 175 0
27.600 6.000 1.600 0 175 0
27.600 6.400 1.600 0 175 0
27.600 6.800 1.600 0 175 0
27.600 7.200 1.600 0 175 0
27.600 7.600 1.600 0 175 0
27.600 8.800 1.600 0 175 0
27.600 8.800 2.000 0 175 0
27.600 8.800 2.400 0 175 0
27.600 9.200 1.200 0 175 0
27.600 9.200 1.600 0 175 0
27.600 9.200 2.000 0 175 0
27.600 9.200 2.400 0 175 0
27.600 9.600 1.200 150 240 80
27.600 9.600 1.600 0 175 0
27.600 9.600 2.000 0 175 0
27.600 9.600 2.400 0 175 0
27.600 10.000 1.200 150 240 80
27.600 10.000 1.600 0 175 0
27.600 10.000 2.000 0 175 0
27.600 10.000 2.400 0 175 0
27.600 10.400 1.200 150 240 80
27.600 12.800 0.800 75 0 75
27.600 13.200 0.800 75 0 75
27.600 13.600 0.800 75 0 75
27.600 14.000 0.800 75 0 75
27.600 14.000 1.600 255 30 30
27.600 14.000 2.000 255 30 30
27.600 14.000 2.400 255 30 30
27.600 14.400 0.800 75 0 75
27.600 14.400 1.200 255 30 30
27.600 14.400 1.600 255 30 30
27.600 14.400 2.000 255 30 30
27.600 14.400 2.400 255 30 30
27.600 14.800 0.800 75 0 75
27.600 15.200 0.800 75 0 75
27.600 15.600 0.800 75 0 75
27.600 16.000 0.800 255 0 255
27.600 16.400 0.800 255 0 255
27.600 16.800 0.800 255 0 255
27.600 17.200 0.800 255 0 255
27.600 17.600 0.800 255 0 255
27.600 18.000 0.800 255 0 255
27.600 18.400 0.800 255 0 255
27.600 18.800 0.800 255 0 255
27.600 19.200 0.800 255 0 255
27.600 19.600 0.800 255 0 255
27.600 20.000 0.800 255 0 255
27.600 20.400 0.800 255 0 255
27.600 20.800 0.800 255 0 255
27.600 21.200 0.800 255 0 255
27.600 21.600 0.800 255 0 255
27.600 22.000 0.800 255 0 255
27.600 22.400 0.800 255 0 255
27.600 22.800 0.800 255 0 255
27.600 23.200 0.800 255 0 255
27.600 23.600 0.800 150 240 80
27.600 24.400 1.200 150 240 80
27.600 24.800 1.200 150 240 80
27.600 25.200 1.200 150 240 80
27.600 25.600 1.200 150 240 80
27.600 26.000 1.200 150 240 80
27.600 26.400 1.200 150 240 80
27.600 26.800 1.200 150 240 80
27.600 28.400 0.800 75 0 75
27.600 28.800 0.800 75 0 75
27.600 29.200 0.800 75 0 75
27.600 29.600 0.800 75 0 75
27.600 30.000 0.800 75 0 75
27.600 30.400 0.800 75 0 75
27.600 33.200 0.400 175 0 75
27.600 34.400 0.400 175 0 75
27.600 34.800 0.400 175 0 75
27.600 35.200 0.400 175 0 75
27.600 36.800 0.400 175 0 75
27.600 37.200 0.400 175 0 75
27.600 37.600 0.400 75 0 75
27.600 38.000 0.400 75 0 75
27.600 38.000 0.800 75 0 75
27.600 38.400 0.400 75 0 75
27.600 38.400 0.800 75 0 75
27.600 38.800 0.800 75 0 75
27.600 39.200 0.800 75 0 75
27.600 39.600 0.800 75 0 75
27.600 40.000 0.800 75 0 75
27.600 40.400 0.800 75 0 75
27.600 40.800 0.800 75 0 75
27.600 41.200 0.800 150 240 80
27.600 41.600 0.800 150 240 80
27.600 41.600 1.200 255 240 150
27.600 41.600 1.600 255 240 150
27.600 41.600 2.000 255 240 150
27.600 41.600 2.400 255 240 150
27.600 41.600 2.800 255 0 0
27.600 41.600 3.200 255 0 0
27.600 42.000 0.800 150 240 80
27.600 42.000 1.200 255 240 150
27.600 42.000 1.600 255 240 150
27.600 42.000 2.000 255 240 150
27.600 42.000 2.400 255 240 150
27.600 42.000 2.800 255 0 0
27.600 42.400 0.800 150 240 80
27.600 47.600 0.800 150 240 80
28.000 0.000 1.600 75 0 75
28.000 0.800 1.600 75 0 75
28.000 1.200 1.600 75 0 75
28.000 2.800 1.600 0 175 0
28.000 2.800 2.000 0 175 0
28.000 3.200 2.000 0 175 0
28.000 4.000 2.000 0 175 0
28.000 4.400 1.600 0 175 0
28.000 4.400 2.000 0 175 0
28.000 4.800 1.600 150 240 80
28.000 9.200 2.400 0 175 0
28.000 9.600 1.200 0 175 0
28.000 9.600 1.600 0 175 0
28.000 9.600 2.000 0 175 0
28.000 9.600 2.400 0 175 0
28.000 10.000 1.200 0 175 0
28.000 10.000 1.600 0 175 0
28.000 10.000 2.000 0 175 0
28.000 10.000 2.400 0 175 0
28.000 10.400 1.200 0 175 0
28.000 10.400 1.600 0 175 0
28.000 10.400 2.000 0 175 0
28.000 10.400 2.400 0 175 0
28.000 10.800 1.200 150 240 80
28.000 10.800 2.000 0 175 0
28.000 13.200 0.800 75 0 75
28.000 13.600 0.800 75 0 75
28.000 14.000 0.800 75 0 75
28.000 14.000 2.000 255 30 30
28.000 14.000 2.400 255 30 30
28.000 14.400 0.800 75 0 75
28.000 14.400 1.600 255 30 30
28.000 14.400 2.000 255 30 30
28.000 14.800 0.800 75 0 75
28.000 15.200 0.800 75 0 75
28.000 15.600 0.800 255 0 255
28.000 16.000 0.800 255 0 255
28.000 16.400 0.800 255 0 255
28.000 16.800 0.800 255 0 255
28.000 17.200 0.800 255 0 255
28.000 17.600 0.800 255 0 255
28.000 18.000 0.800 255 0 255
28.000 18.400 0.800 255 0 255
28.000 18.800 0.800 255 0 255
28.000 19.200 0.800 255 0 255
28.000 19.600 0.800 255 0 255
28.000 20.000 0.800 255 0 255
28.000 20.400 0.800 255 0 255
28.000 20.800 0.800 255 0 255
28.000 21.200 0.800 255 0 255
28.000 21.600 0.800 255 0 255
28.000 22.000 0.800 255 0 255
28.000 22.400 0.800 255 0 255
28.000 22.800 0.800 255 0 255
28.000 23.200 0.800 150 240 80
28.000 23.600 0.800 150 240 80
28.000 24.000 1.200 150 240 80
28.000 24.400 1.200 150 240 80
28.000 24.800 1.200 150 240 80
28.000 24.800 1.600 150 240 80
28.000 25.200 1.200 150 240 80
28.000 25.600 1.200 150 240 80
28.000 26.000 1.200 150 240 80
28.000 26.400 1.200 150 240 80
28.000 26.800 1.200 150 240 80
28.000 28.400 0.800 75 0 75
28.000 29.200 0.800 75 0 75
28.000 29.600 0.800 75 0 75
28.000 30.000 0.800 75 0 75
28.000 32.800 0.400 175 0 75
28.000 33.600 0.400 175 0 75
28.000 34.000 0.400 175 0 75
28.000 34.400 0.400 175 0 75
28.000 34.800 0.400 175 0 75
28.000 36.000 0.400 175 0 75
28.000 36.400 0.400 175 0 75
28.000 36.800 0.400 175 0 75
28.000 37.200 0.400 75 0 75
28.000 37.600 0.400 75 0 75
28.000 37.600 0.800 75 0 75
28.000 38.000 0.800 75 0 75
28.000 38.400 0.800 75 0 75
28.000 38.800 0.800 75 0 75
28.000 39.200 0.800 75 0 75
28.000 39.600 0.800 75 0 75
28.000 40.000 0.800 75 0 75
28.000 40.400 0.800 75 0 75
28.000 40.800 0.800 75 0 75
28.000 41.200 0.800 150 240 80
28.000 41.600 0.800 150 240 80
28.000 42.000 0.800 150 240 80
28.000 42.400 0.800 150 240 80
28.000 47.200 0.800 150 240 80
28.400 0.000 2.400 0 175 0
28.400 0.400 1.600 75 0 75
28.400 0.400 2.000 0 175 0
28.400 0.400 2.400 0 175 0
28.400 1.200 1.600 75 0 75
28.400 3.200 1.600 0 175 0
28.400 3.200 2.000 0 175 0
28.400 3.600 1.600 0 175 0
28.400 3.600 2.000 0 175 0
28.400 4.400 2.000 0 175 0
28.400 4.800 1.600 0 175 0
28.400 4.800 2.000 0 175 0
28.400 5.200 2.000 0 175 0
28.400 6.800 1.200 0 175 0
28.400 8.800 1.200 150 240 80
28.400 9.600 1.200 0 175 0
28.400 9.600 1.600 0 175 0
28.400 9.600 2.000 0 175 0
28.400 10.000 1.200 0 175 0
28.400 10.000 2.000 0 175 0
28.400 10.400 1.200 0 175 0
28.400 10.400 1.600 0 175 0
28.400 10.400 2.000 0 175 0
28.400 10.800 1.200 0 175 0
28.400 10.800 1.600 0 175 0
28.400 10.800 2.000 0 175 0
28.400 10.800 2.400 0 175 0
28.400 11.200 1.200 150 240 80
28.400 11.200 1.600 0 175 0
28.400 11.200 2.000 0 175 0
28.400 11.200 2.400 0 175 0
28.400 11.600 0.800 150 240 80
28.400 12.000 0.800 75 0 75
28.400 12.400 0.800 75 0 75
28.400 12.800 0.800 75 0 75
28.400 13.200 0.800 75 0 75
28.400 13.600 0.800 75 0 75
28.400 13.600 2.000 255 30 30
28.400 13.600 2.400 255 30 30
28.400 14.000 0.800 75 0 75
28.400 14.000 2.400 255 30 30
28.400 14.400 0.800 75 0 75
28.400 14.800 0.800 75 0 75
28.400 15.200 0.800 255 0 255
28.400 15.600 0.800 255 0 255
28.400 16.000 0.800 255 0 255
28.400 16.400 0.800 255 0 255
28.400 16.800 0.800 255 0 255
28.400 17.200 0.800 255 0 255
28.400 17.600 0.800 255 0 255
28.400 18.000 0.800 255 0 255
28.400 18.400 0.800 255 0 255
28.400 18.800 0.800 255 0 255
28.400 19.200 0.800 255 0 255
28.400 19.600 0.800 255 0 255
28.400 20.000 0.800 255 0 255
28.400 20.400 0.800 255 0 255
28.400 20.800 0.800 255 0 255
28.400 21.200 0.800 255 0 255
28.400 21.600 0.800 255 0 255
28.400 22.000 0.800 255 0 255
28.400 22.400 0.800 255 0 255
28.400 22.800 0.800 255 0 255
28.400 23.200 0.800 150 240 80
28.400 23.600 1.200 150 240 80
28.400 24.000 1.200 150 240 80
28.400 24.400 1.200 150 240 80
28.400 24.800 1.200 150 240 80
28.400 25.200 1.200 150 240 80
28.400 25.600 1.200 150 240 80
28.400 26.000 1.200 150 240 80
28.400 26.400 1.200 150 240 80
28.400 27.600 0.800 75 0 75
28.400 28.400 0.800 75 0 75
28.400 29.200 0.800 75 0 75
28.400 29.600 0.800 75 0 75
28.400 32.800 0.400 175 0 75
28.400 33.600 0.400 175 0 75
28.400 34.000 0.400 175 0 75
28.400 34.400 0.400 175 0 75
28.400 36.000 0.400 175 0 75
28.400 36.400 0.400 175 0 75
28.400 36.800 0.400 175 0 75
28.400 37.200 0.400 75 0 75
28.400 37.200 0.800 75 0 75
28.400 37.600 0.400 75 0 75
28.400 37.600 0.800 75 0 75
28.400 38.000 0.800 75 0 75
28.400 38.400 0.800 75 0 75
28.400 38.800 0.800 75 0 75
28.400 39.200 0.800 75 0 75
28.400 39.600 0.800 75 0 75
28.400 40.000 0.800 75 0 75
28.400 40.400 0.800 75 0 75
28.400 40.800 0.800 150 240 80
28.400 41.200 0.800 150 240 80
28.400 41.600 0.800 150 240 80
28.400 42.000 0.800 150 240 80
28.800 0.000 2.400 0 175 0
28.800 0.400 2.400 0 175 0
28.800 0.800 2.400 0 175 0
28.800 1.200 1.600 0 175 0
28.800 1.200 2.000 0 175 0
28.800 4.000 1.600 0 175 0
28.800 4.000 2.000 0 175 0
28.800 4.400 1.600 0 175 0
28.800 4.400 2.000 0 175 0
28.800 4.400 2.400 0 175 0
28.800 4.800 1.600 0 175 0
28.800 4.800 2.000 0 175 0
28.800 7.200 1.200 150 240 80
28.800 7.600 1.200 0 175 0
28.800 8.000 1.200 0 175 0
28.800 8.400 1.200 0 175 0
28.800 8.800 1.200 150 240 80
28.800 9.600 1.200 150 240 80
28.800 10.800 1.200 0 175 0
28.800 10.800 1.600 0 175 0
28.800 10.800 2.000 0 175 0
28.800 11.200 1.200 0 175 0
28.800 11.200 1.600 0 175 0
28.800 11.200 2.000 0 175 0
28.800 11.200 2.400 0 175 0
28.800 12.000 0.800 75 0 75
28.800 12.800 0.800 75 0 75
28.800 13.200 0.800 75 0 75
28.800 13.600 0.800 75 0 75
28.800 13.600 2.000 255 30 30
28.800 13.600 2.400 255 30 30
28.800 14.000 0.800 75 0 75
28.800 14.400 0.800 75 0 75
28.800 14.800 0.800 75 0 75
28.800 15.200 0.800 255 0 255
28.800 15.600 0.800 255 0 255
28.800 16.000 0.800 255 0 255
28.800 16.400 0.800 255 0 255
28.800 16.800 0.800 255 0 255
28.800 17.200 0.800 255 0 255
28.800 17.600 0.800 255 0 255
28.800 18.000 0.800 255 0 255
28.800 18.400 0.800 255 0 255
28.800 18.800 0.800 255 0 255
28.800 19.200 0.800 255 0 255
28.800 19.600 0.800 255 0 255
28.800 20.000 0.800 255 0 255
28.800 20.400 0.800 255 0 255
28.800 20.800 0.800 255 0 255
28.800 21.200 0.800 255 0 255
28.800 21.600 0.800 255 0 255
28.800 22.000 0.800 255 0 255
28.800 22.400 0.800 255 0 255
28.800 22.800 0.800 150 240 80
28.800 23.200 0.800 150 240 80
28.800 23.200 1.200 150 240 80
28.800 23.600 1.200 150 240 80
28.800 24.000 1.200 150 240 80
28.800 24.400 1.200 150 240 80
28.800 24.800 1.200 150 240 80
28.800 25.200 1.200 150 240 80
28.800 25.600 1.200 150 240 80
28.800 26.000 1.200 150 240 80
28.800 26.400 1.200 150 240 80
28.800 28.400 0.800 75 0 75
28.800 28.800 0.800 75 0 75
28.800 29.200 0.800 75 0 75
28.800 32.400 0.400 175 0 75
28.800 33.200 0.400 175 0 75
28.800 33.600 0.400 175 0 75
28.800 34.000 0.400 175 0 75
28.800 34.400 0.400 175 0 75
28.800 35.600 0.400 175 0 75
28.800 36.000 0.400 175 0 75
28.800 36.400 0.400 175 0 75
28.800 36.800 0.400 75 0 75
28.800 37.200 0.400 75 0 75
28.800 37.200 0.800 75 0 75
28.800 37.600 0.800 75 0 75
28.800 38.000 0.800 75 0 75
28.800 38.400 0.800 75 0 75
28.800 38.800 0.800 75 0 75
28.800 39.200 0.800 75 0 75
28.800 39.600 0.800 75 0 75
28.800 40.000 0.800 75 0 75
28.800 40.400 0.800 150 240 80
28.800 40.800 0.800 150 240 80
28.800 41.200 0.800 150 240 80
28.800 41.600 0.800 150 240 80
28.800 41.600 1.200 150 240 80
28.800 42.000 0.800 150 240 80
29.200 0.000 2.000 0 175 0
29.200 0.000 2.400 0 175 0
29.200 0.400 2.400 0 175 0
29.200 0.800 2.400 0 175 0
29.200 1.200 2.400 0 175 0
29.200 1.600 1.600 0 175 0
29.200 1.600 2.000 0 175 0
29.200 1.600 2.400 0 175 0
29.200 2.000 2.000 0 175 0
29.200 6.400 1.200 150 240 80
29.200 7.200 1.200 150 240 80
29.200 7.600 1.200 150 240 80
29.200 8.000 1.200 150 240 80
29.200 8.400 1.200 150 240 80
29.200 8.800 1.200 150 240 80
29.200 10.400 2.000 0 175 0
29.200 10.800 1.200 0 175 0
29.200 10.800 1.600 0 175 0
29.200 10.800 2.000 0 175 0
29.200 11.200 1.600 0 175 0
29.200 11.200 2.000 0 175 0
29.200 12.000 0.800 75 0 75
29.200 12.400 0.800 75 0 75
29.200 12.800 0.800 75 0 75
29.200 12.800 2.000 255 30 30
29.200 13.200 0.800 75 0 75
29.200 13.200 2.000 255 30 30
29.200 13.200 2.400 255 30 30
29.200 13.600 0.800 75 0 75
29.200 13.600 2.000 255 30 30
29.200 14.000 0.800 75 0 75
29.200 14.400 0.800 75 0 75
29.200 14.800 0.800 255 0 255
29.200 15.200 0.800 255 0 255
29.200 15.600 0.800 255 0 255
29.200 16.000 0.800 255 0 255
29.200 16.400 0.800 255 0 255
29.200 16.800 0.800 255 0 255
29.200 17.200 0.800 255 0 255
29.200 17.600 0.800 255 0 255
29.200 18.000 0.800 255 0 255
29.200 18.400 0.800 255 0 255
29.200 18.800 0.800 255 0 255
29.200 19.200 0.800 255 0 255
29.200 19.600 0.800 255 0 255
29.200 20.000 0.800 255 0 255
29.200 20.400 0.800 255 0 255
29.200 20.800 0.800 255 0 255
29.200 21.200 0.800 255 0 255
29.200 21.600 0.800 255 0 255
29.200 22.000 0.800 255 0 255
29.200 22.400 0.800 255 0 255
29.200 22.800 0.800 150 240 80
29.200 23.200 1.200 150 240 80
29.200 23.600 1.200 150 240 80
29.200 24.000 1.200 150 240 80
29.200 24.400 1.200 150 240 80
29.200 24.800 1.200 150 240 80
29.200 25.200 1.200 150 240 80
29.200 25.600 1.200 150 240 80
29.200 26.000 1.200 150 240 80
29.200 26.400 1.200 150 240 80
29.200 32.000 0.400 175 0 75
29.200 32.800 0.400 175 0 75
29.200 33.200 0.400 175 0 75
29.200 33.600 0.400 175 0 75
29.200 34.000 0.400 175 0 75
29.200 35.200 0.400 175 0 75
29.200 35.600 0.400 175 0 75
29.200 36.000 0.400 175 0 75
29.200 36.400 0.400 175 0 75
29.200 36.800 0.400 75 0 75
29.200 36.800 0.800 75 0 75
29.200 37.200 0.800 75 0 75
29.200 37.600 0.800 75 0 75
29.200 38.000 0.800 75 0 75
29.200 38.400 0.800 75 0 75
29.200 38.800 0.800 75 0 75
29.200 39.200 0.800 75 0 75
29.200 39.600 0.800 75 0 75
29.200 40.000 0.800 75 0 75
29.200 40.400 0.800 150 240 80
29.200 40.800 0.800 150 240 80
29.200 41.200 0.800 150 240 80
29.200 41.200 1.200 150 240 80
29.200 41.600 0.800 150 240 80
29.200 46.800 0.800 150 240 80
29.200 47.200 0.800 150 240 80
29.600 0.000 1.600 0 175 0
29.600 0.400 1.600 0 175 0
29.600 0.400 2.000 0 175 0
29.600 0.800 1.600 0 175 0
29.600 0.800 2.000 0 175 0
29.600 0.800 2.400 0 175 0
29.600 1.200 2.000 0 175 0
29.600 1.200 2.400 0 175 0
29.600 1.600 2.400 0 175 0
29.600 2.000 2.400 0 175 0
29.600 2.400 1.600 0 175 0
29.600 2.400 2.000 0 175 0
29.600 2.400 2.400 0 175 0
29.600 2.800 1.600 0 175 0
29.600 2.800 2.000 0 175 0
29.600 6.800 1.200 150 240 80
29.600 7.200 1.200 150 240 80
29.600 7.600 1.200 150 240 80
29.600 8.000 1.200 150 240 80
29.600 8.400 1.200 150 240 80
29.600 9.200 1.200 0 175 0
29.600 10.400 1.200 0 175 0
29.600 10.400 1.600 0 175 0
29.600 10.400 2.000 0 175 0
29.600 10.800 1.200 0 175 0
29.600 10.800 1.600 0 175 0
29.600 10.800 2.000 0 175 0
29.600 12.400 0.800 75 0 75
29.600 12.800 0.800 75 0 75
29.600 12.800 1.600 255 30 30
29.600 12.800 2.000 255 30 30
29.600 12.800 2.400 255 30 30
29.600 13.200 0.800 75 0 75
29.600 13.200 1.600 255 30 30
29.600 13.200 2.000 255 30 30
29.600 13.600 0.800 75 0 75
29.600 14.000 0.800 75 0 75
29.600 14.400 0.800 255 0 255
29.600 14.800 0.800 255 0 255
29.600 15.200 0.800 255 0 255
29.600 15.600 0.800 255 0 255
29.600 16.000 0.800 255 0 255
29.600 16.400 0.800 255 0 255
29.600 16.800 0.800 255 0 255
29.600 17.200 0.800 255 0 255
29.600 17.600 0.800 255 0 255
29.600 18.000 0.800 255 0 255
29.600 18.400 0.800 255 0 255
29.600 18.800 0.800 255 0 255
29.600 19.200 0.800 255 0 255
29.600 19.600 0.800 255 0 255
29.600 20.000 0.800 255 0 255
29.600 20.400 0.800 255 0 255
29.600 20.800 0.800 255 0 255
29.600 21.200 0.800 255 0 255
29.600 21.600 0.800 255 0 255
29.600 22.000 0.800 255 0 255
29.600 22.400 0.800 255 0 255
29.600 22.800 0.800 150 240 80
29.600 22.800 1.200 150 240 80
29.600 23.200 1.200 150 240 80
29.600 23.600 1.200 150 240 80
29.600 24.000 1.200 150 240 80
29.600 24.400 1.200 150 240 80
29.600 24.800 1.200 150 240 80
29.600 25.200 1.200 150 240 80
29.600 25.600 1.200 150 240 80
29.600 28.800 0.800 75 0 75
29.600 32.000 0.400 175 0 75
29.600 32.800 0.400 175 0 75
29.600 33.200 0.400 175 0 75
29.600 33.600 0.400 175 0 75
29.600 35.200 0.400 175 0 75
29.600 35.600 0.400 175 0 75
29.600 36.400 0.400 75 0 75
29.600 36.400 0.800 75 0 75
29.600 36.800 0.800 75 0 75
29.600 37.200 0.800 75 0 75
29.600 37.600 0.800 75 0 75
29.600 38.000 0.800 75 0 75
29.600 38.400 0.800 75 0 75
29.600 38.800 0.800 75 0 75
29.600 39.200 0.800 75 0 75
29.600 39.600 0.800 75 0 75
29.600 40.000 0.800 150 240 80
29.600 40.400 0.800 150 240 80
29.600 40.800 0.800 150 240 80
29.600 41.200 0.800 150 240 80
29.600 44.800 0.800 150 240 80
30.000 1.200 1.600 0 175 0
30.000 1.200 2.000 0 175 0
30.000 1.200 2.400 0 175 0
30.000 1.600 1.600 0 175 0
30.000 1.600 2.000 0 175 0
30.000 1.600 2.400 0 175 0
30.000 2.000 1.600 0 175 0
30.000 2.000 2.000 0 175 0
30.000 2.000 2.400 0 175 0
30.000 2.400 1.600 0 175 0
30.000 2.400 2.000 0 175 0
30.000 2.400 2.400 0 175 0
30.000 2.800 1.600 0 175 0
30.000 2.800 2.000 0 175 0
30.000 7.200 1.200 150 240 80
30.000 7.600 1.200 150 240 80
30.000 8.000 1.200 150 240 80
30.000 8.400 1.200 150 240 80
30.000 8.800 1.200 150 240 80
30.000 9.600 1.200 0 175 0
30.000 10.000 1.200 0 175 0
30.000 10.000 2.000 0 175 0
30.000 10.400 1.200 0 175 0
30.000 10.400 1.600 0 175 0
30.000 10.400 2.000 0 175 0
30.000 10.800 1.200 150 240 80
30.000 11.600 0.800 75 0 75
30.000 12.000 0.800 75 0 75
30.000 12.400 0.800 75 0 75
30.000 12.800 0.800 75 0 75
30.000 12.800 2.400 255 30 30
30.000 13.200 0.800 75 0 75
30.000 13.600 0.800 75 0 75
30.000 14.000 0.800 75 0 75
30.000 14.400 0.800 255 0 255
30.000 14.800 0.800 255 0 255
30.000 15.200 0.800 255 0 255
30.000 15.600 0.800 255 0 255
30.000 16.000 0.800 255 0 255
30.000 16.400 0.800 255 0 255
30.000 16.800 0.800 255 0 255
30.000 17.200 0.800 255 0 255
30.000 17.600 0.800 255 0 255
30.000 18.000 0.800 255 0 255
30.000 18.400 0.800 255 0 255
30.000 18.800 0.800 255 0 255
30.000 19.200 0.800 255 0 255
30.000 19.600 0.800 255 0 255
30.000 20.000 0.800 255 0 255
30.000 20.400 0.800 255 0 255
30.000 20.800 0.800 255 0 255
30.000 21.200 0.800 255 0 255
30.000 21.600 0.800 255 0 255
30.000 22.000 0.800 255 0 255
30.000 22.400 0.800 150 240 80
30.000 22.800 1.200 150 240 80
30.000 23.200 1.200 150 240 80
30.000 23.600 1.200 150 240 80
30.000 24.000 1.200 150 240 80
30.000 24.400 1.200 150 240 80
30.000 24.800 1.200 150 240 80
30.000 25.200 1.200 150 240 80
30.000 25.600 1.200 150 240 80
30.000 32.400 0.400 175 0 75
30.000 32.800 0.400 175 0 75
30.000 33.200 0.400 175 0 75
30.000 33.600 0.400 175 0 75
30.000 34.800 0.400 175 0 75
30.000 35.200 0.400 175 0 75
30.000 35.600 0.400 175 0 75
30.000 36.000 0.400 75 0 75
30.000 36.400 0.400 75 0 75
30.000 36.400 0.800 75 0 75
30.000 36.800 0.800 75 0 75
30.000 37.200 0.800 75 0 75
30.000 37.600 0.800 75 0 75
30.000 38.000 0.800 75 0 75
30.000 38.400 0.800 75 0 75
30.000 38.800 0.800 75 0 75
30.000 39.200 0.800 75 0 75
30.000 39.600 0.800 150 240 80
30.000 40.000 0.800 150 240 80
30.000 40.400 0.800 150 240 80
30.000 40.800 0.800 150 240 80
30.000 44.800 0.800 150 240 80
30.400 2.000 1.600 0 175 0
30.400 2.000 2.000 0 175 0
30.400 2.000 2.400 0 175 0
30.400 2.400 1.600 0 175 0
30.400 2.400 2.000 0 175 0
30.400 2.400 2.400 0 175 0
30.400 2.800 1.600 0 175 0
30.400 7.200 1.200 75 0 75
30.400 7.600 1.200 75 0 75
30.400 8.000 1.200 150 240 80
30.400 8.400 1.200 150 240 80
30.400 8.800 1.200 150 240 80
30.400 9.200 1.200 0 175 0
30.400 9.200 2.000 0 175 0
30.400 9.600 1.200 0 175 0
30.400 9.600 1.600 0 175 0
30.400 9.600 2.000 0 175 0
30.400 10.000 1.200 0 175 0
30.400 10.000 1.600 0 175 0
30.400 10.000 2.000 0 175 0
30.400 10.400 1.200 150 240 80
30.400 10.400 1.600 0 175 0
30.400 10.400 2.000 0 175 0
30.400 11.600 0.800 75 0 75
30.400 12.400 0.800 75 0 75
30.400 12.800 0.800 75 0 75
30.400 13.200 0.800 75 0 75
30.400 13.600 0.800 75 0 75
30.400 14.000 0.800 255 0 255
30.400 14.400 0.800 255 0 255
30.400 14.800 0.800 255 0 255
30.400 15.200 0.800 255 0 255
30.400 15.600 0.800 255 0 255
30.400 16.000 0.800 255 0 255
30.400 16.400 0.800 255 0 255
30.400 16.800 0.800 255 0 255
30.400 17.200 0.800 255 0 255
30.400 17.600 0.800 255 0 255
30.400 18.000 0.800 255 0 255
30.400 18.400 0.800 255 0 255
30.400 18.800 0.800 255 0 255
30.400 19.200 0.800 255 0 255
30.400 19.600 0.800 255 0 255
30.400 20.000 0.800 255 0 255
30.400 20.400 0.800 255 0 255
30.400 20.800 0.800 255 0 255
30.400 21.200 0.800 255 0 255
30.400 21.600 0.800 255 0 255
30.400 22.000 0.800 150 240 80
30.400 22.400 1.200 150 240 80
30.400 22.800 1.200 150 240 80
30.400 23.200 1.200 150 240 80
30.400 23.600 1.200 150 240 80
30.400 24.000 1.200 150 240 80
30.400 24.400 1.200 150 240 80
30.400 24.800 1.200 150 240 80
30.400 25.200 1.200 150 240 80
30.400 32.000 0.400 175 0 75
30.400 32.400 0.400 175 0 75
30.400 32.800 0.400 175 0 75
30.400 33.200 0.400 175 0 75
30.400 34.400 0.400 175 0 75
30.400 34.800 0.400 175 0 75
30.400 35.200 0.400 175 0 75
30.400 36.000 0.400 75 0 75
30.400 36.000 0.800 75 0 75
30.400 36.400 0.800 75 0 75
30.400 36.800 0.800 75 0 75
30.400 37.200 0.800 75 0 75
30.400 37.600 0.800 75 0 75
30.400 38.000 0.800 75 0 75
30.400 38.400 0.800 75 0 75
30.400 38.800 0.800 75 0 75
30.400 39.200 0.800 150 240 80
30.400 39.600 0.800 150 240 80
30.400 40.000 0.800 150 240 80
30.400 40.400 0.800 150 240 80
30.400 40.800 0.800 150 240 80
30.400 44.000 0.800 150 240 80
30.800 0.400 1.600 150 240 80
30.800 0.400 2.000 0 175 0
30.800 0.800 1.600 0 175 0
30.800 0.800 2.000 0 175 0
30.800 2.400 1.600 0 175 0
30.800 2.800 1.600 0 175 0
30.800 3.200 1.600 0 175 0
30.800 3.200 2.000 0 175 0
30.800 3.200 2.400 0 175 0
30.800 3.600 1.600 0 175 0
30.800 3.600 2.000 0 175 0
30.800 3.600 2.400 0 175 0
30.800 4.000 2.000 0 175 0
30.800 4.000 2.400 0 175 0
30.800 6.000 1.200 75 0 75
30.800 7.200 1.200 75 0 75
30.800 7.600 1.200 75 0 75
30.800 8.000 1.200 75 0 75
30.800 8.400 1.200 75 0 75
30.800 8.800 1.200 150 240 80
30.800 9.200 1.200 0 175 0
30.800 9.200 1.600 0 175 0
30.800 9.200 2.000 0 175 0
30.800 9.600 1.200 0 175 0
30.800 9.600 1.600 0 175 0
30.800 9.600 2.000 0 175 0
30.800 10.000 1.200 0 175 0
30.800 10.000 1.600 0 175 0
30.800 10.000 2.000 0 175 0
30.800 10.400 1.200 75 0 75
30.800 12.400 0.800 75 0 75
30.800 12.800 0.800 75 0 75
30.800 13.200 0.800 75 0 75
30.800 13.600 0.800 255 0 255
30.800 14.000 0.800 255 0 255
30.800 14.400 0.800 255 0 255
30.800 14.800 0.800 255 0 255
30.800 15.200 0.800 255 0 255
30.800 15.600 0.800 255 0 255
30.800 16.000 0.800 255 0 255
30.800 16.400 0.800 255 0 255
30.800 16.800 0.800 255 0 255
30.800 17.200 0.800 255 0 255
30.800 17.600 0.800 255 0 255
30.800 18.000 0.800 255 0 255
30.800 18.400 0.800 255 0 255
30.800 18.800 0.800 255 0 255
30.800 19.200 0.800 255 0 255
30.800 19.600 0.800 255 0 255
30.800 20.000 0.800 255 0 255
30.800 20.400 0.800 255 0 255
30.800 20.800 0.800 255 0 255
30.800 21.200 0.800 255 0 255
30.800 21.600 0.800 255 0 255
30.800 22.000 1.200 150 240 80
30.800 22.400 1.200 150 240 80
30.800 22.800 1.200 150 240 80
30.800 23.200 1.200 150 240 80
30.800 23.600 1.200 150 240 80
30.800 24.000 1.200 150 240 80
30.800 24.400 1.200 150 240 80
30.800 24.800 1.200 150 240 80
30.800 25.200 1.200 150 240 80
30.800 31.600 0.400 175 0 75
30.800 32.000 0.400 175 0 75
30.800 32.400 0.400 175 0 75
30.800 32.800 0.400 175 0 75
30.800 34.000 0.400 175 0 75
30.800 34.400 0.400 175 0 75
30.800 34.800 0.400 175 0 75
30.800 35.200 0.400 175 0 75
30.800 35.600 0.400 75 0 75
30.800 35.600 0.800 75 0 75
30.800 36.000 0.800 75 0 75
30.800 36.400 0.800 75 0 75
30.800 36.800 0.800 75 0 75
30.800 37.200 0.800 75 0 75
30.800 37.600 0.800 75 0 75
30.800 38.000 0.800 75 0 75
30.800 38.400 0.800 75 0 75
30.800 38.800 0.800 75 0 75
30.800 39.200 0.800 150 240 80
30.800 39.600 0.800 150 240 80
30.800 43.600 0.800 150 240 80
31.200 0.400 2.400 0 175 0
31.200 0.800 1.600 150 240 80
31.200 0.800 2.000 0 175 0
31.200 1.200 1.600 0 175 0
31.200 1.200 2.000 0 175 0
31.200 2.000 1.600 150 240 80
31.200 2.400 1.600 150 240 80
31.200 2.800 1.600 0 175 0
31.200 3.200 1.600 0 175 0
31.200 3.200 2.000 0 175 0
31.200 3.200 2.400 0 175 0
31.200 3.600 1.600 0 175 0
31.200 3.600 2.000 0 175 0
31.200 3.600 2.400 0 175 0
31.200 4.000 1.600 0 175 0
31.200 4.000 2.000 0 175 0
31.200 4.000 2.400 0 175 0
31.200 4.400 1.600 0 175 0
31.200 4.400 2.000 0 175 0
31.200 4.400 2.400 0 175 0
31.200 4.400 2.800 0 175 0
31.200 4.800 2.400 0 175 0
31.200 6.800 1.200 75 0 75
31.200 7.200 1.200 75 0 75
31.200 7.600 1.200 75 0 75
31.200 8.000 1.200 75 0 75
31.200 8.400 1.200 75 0 75
31.200 8.800 1.200 75 0 75
31.200 9.200 1.200 75 0 75
31.200 9.600 1.200 150 240 80
31.200 10.000 1.200 75 0 75
31.200 12.800 0.800 75 0 75
31.200 13.200 0.800 255 0 255
31.200 13.600 0.800 255 0 255
31.200 14.000 0.800 255 0 255
31.200 14.400 0.800 255 0 255
31.200 14.800 0.800 255 0 255
31.200 15.200 0.800 255 0 255
31.200 15.600 0.800 255 0 255
31.200 16.000 0.800 255 0 255
31.200 16.400 0.800 255 0 255
31.200 16.800 0.800 255 0 255
31.200 17.200 0.800 255 0 255
31.200 17.600 0.800 255 0 255
31.200 18.000 0.800 255 0 255
31.200 18.400 0.800 255 0 255
31.200 18.800 0.800 255 0 255
31.200 19.200 0.800 255 0 255
31.200 19.600 0.800 255 0 255
31.200 20.000 0.800 255 0 255
31.200 20.400 0.800 255 0 255
31.200 20.800 0.800 255 0 255
31.200 21.200 0.800 255 0 255
31.200 21.600 0.800 150 240 80
31.200 21.600 1.200 150 240 80
31.200 22.000 1.200 150 240 80
31.200 22.400 1.200 150 240 80
31.200 22.800 1.200 150 240 80
31.200 23.200 1.200 150 240 80
31.200 23.600 1.200 150 240 80
31.200 24.000 1.200 150 240 80
31.200 24.400 1.200 150 240 80
31.200 24.800 1.200 150 240 80
31.200 24.800 1.600 255 240 150
31.200 24.800 2.000 255 240 150
31.200 24.800 2.400 255 240 150
31.200 24.800 2.800 255 240 150
31.200 24.800 3.200 255 240 150
31.200 24.800 3.600 255 240 150
31.200 25.200 1.200 255 240 150
31.200 25.200 1.600 255 240 150
31.200 25.200 2.000 255 240 150
31.200 25.200 2.400 255 240 150
31.200 25.200 2.800 255 240 150
31.200 25.200 3.200 255 240 150
31.200 25.200 3.600 255 240 150
31.200 25.200 4.800 255 240 150
31.200 25.600 1.200 75 0 75
31.200 31.600 0.400 175 0 75
31.200 32.000 0.400 175 0 75
31.200 32.400 0.400 175 0 75
31.200 34.000 0.400 175 0 75
31.200 34.400 0.400 175 0 75
31.200 35.200 0.400 75 0 75
31.200 35.200 0.800 75 0 75
31.200 35.600 0.400 75 0 75
31.200 35.600 0.800 75 0 75
31.200 36.000 0.800 75 0 75
31.200 36.400 0.800 75 0 75
31.200 36.800 0.800 75 0 75
31.200 37.200 0.800 75 0 75
31.200 37.600 0.800 75 0 75
31.200 38.000 0.800 75 0 75
31.200 38.400 0.800 75 0 75
31.200 38.800 0.800 150 240 80
31.200 39.200 0.800 150 240 80
31.200 43.200 2.000 255 240 150
31.200 43.600 0.800 150 240 80
31.200 43.600 2.800 255 240 150
31.200 43.600 3.200 255 0 0
31.200 43.600 3.600 255 0 0
31.600 0.000 1.600 150 240 80
31.600 0.400 1.600 150 240 80
31.600 0.400 2.000 0 175 0
31.600 0.400 2.400 0 175 0
31.600 0.800 1.600 150 240 80
31.600 0.800 2.000 0 175 0
31.600 0.800 2.400 0 175 0
31.600 1.200 1.600 0 175 0
31.600 1.200 2.000 0 175 0
31.600 1.600 1.600 150 240 80
31.600 2.400 1.600 150 240 80
31.600 2.800 1.600 150 240 80
31.600 3.200 1.600 150 240 80
31.600 3.600 1.600 0 175 0
31.600 4.000 1.600 0 175 0
31.600 4.000 2.000 0 175 0
31.600 4.000 2.400 0 175 0
31.600 4.400 1.600 0 175 0
31.600 4.400 2.000 0 175 0
31.600 4.400 2.400 0 175 0
31.600 4.400 2.800 0 175 0
31.600 4.800 1.200 0 175 0
31.600 4.800 1.600 0 175 0
31.600 4.800 2.000 0 175 0
31.600 4.800 2.400 0 175 0
31.600 5.200 1.600 0 175 0
31.600 5.200 2.000 0 175 0
31.600 5.200 2.400 0 175 0
31.600 5.600 1.200 75 0 75
31.600 6.400 1.200 75 0 75
31.600 6.800 1.200 75 0 75
31.600 7.200 1.200 75 0 75
31.600 7.600 1.200 75 0 75
31.600 8.000 1.200 75 0 75
31.600 8.400 1.200 75 0 75
31.600 8.800 1.200 75 0 75
31.600 9.200 1.200 75 0 75
31.600 9.600 1.200 75 0 75
31.600 10.000 1.200 75 0 75
31.600 12.000 0.800 75 0 75
31.600 12.800 0.800 75 0 75
31.600 13.200 0.800 255 0 255
31.600 13.600 0.800 255 0 255
31.600 14.000 0.800 255 0 255
31.600 14.400 0.800 255 0 255
31.600 14.800 0.800 255 0 255
31.600 15.200 0.800 255 0 255
31.600 15.600 0.800 255 0 255
31.600 16.000 0.800 255 0 255
31.600 16.400 0.800 255 0 255
31.600 16.800 0.800 255 0 255
31.600 17.200 0.800 255 0 255
31.600 17.600 0.800 255 0 255
31.600 18.000 0.800 255 0 255
31.600 18.400 0.800 255 0 255
31.600 18.800 0.800 255 0 255
31.600 19.200 0.800 255 0 255
31.600 19.600 0.800 255 0 255
31.600 20.000 0.800 255 0 255
31.600 20.400 0.800 255 0 255
31.600 20.800 0.800 255 0 255
31.600 21.200 0.800 150 240 80
31.600 21.200 1.200 150 240 80
31.600 21.600 1.200 150 240 80
31.600 22.000 1.200 150 240 80
31.600 22.400 1.200 150 240 80
31.600 22.800 1.200 150 240 80
31.600 23.200 1.200 150 240 80
31.600 23.600 1.200 150 240 80
31.600 24.000 1.200 150 240 80
31.600 24.400 1.200 150 240 80
31.600 24.800 1.200 75 0 75
31.600 24.800 1.600 255 240 150
31.600 24.800 2.000 255 240 150
31.600 24.800 3.200 255 240 150
31.600 25.200 1.200 75 0 75
31.600 25.200 1.600 255 240 150
31.600 25.200 2.000 255 240 150
31.600 25.200 2.400 255 240 150
31.600 25.200 2.800 255 240 150
31.600 25.200 3.200 255 240 150
31.600 25.200 3.600 255 240 150
31.600 26.000 1.200 75 0 75
31.600 31.200 0.400 175 0 75
31.600 31.600 0.400 175 0 75
31.600 32.000 0.400 175 0 75
31.600 32.400 0.400 175 0 75
31.600 33.600 0.400 175 0 75
31.600 34.000 0.400 175 0 75
31.600 34.400 0.400 175 0 75
31.600 34.800 0.400 75 0 75
31.600 35.200 0.400 75 0 75
31.600 35.200 0.800 75 0 75
31.600 35.600 0.800 75 0 75
31.600 36.000 0.800 75 0 75
31.600 36.400 0.800 75 0 75
31.600 36.800 0.800 75 0 75
31.600 37.200 0.800 75 0 75
31.600 37.600 0.800 75 0 75
31.600 38.000 0.800 75 0 75
31.600 38.400 0.800 150 240 80
31.600 38.800 0.800 150 240 80
31.600 39.200 0.800 150 240 80
31.600 39.600 1.200 150 240 80
31.600 40.000 1.200 150 240 80
31.600 42.800 0.800 150 240 80
31.600 43.200 0.800 150 240 80
31.600 43.600 0.800 255 240 150
31.600 43.600 1.200 255 240 150
31.600 43.600 1.600 255 240 150
31.600 43.600 2.000 255 240 150
31.600 43.600 2.400 255 240 150
31.600 43.600 2.800 255 240 150
31.600 43.600 3.600 255 0 0
31.600 44.000 3.200 255 0 0
31.600 44.000 3.600 255 0 0
31.600 44.400 3.600 255 0 0
32.000 0.400 1.600 0 175 0
32.000 0.400 2.000 0 175 0
32.000 0.800 1.600 0 175 0
32.000 0.800 2.000 0 175 0
32.000 1.200 1.600 150 240 80
32.000 1.200 2.000 0 175 0
32.000 1.600 1.600 150 240 80
32.000 2.400 1.600 150 240 80
32.000 2.800 1.600 150 240 80
32.000 3.200 1.600 150 240 80
32.000 3.600 1.600 150 240 80
32.000 4.000 1.600 150 240 80
32.000 4.800 1.600 0 175 0
32.000 4.800 2.000 0 175 0
32.000 4.800 2.400 0 175 0
32.000 5.200 1.600 0 175 0
32.000 5.200 2.000 0 175 0
32.000 5.200 2.400 0 175 0
32.000 5.600 1.200 0 175 0
32.000 5.600 1.600 0 175 0
32.000 5.600 2.000 0 175 0
32.000 5.600 2.400 0 175 0
32.000 6.000 1.600 0 175 0
32.000 6.000 2.000 0 175 0
32.000 6.000 2.400 0 175 0
32.000 6.400 1.200 75 0 75
32.000 6.800 1.200 75 0 75
32.000 7.200 1.200 75 0 75
32.000 7.600 1.200 75 0 75
32.000 8.000 1.200 75 0 75
32.000 8.400 1.200 75 0 75
32.000 8.800 1.200 75 0 75
32.000 9.200 1.200 75 0 75
32.000 9.600 1.200 75 0 75
32.000 10.000 1.200 75 0 75
32.000 12.400 0.800 75 0 75
32.000 12.400 1.200 75 0 75
32.000 12.800 0.800 255 0 255
32.000 12.800 1.200 100 150 245
32.000 12.800 1.600 100 150 245
32.000 12.800 2.000 100 150 245
32.000 13.200 0.800 255 0 255
32.000 13.200 1.200 100 150 245
32.000 13.200 1.600 100 150 245
32.000 13.200 2.000 100 150 245
32.000 13.600 0.800 255 0 255
32.000 14.000 0.800 255 0 255
32.000 14.400 0.800 255 0 255
32.000 14.800 0.800 255 0 255
32.000 15.200 0.800 255 0 255
32.000 15.600 0.800 255 0 255
32.000 16.000 0.800 255 0 255
32.000 16.400 0.800 255 0 255
32.000 16.800 0.800 255 0 255
32.000 17.200 0.800 255 0 255
32.000 17.600 0.800 255 0 255
32.000 18.000 0.800 255 0 255
32.000 18.400 0.800 255 0 255
32.000 18.800 0.800 255 0 255
32.000 19.200 0.800 255 0 255
32.000 19.600 0.800 255 0 255
32.000 20.000 0.800 255 0 255
32.000 20.400 0.800 255 0 255
32.000 20.800 0.800 255 0 255
32.000 21.200 0.800 150 240 80
32.000 21.200 1.200 150 240 80
32.000 21.600 1.200 150 240 80
32.000 22.000 1.200 150 240 80
32.000 22.400 1.200 150 240 80
32.000 22.800 1.200 150 240 80
32.000 23.200 1.200 150 240 80
32.000 23.600 1.200 150 240 80
32.000 24.000 1.200 150 240 80
32.000 24.400 1.200 150 240 80
32.000 24.800 1.200 75 0 75
32.000 25.200 1.200 75 0 75
32.000 25.600 1.200 75 0 75
32.000 26.000 1.200 75 0 75
32.000 26.400 1.200 75 0 75
32.000 26.800 1.200 75 0 75
32.000 27.200 1.200 75 0 75
32.000 31.200 0.400 175 0 75
32.000 31.600 0.400 175 0 75
32.000 32.000 0.400 175 0 75
32.000 33.200 0.400 175 0 75
32.000 33.600 0.400 175 0 75
32.000 34.000 0.400 175 0 75
32.000 34.400 0.400 75 0 75
32.000 34.800 0.400 75 0 75
32.000 34.800 0.800 75 0 75
32.000 35.200 0.800 75 0 75
32.000 35.600 0.800 75 0 75
32.000 36.000 0.800 75 0 75
32.000 36.400 0.800 75 0 75
32.000 36.800 0.800 75 0 75
32.000 37.200 0.800 75 0 75
32.000 37.600 0.800 75 0 75
32.000 38.000 0.800 75 0 75
32.000 38.400 0.800 150 240 80
32.000 38.800 0.800 150 240 80
32.000 39.200 0.800 150 240 80
32.000 42.800 0.800 150 240 80
32.000 43.200 0.800 150 240 80
32.000 44.400 3.200 255 0 0
32.000 44.400 3.600 255 0 0
32.400 1.200 1.600 150 240 80
32.400 1.600 1.600 150 240 80
32.400 2.400 1.600 150 240 80
32.400 3.200 1.600 150 240 80
32.400 5.600 1.600 0 175 0
32.400 5.600 2.000 0 175 0
32.400 5.600 2.400 0 175 0
32.400 6.000 1.600 0 175 0
32.400 6.000 2.000 0 175 0
32.400 6.000 2.400 0 175 0
32.400 6.400 1.200 0 175 0
32.400 6.400 1.600 0 175 0
32.400 6.400 2.000 0 175 0
32.400 6.400 2.400 0 175 0
32.400 6.400 2.800 0 175 0
32.400 6.800 1.200 75 0 75
32.400 6.800 1.600 0 175 0
32.400 6.800 2.000 0 175 0
32.400 6.800 2.400 0 175 0
32.400 7.200 1.200 75 0 75
32.400 7.600 1.200 75 0 75
32.400 8.000 1.200 75 0 75
32.400 8.400 1.200 75 0 75
32.400 8.800 1.200 75 0 75
32.400 9.200 1.200 75 0 75
32.400 9.600 1.200 75 0 75
32.400 10.000 1.200 75 0 75
32.400 10.400 1.200 75 0 75
32.400 11.200 0.800 75 0 75
32.400 12.400 0.800 255 0 255
32.400 12.800 0.800 255 0 255
32.400 12.800 1.200 255 0 255
32.400 12.800 2.000 100 150 245
32.400 12.800 2.400 100 150 245
32.400 13.200 0.800 255 0 255
32.400 13.200 1.200 255 0 255
32.400 13.200 1.600 100 150 245
32.400 13.200 2.000 100 150 245
32.400 13.200 2.400 100 150 245
32.400 13.600 0.800 255 0 255
32.400 13.600 1.200 100 150 245
32.400 13.600 1.600 100 150 245
32.400 13.600 2.000 100 150 245
32.400 14.000 0.800 255 0 255
32.400 14.400 0.800 255 0 255
32.400 14.800 0.800 255 0 255
32.400 15.200 0.800 255 0 255
32.400 15.600 0.800 255 0 255
32.400 16.000 0.800 255 0 255
32.400 16.400 0.800 255 0 255
32.400 16.800 0.800 255 0 255
32.400 17.200 0.800 255 0 255
32.400 17.600 0.800 255 0 255
32.400 18.000 0.800 255 0 255
32.400 18.400 0.800 255 0 255
32.400 18.800 0.800 255 0 255
32.400 19.200 0.800 255 0 255
32.400 19.600 0.800 255 0 255
32.400 20.000 0.800 255 0 255
32.400 20.400 0.800 255 0 255
32.400 20.800 0.800 255 0 255
32.400 20.800 1.200 150 240 80
32.400 21.200 1.200 150 240 80
32.400 21.600 1.200 150 240 80
32.400 22.000 1.200 150 240 80
32.400 22.400 1.200 150 240 80
32.400 22.800 1.200 150 240 80
32.400 23.200 1.200 150 240 80
32.400 23.600 1.200 150 240 80
32.400 24.000 1.200 150 240 80
32.400 24.400 1.200 75 0 75
32.400 24.800 1.200 75 0 75
32.400 25.200 1.200 75 0 75
32.400 25.600 1.200 75 0 75
32.400 26.000 1.200 75 0 75
32.400 26.400 1.200 75 0 75
32.400 26.800 1.200 75 0 75
32.400 31.200 0.400 175 0 75
32.400 31.600 0.400 175 0 75
32.400 32.800 0.400 175 0 75
32.400 33.200 0.400 175 0 75
32.400 33.600 0.400 175 0 75
32.400 34.400 0.400 75 0 75
32.400 34.400 0.800 75 0 75
32.400 34.800 0.800 75 0 75
32.400 35.200 0.800 75 0 75
32.400 35.600 0.800 75 0 75
32.400 36.000 0.800 75 0 75
32.400 36.400 0.800 75 0 75
32.400 36.800 0.800 75 0 75
32.400 37.200 0.800 75 0 75
32.400 37.600 0.800 75 0 75
32.400 38.000 0.800 150 240 80
32.400 38.400 0.800 150 240 80
32.400 39.200 0.800 150 240 80
32.400 42.400 0.800 150 240 80
32.400 42.800 0.800 150 240 80
32.800 1.200 1.600 150 240 80
32.800 1.600 1.600 150 240 80
32.800 3.200 1.600 150 240 80
32.800 6.000 2.000 0 175 0
32.800 6.400 1.200 0 175 0
32.800 6.400 1.600 0 175 0
32.800 6.400 2.000 0 175 0
32.800 6.400 2.400 0 175 0
32.800 6.800 1.200 0 175 0
32.800 6.800 1.600 0 175 0
32.800 6.800 2.000 0 175 0
32.800 6.800 2.400 0 175 0
32.800 7.200 1.200 0 175 0
32.800 7.200 1.600 0 175 0
32.800 7.200 2.000 0 175 0
32.800 7.200 2.400 0 175 0
32.800 7.600 1.200 75 0 75
32.800 7.600 1.600 0 175 0
32.800 7.600 2.000 0 175 0
32.800 7.600 2.400 0 175 0
32.800 8.000 1.200 75 0 75
32.800 8.400 1.200 75 0 75
32.800 8.800 1.200 75 0 75
32.800 9.200 1.200 75 0 75
32.800 9.600 1.200 75 0 75
32.800 10.000 1.200 75 0 75
32.800 12.000 0.800 75 0 75
32.800 12.400 0.800 255 0 255
32.800 12.400 2.000 100 150 245
32.800 12.400 2.400 100 150 245
32.800 12.800 0.800 255 0 255
32.800 12.800 2.400 100 150 245
32.800 13.200 0.800 255 0 255
32.800 13.200 2.400 100 150 245
32.800 13.200 2.800 100 150 245
32.800 13.600 0.800 255 0 255
32.800 13.600 1.200 255 0 255
32.800 13.600 1.600 100 150 245
32.800 13.600 2.000 100 150 245
32.800 13.600 2.400 100 150 245
32.800 14.000 0.800 255 0 255
32.800 14.000 1.200 100 150 245
32.800 14.000 1.600 100 150 245
32.800 14.000 2.000 100 150 245
32.800 14.400 0.800 255 0 255
32.800 14.800 0.800 255 0 255
32.800 15.200 0.800 255 0 255
32.800 15.600 0.800 255 0 255
32.800 16.000 0.800 255 0 255
32.800 16.400 0.800 255 0 255
32.800 16.800 0.800 255 0 255
32.800 17.200 0.800 255 0 255
32.800 17.600 0.800 255 0 255
32.800 18.000 0.800 255 0 255
32.800 18.400 0.800 255 0 255
32.800 19.600 0.800 255 0 255
32.800 20.400 0.800 150 240 80
32.800 20.400 1.200 150 240 80
32.800 20.800 1.200 150 240 80
32.800 21.200 1.200 150 240 80
32.800 21.600 1.200 150 240 80
32.800 22.000 1.200 150 240 80
32.800 22.400 1.200 150 240 80
32.800 22.800 1.200 150 240 80
32.800 23.200 1.200 150 240 80
32.800 23.600 1.200 150 240 80
32.800 24.000 1.200 75 0 75
32.800 24.400 1.200 75 0 75
32.800 24.800 1.200 75 0 75
32.800 25.200 1.200 75 0 75
32.800 25.600 1.200 75 0 75
32.800 26.000 1.200 75 0 75
32.800 26.400 1.200 75 0 75
32.800 26.800 1.200 75 0 75
32.800 30.800 0.400 175 0 75
32.800 31.200 0.400 175 0 75
32.800 31.600 0.400 175 0 75
32.800 32.800 0.400 175 0 75
32.800 33.200 0.400 175 0 75
32.800 34.000 0.400 75 0 75
32.800 34.000 0.800 75 0 75
32.800 34.400 0.400 75 0 75
32.800 34.400 0.800 75 0 75
32.800 34.800 0.800 75 0 75
32.800 35.200 0.800 75 0 75
32.800 35.600 0.800 75 0 75
32.800 36.000 0.800 75 0 75
32.800 36.400 0.800 75 0 75
32.800 36.800 0.800 75 0 75
32.800 37.200 0.800 75 0 75
32.800 37.600 0.800 150 240 80
32.800 38.000 0.800 150 240 80
32.800 38.400 0.800 150 240 80
32.800 39.200 0.800 150 240 80
32.800 42.000 0.800 150 240 80
32.800 42.400 0.800 150 240 80
32.800 43.200 0.800 150 240 80
32.800 43.600 0.800 255 240 150
32.800 46.000 0.400 150 240 80
33.200 1.200 1.600 150 240 80
33.200 1.600 1.600 150 240 80
33.200 2.000 1.600 150 240 80
33.200 6.800 2.000 0 175 0
33.200 6.800 2.400 0 175 0
33.200 7.200 1.200 0 175 0
33.200 7.200 2.000 0 175 0
33.200 7.200 2.400 0 175 0
33.200 7.600 1.200 0 175 0
33.200 7.600 1.600 0 175 0
33.200 7.600 2.000 0 175 0
33.200 7.600 2.400 0 175 0
33.200 8.000 1.200 75 0 75
33.200 8.000 1.600 0 175 0
33.200 8.000 2.000 0 175 0
33.200 8.000 2.400 0 175 0
33.200 8.400 1.200 75 0 75
33.200 8.800 1.200 75 0 75
33.200 9.200 1.200 75 0 75
33.200 9.600 1.200 75 0 75
33.200 10.000 1.200 75 0 75
33.200 12.000 0.800 255 0 255
33.200 12.000 1.200 255 0 255
33.200 12.400 0.800 255 0 255
33.200 12.400 1.600 100 150 245
33.200 12.400 2.400 100 150 245
33.200 12.800 0.800 255 0 255
33.200 12.800 1.600 100 150 245
33.200 12.800 2.000 100 150 245
33.200 12.800 2.400 100 150 245
33.200 13.200 0.800 255 0 255
33.200 13.200 2.400 100 150 245
33.200 13.600 0.800 255 0 255
33.200 13.600 1.200 255 0 255
33.200 13.600 2.000 100 150 245
33.200 13.600 2.400 100 150 245
33.200 14.000 0.800 255 0 255
33.200 14.000 1.200 100 150 245
33.200 14.000 1.600 100 150 245
33.200 14.000 2.000 100 150 245
33.200 14.400 0.800 255 0 255
33.200 14.800 0.800 255 0 255
33.200 15.200 0.800 255 0 255
33.200 15.600 0.800 255 0 255
33.200 16.000 0.800 255 0 255
33.200 16.400 0.800 255 0 255
33.200 16.800 0.800 255 0 255
33.200 17.600 0.800 255 0 255
33.200 18.000 0.800 255 0 255
33.200 18.400 0.800 255 0 255
33.200 18.800 0.800 255 0 255
33.200 19.200 0.800 255 0 255
33.200 19.600 0.800 255 0 255
33.200 20.000 0.800 255 0 255
33.200 20.000 1.200 150 240 80
33.200 20.000 4.000 0 175 0
33.200 20.400 1.200 150 240 80
33.200 20.800 1.200 150 240 80
33.200 21.200 1.200 150 240 80
33.200 21.600 1.200 150 240 80
33.200 22.000 1.200 150 240 80
33.200 22.400 1.200 150 240 80
33.200 22.800 1.200 150 240 80
33.200 23.200 1.200 150 240 80
33.200 23.600 1.200 75 0 75
33.200 24.000 1.200 75 0 75
33.200 24.400 1.200 75 0 75
33.200 24.800 1.200 75 0 75
33.200 25.200 1.200 75 0 75
33.200 25.600 1.200 75 0 75
33.200 26.000 1.200 75 0 75
33.200 26.400 1.200 75 0 75
33.200 29.200 0.800 175 0 75
33.200 30.400 0.400 175 0 75
33.200 30.800 0.400 175 0 75
33.200 31.200 0.400 175 0 75
33.200 32.400 0.400 175 0 75
33.200 32.800 0.400 175 0 75
33.200 33.600 0.400 175 0 75
33.200 34.000 0.400 75 0 75
33.200 34.000 0.800 75 0 75
33.200 34.800 0.800 75 0 75
33.200 35.200 0.800 75 0 75
33.200 35.600 0.800 75 0 75
33.200 36.000 0.800 75 0 75
33.200 36.400 0.800 75 0 75
33.200 36.800 0.800 75 0 75
33.200 37.200 0.800 150 240 80
33.200 37.600 0.800 150 240 80
33.200 38.000 0.800 150 240 80
33.200 38.400 0.800 150 240 80
33.200 41.200 0.800 150 240 80
33.200 41.600 0.800 150 240 80
33.200 42.000 0.800 150 240 80
33.200 42.400 0.800 150 240 80
33.200 43.600 0.800 150 240 80
33.600 0.000 1.600 150 240 80
33.600 1.200 1.600 150 240 80
33.600 1.600 1.600 150 240 80
33.600 2.000 1.600 150 240 80
33.600 7.200 1.200 0 175 0
33.600 7.200 1.600 0 175 0
33.600 7.200 2.000 0 175 0
33.600 7.200 2.400 0 175 0
33.600 7.600 1.200 0 175 0
33.600 7.600 1.600 0 175 0
33.600 7.600 2.000 0 175 0
33.600 7.600 2.400 0 175 0
33.600 8.000 1.200 150 240 80
33.600 8.000 1.600 0 175 0
33.600 8.000 2.000 0 175 0
33.600 8.000 2.400 0 175 0
33.600 8.400 1.200 75 0 75
33.600 8.800 1.200 75 0 75
33.600 9.200 1.200 75 0 75
33.600 9.600 1.200 75 0 75
33.600 10.000 1.200 75 0 75
33.600 11.600 0.800 255 0 255
33.600 11.600 1.200 100 150 245
33.600 12.000 0.800 255 0 255
33.600 12.000 2.000 100 150 245
33.600 12.000 2.400 100 150 245
33.600 12.400 0.800 255 0 255
33.600 12.400 2.400 100 150 245
33.600 12.800 0.800 255 0 255
33.600 12.800 2.400 100 150 245
33.600 13.200 0.800 255 0 255
33.600 13.200 2.000 100 150 245
33.600 13.200 2.400 100 150 245
33.600 13.600 0.800 255 0 255
33.600 13.600 1.200 100 150 245
33.600 13.600 1.600 100 150 245
33.600 13.600 2.000 100 150 245
33.600 13.600 2.400 100 150 245
33.600 14.000 0.800 255 0 255
33.600 14.400 0.800 255 0 255
33.600 14.800 0.800 255 0 255
33.600 15.200 0.800 255 0 255
33.600 15.600 0.800 255 0 255
33.600 16.000 0.800 255 0 255
33.600 16.400 0.800 255 0 255
33.600 16.800 0.800 255 0 255
33.600 17.200 0.800 255 0 255
33.600 17.600 0.800 255 0 255
33.600 17.600 1.200 255 0 255
33.600 18.000 0.800 255 0 255
33.600 18.400 0.800 255 0 255
33.600 18.800 0.800 255 0 255
33.600 19.200 0.800 255 0 255
33.600 19.200 2.000 0 175 0
33.600 19.200 3.200 0 175 0
33.600 19.600 0.800 255 0 255
33.600 19.600 2.000 0 175 0
33.600 20.000 0.800 150 240 80
33.600 20.000 1.200 150 240 80
33.600 20.000 3.200 0 175 0
33.600 20.400 1.200 150 240 80
33.600 20.400 3.600 0 175 0
33.600 20.800 1.200 150 240 80
33.600 21.200 1.200 150 240 80
33.600 21.600 1.200 150 240 80
33.600 22.000 1.200 150 240 80
33.600 22.400 1.200 150 240 80
33.600 22.800 1.200 150 240 80
33.600 23.200 1.200 75 0 75
33.600 23.600 1.200 75 0 75
33.600 24.000 1.200 75 0 75
33.600 24.400 1.200 75 0 75
33.600 24.800 1.200 75 0 75
33.600 25.200 1.200 75 0 75
33.600 25.600 1.200 75 0 75
33.600 26.000 1.200 75 0 75
33.600 28.800 0.800 175 0 75
33.600 30.400 0.400 175 0 75
33.600 30.800 0.400 175 0 75
33.600 32.000 0.400 175 0 75
33.600 32.400 0.400 175 0 75
33.600 32.800 0.400 175 0 75
33.600 33.600 0.400 75 0 75
33.600 33.600 0.800 75 0 75
33.600 34.000 0.800 75 0 75
33.600 34.800 0.800 75 0 75
33.600 35.200 0.800 75 0 75
33.600 35.600 0.800 75 0 75
33.600 36.000 0.800 75 0 75
33.600 36.400 0.800 75 0 75
33.600 36.800 0.800 75 0 75
33.600 37.200 0.800 150 240 80
33.600 37.600 0.800 150 240 80
33.600 41.200 0.800 150 240 80
33.600 41.600 0.800 150 240 80
33.600 42.000 0.800 150 240 80
33.600 42.400 0.800 150 240 80
33.600 42.400 1.200 255 240 150
33.600 42.400 1.600 255 240 150
33.600 42.400 2.000 255 240 150
33.600 42.400 2.400 255 240 150
33.600 42.400 2.800 255 240 150
33.600 42.400 3.200 255 240 150
33.600 42.400 3.600 255 240 150
33.600 42.400 4.000 255 240 150
33.600 42.400 4.800 255 240 150
33.600 42.800 0.800 150 240 80
33.600 42.800 4.400 255 240 150
33.600 42.800 4.800 255 240 150
34.000 0.400 1.600 150 240 80
34.000 1.200 1.600 150 240 80
34.000 1.600 1.600 150 240 80
34.000 2.000 1.600 150 240 80
34.000 7.200 1.600 0 175 0
34.000 7.200 2.000 0 175 0
34.000 7.600 1.200 0 175 0
34.000 7.600 1.600 0 175 0
34.000 7.600 2.000 0 175 0
34.000 8.000 1.200 75 0 75
34.000 8.400 1.200 75 0 75
34.000 8.800 1.200 75 0 75
34.000 9.200 1.200 75 0 75
34.000 9.600 1.200 75 0 75
34.000 10.000 1.200 75 0 75
34.000 11.600 0.800 255 0 255
34.000 11.600 2.000 100 150 245
34.000 11.600 2.400 100 150 245
34.000 12.000 0.800 255 0 255
34.000 12.000 1.600 100 150 245
34.000 12.000 2.400 100 150 245
34.000 12.400 0.800 255 0 255
34.000 12.400 2.400 100 150 245
34.000 12.800 0.800 255 0 255
34.000 12.800 2.000 100 150 245
34.000 12.800 2.400 100 150 245
34.000 13.200 0.800 255 0 255
34.000 13.200 1.200 255 0 255
34.000 13.200 2.000 100 150 245
34.000 13.200 2.400 100 150 245
34.000 13.600 0.800 255 0 255
34.000 13.600 1.200 100 150 245
34.000 13.600 1.600 100 150 245
34.000 13.600 2.000 100 150 245
34.000 14.000 0.800 255 0 255
34.000 14.400 0.800 255 0 255
34.000 14.800 0.800 255 0 255
34.000 15.200 0.800 255 0 255
34.000 15.600 0.800 255 0 255
34.000 16.000 0.800 255 0 255
34.000 17.200 0.800 255 0 255
34.000 17.600 0.800 255 0 255
34.000 18.000 0.800 255 0 255
34.000 18.400 0.800 255 0 255
34.000 18.800 0.800 255 0 255
34.000 18.800 2.400 0 175 0
34.000 19.200 0.800 255 0 255
34.000 19.200 2.800 0 175 0
34.000 19.600 0.800 255 0 255
34.000 19.600 1.200 150 240 80
34.000 19.600 2.000 0 175 0
34.000 19.600 2.800 0 175 0
34.000 19.600 3.600 0 175 0
34.000 19.600 4.000 0 175 0
34.000 20.000 1.200 150 240 80
34.000 20.000 2.800 0 175 0
34.000 20.000 3.600 0 175 0
34.000 20.400 1.200 150 240 80
34.000 20.800 1.200 150 240 80
34.000 20.800 3.200 0 175 0
34.000 20.800 3.600 0 175 0
34.000 21.200 1.200 150 240 80
34.000 21.200 2.000 0 175 0
34.000 21.200 2.400 0 175 0
34.000 21.200 3.200 0 175 0
34.000 21.600 1.200 150 240 80
34.000 21.600 2.400 0 175 0
34.000 22.000 1.200 150 240 80
34.000 22.000 2.400 0 175 0
34.000 22.400 1.200 150 240 80
34.000 22.800 1.200 150 240 80
34.000 23.200 1.200 75 0 75
34.000 23.600 1.200 75 0 75
34.000 24.000 1.200 75 0 75
34.000 24.400 1.200 75 0 75
34.000 24.800 1.200 75 0 75
34.000 25.200 1.200 75 0 75
34.000 25.600 1.200 75 0 75
34.000 28.800 0.800 175 0 75
34.000 30.000 0.400 175 0 75
34.000 30.400 0.400 175 0 75
34.000 32.000 0.400 175 0 75
34.000 32.400 0.400 175 0 75
34.000 33.200 0.400 75 0 75
34.000 33.200 0.800 75 0 75
34.000 33.600 0.400 75 0 75
34.000 33.600 0.800 75 0 75
34.000 34.400 0.800 75 0 75
34.000 34.800 0.800 75 0 75
34.000 35.200 0.800 75 0 75
34.000 35.600 0.800 75 0 75
34.000 36.000 0.800 75 0 75
34.000 36.400 0.800 75 0 75
34.000 36.800 0.800 150 240 80
34.000 37.200 0.800 150 240 80
34.000 37.200 1.200 150 240 80
34.000 40.800 0.800 150 240 80
34.000 41.200 0.800 150 240 80
34.000 42.000 0.800 150 240 80
34.000 42.400 0.800 255 240 150
34.000 42.400 1.200 255 240 150
34.000 42.400 1.600 255 240 150
34.000 42.400 2.000 255 240 150
34.000 42.400 2.400 255 240 150
34.000 42.400 2.800 255 240 150
34.000 42.400 3.200 255 240 150
34.000 42.400 3.600 255 240 150
34.000 42.400 4.000 255 240 150
34.000 42.400 4.400 255 240 150
34.000 42.800 1.600 255 240 150
34.400 0.000 1.600 150 240 80
34.400 0.400 1.600 150 240 80
34.400 0.400 2.800 0 175 0
34.400 0.800 1.600 150 240 80
34.400 2.000 1.600 150 240 80
34.400 2.400 1.600 0 175 0
34.400 4.000 2.000 0 175 0
34.400 4.000 2.400 0 175 0
34.400 4.000 2.800 0 175 0
34.400 4.000 3.200 0 175 0
34.400 4.000 3.600 0 175 0
34.400 4.000 4.000 0 175 0
34.400 4.400 2.000 0 175 0
34.400 4.400 2.400 0 175 0
34.400 4.400 2.800 0 175 0
34.400 4.400 3.200 0 175 0
34.400 4.400 3.600 0 175 0
34.400 6.800 2.000 0 175 0
34.400 7.200 1.200 0 175 0
34.400 7.200 1.600 0 175 0
34.400 7.200 2.000 0 175 0
34.400 7.600 1.200 150 240 80
34.400 7.600 2.000 0 175 0
34.400 8.000 1.200 75 0 75
34.400 8.400 1.200 75 0 75
34.400 8.800 1.200 75 0 75
34.400 9.200 1.200 75 0 75
34.400 9.600 1.200 75 0 75
34.400 10.000 1.200 75 0 75
34.400 10.800 0.800 255 0 255
34.400 11.200 2.000 100 150 245
34.400 11.600 0.800 255 0 255
34.400 12.000 0.800 255 0 255
34.400 12.000 2.400 100 150 245
34.400 12.400 0.800 255 0 255
34.400 12.400 2.400 100 150 245
34.400 12.800 0.800 255 0 255
34.400 12.800 2.000 100 150 245
34.400 12.800 2.400 100 150 245
34.400 13.200 1.200 100 150 245
34.400 13.200 1.600 100 150 245
34.400 13.200 2.000 100 150 245
34.400 13.600 0.800 255 0 255
34.400 14.000 0.800 255 0 255
34.400 14.400 0.800 255 0 255
34.400 14.800 0.800 255 0 255
34.400 15.200 0.800 255 0 255
34.400 15.600 0.800 255 0 255
34.400 16.000 0.800 255 0 255
34.400 16.400 0.800 255 0 255
34.400 16.800 0.800 255 0 255
34.400 17.200 0.800 255 0 255
34.400 17.600 0.800 255 0 255
34.400 18.000 0.800 255 0 255
34.400 18.400 0.800 255 0 255
34.400 18.800 0.800 255 0 255
34.400 18.800 2.000 0 175 0
34.400 18.800 2.400 0 175 0
34.400 18.800 2.800 0 175 0
34.400 18.800 3.200 0 175 0
34.400 19.200 0.800 255 0 255
34.400 19.200 1.200 150 240 80
34.400 19.200 2.000 0 175 0
34.400 19.200 2.800 0 175 0
34.400 19.200 4.800 0 175 0
34.400 19.600 1.200 150 240 80
34.400 19.600 1.600 0 175 0
34.400 19.600 2.000 0 175 0
34.400 19.600 2.400 0 175 0
34.400 19.600 2.800 0 175 0
34.400 19.600 3.200 0 175 0
34.400 19.600 3.600 0 175 0
34.400 19.600 4.000 0 175 0
34.400 20.000 1.200 150 240 80
34.400 20.000 1.600 0 175 0
34.400 20.000 2.400 0 175 0
34.400 20.000 2.800 0 175 0
34.400 20.000 3.200 0 175 0
34.400 20.400 1.200 150 240 80
34.400 20.400 2.800 0 175 0
34.400 20.400 3.200 0 175 0
34.400 20.800 1.200 150 240 80
34.400 20.800 2.400 0 175 0
34.400 20.800 2.800 0 175 0
34.400 20.800 3.200 0 175 0
34.400 21.200 1.200 150 240 80
34.400 21.200 2.000 0 175 0
34.400 21.200 2.400 0 175 0
34.400 21.200 2.800 0 175 0
34.400 21.200 3.200 0 175 0
34.400 21.600 1.200 150 240 80
34.400 21.600 2.000 0 175 0
34.400 21.600 2.400 0 175 0
34.400 21.600 2.800 0 175 0
34.400 21.600 3.200 0 175 0
34.400 22.000 1.200 150 240 80
34.400 22.000 2.400 0 175 0
34.400 22.000 2.800 0 175 0
34.400 22.000 3.200 0 175 0
34.400 22.400 1.200 150 240 80
34.400 22.400 3.200 0 175 0
34.400 22.800 1.200 75 0 75
34.400 23.200 1.200 75 0 75
34.400 23.600 1.200 75 0 75
34.400 24.000 1.200 75 0 75
34.400 24.400 1.200 75 0 75
34.400 24.800 1.200 75 0 75
34.400 25.200 1.200 75 0 75
34.400 25.600 1.200 75 0 75
34.400 28.400 0.800 175 0 75
34.400 30.000 0.400 175 0 75
34.400 30.400 0.400 175 0 75
34.400 31.600 0.400 175 0 75
34.400 32.000 0.400 175 0 75
34.400 33.200 0.400 75 0 75
34.400 33.200 0.800 75 0 75
34.400 33.600 0.800 75 0 75
34.400 34.000 0.800 75 0 75
34.400 34.400 0.800 75 0 75
34.400 34.800 0.800 75 0 75
34.400 35.200 0.800 75 0 75
34.400 35.600 0.800 75 0 75
34.400 36.000 0.800 75 0 75
34.400 36.400 0.800 150 240 80
34.400 36.800 0.800 150 240 80
34.400 37.200 1.200 150 240 80
34.400 38.000 1.200 150 240 80
34.400 40.800 0.800 150 240 80
34.400 41.200 0.800 150 240 80
34.400 41.600 0.800 150 240 80
34.400 42.000 0.800 150 240 80
34.400 42.400 0.800 150 240 80
34.400 42.800 0.800 150 240 80
34.400 43.200 0.800 150 240 80
34.800 0.000 1.600 150 240 80
34.800 0.000 2.400 0 175 0
34.800 0.000 2.800 0 175 0
34.800 0.000 3.200 0 175 0
34.800 0.400 1.600 150 240 80
34.800 0.400 2.400 0 175 0
34.800 0.400 2.800 0 175 0
34.800 0.400 3.200 0 175 0
34.800 0.800 1.600 150 240 80
34.800 0.800 2.400 0 175 0
34.800 2.000 1.600 150 240 80
34.800 2.400 1.600 0 175 0
34.800 3.200 2.400 0 175 0
34.800 3.200 2.800 0 175 0
34.800 3.200 3.200 0 175 0
34.800 3.200 3.600 0 175 0
34.800 3.200 4.000 0 175 0
34.800 3.600 2.400 0 175 0
34.800 3.600 2.800 0 175 0
34.800 3.600 3.200 0 175 0
34.800 3.600 3.600 0 175 0
34.800 4.000 2.400 0 175 0
34.800 4.000 2.800 0 175 0
34.800 4.000 3.200 0 175 0
34.800 4.000 3.600 0 175 0
34.800 4.400 2.000 0 175 0
34.800 4.400 2.400 0 175 0
34.800 4.400 2.800 0 175 0
34.800 4.400 3.200 0 175 0
34.800 4.400 3.600 0 175 0
34.800 4.400 4.000 0 175 0
34.800 4.800 1.600 0 175 0
34.800 4.800 2.000 0 175 0
34.800 4.800 2.400 0 175 0
34.800 4.800 2.800 0 175 0
34.800 4.800 3.200 0 175 0
34.800 4.800 3.600 0 175 0
34.800 4.800 4.000 0 175 0
34.800 6.400 1.200 0 175 0
34.800 6.800 1.200 0 175 0
34.800 6.800 2.000 0 175 0
34.800 7.200 1.200 150 240 80
34.800 7.200 1.600 0 175 0
34.800 7.200 2.000 0 175 0
34.800 7.600 1.200 75 0 75
34.800 8.000 1.200 75 0 75
34.800 8.400 1.200 75 0 75
34.800 8.800 1.200 75 0 75
34.800 9.200 1.200 75 0 75
34.800 9.600 1.200 75 0 75
34.800 10.000 1.200 75 0 75
34.800 10.800 0.800 255 0 255
34.800 11.200 2.000 100 150 245
34.800 11.600 0.800 255 0 255
34.800 12.400 2.000 100 150 245
34.800 12.400 2.400 100 150 245
34.800 12.800 0.800 255 0 255
34.800 12.800 1.200 100 150 245
34.800 12.800 1.600 100 150 245
34.800 12.800 2.000 100 150 245
34.800 12.800 2.400 100 150 245
34.800 13.600 0.800 255 0 255
34.800 14.400 0.800 255 0 255
34.800 14.800 0.800 255 0 255
34.800 15.600 0.800 255 0 255
34.800 18.400 2.400 0 175 0
34.800 18.400 2.800 0 175 0
34.800 18.400 3.200 0 175 0
34.800 18.400 3.600 0 175 0
34.800 18.800 2.000 0 175 0
34.800 18.800 2.400 0 175 0
34.800 18.800 2.800 0 175 0
34.800 18.800 3.200 0 175 0
34.800 18.800 3.600 0 175 0
34.800 19.200 1.200 150 240 80
34.800 19.200 1.600 0 175 0
34.800 19.200 2.000 0 175 0
34.800 19.200 2.400 0 175 0
34.800 19.200 2.800 0 175 0
34.800 19.200 3.200 0 175 0
34.800 19.200 4.000 0 175 0
34.800 19.200 4.400 0 175 0
34.800 19.600 1.200 150 240 80
34.800 19.600 1.600 0 175 0
34.800 19.600 2.000 0 175 0
34.800 19.600 2.400 0 175 0
34.800 19.600 2.800 0 175 0
34.800 19.600 3.200 0 175 0
34.800 19.600 4.000 0 175 0
34.800 19.600 4.400 0 175 0
34.800 20.000 1.200 150 240 80
34.800 20.000 1.600 0 175 0
34.800 20.000 2.000 0 175 0
34.800 20.000 2.400 0 175 0
34.800 20.000 2.800 0 175 0
34.800 20.000 3.200 0 175 0
34.800 20.400 1.200 150 240 80
34.800 20.400 1.600 0 175 0
34.800 20.400 2.000 0 175 0
34.800 20.400 2.400 0 175 0
34.800 20.400 2.800 0 175 0
34.800 20.400 3.200 0 175 0
34.800 20.800 1.200 150 240 80
34.800 20.800 2.000 0 175 0
34.800 20.800 2.400 0 175 0
34.800 20.800 2.800 0 175 0
34.800 20.800 3.200 0 175 0
34.800 21.200 1.200 150 240 80
34.800 21.200 2.000 0 175 0
34.800 21.200 2.400 0 175 0
34.800 21.200 2.800 0 175 0
34.800 21.200 3.200 0 175 0
34.800 21.600 1.200 150 240 80
34.800 21.600 2.400 0 175 0
34.800 21.600 2.800 0 175 0
34.800 21.600 3.200 0 175 0
34.800 21.600 3.600 0 175 0
34.800 22.000 1.200 150 240 80
34.800 22.000 2.800 0 175 0
34.800 22.000 3.200 0 175 0
34.800 22.000 3.600 0 175 0
34.800 22.400 1.200 75 0 75
34.800 22.400 3.200 0 175 0
34.800 22.800 1.200 75 0 75
34.800 23.200 1.200 75 0 75
34.800 23.600 1.200 75 0 75
34.800 24.000 1.200 75 0 75
34.800 24.400 1.200 75 0 75
34.800 24.800 1.200 75 0 75
34.800 25.200 1.200 75 0 75
34.800 28.000 0.800 175 0 75
34.800 29.600 0.400 175 0 75
34.800 30.000 0.400 175 0 75
34.800 30.000 0.800 175 0 75
34.800 31.200 0.800 175 0 75
34.800 31.600 0.400 175 0 75
34.800 32.800 0.400 75 0 75
34.800 32.800 0.800 75 0 75
34.800 34.800 0.800 75 0 75
34.800 35.200 0.800 75 0 75
34.800 35.600 0.800 75 0 75
34.800 36.000 0.800 150 240 80
34.800 36.400 0.800 150 240 80
34.800 36.800 1.200 150 240 80
34.800 37.200 1.200 150 240 80
34.800 40.800 0.800 150 240 80
34.800 41.200 0.800 150 240 80
34.800 41.600 0.800 150 240 80
34.800 42.000 0.800 150 240 80
34.800 42.400 0.800 150 240 80
34.800 42.800 0.800 150 240 80
35.200 0.000 1.600 0 175 0
35.200 0.000 2.000 0 175 0
35.200 0.000 2.400 0 175 0
35.200 0.000 2.800 0 175 0
35.200 0.000 3.200 0 175 0
35.200 0.000 3.600 0 175 0
35.200 0.400 1.600 150 240 80
35.200 0.400 2.000 0 175 0
35.200 0.400 2.400 0 175 0
35.200 0.400 2.800 0 175 0
35.200 0.400 3.200 0 175 0
35.200 0.400 3.600 0 175 0
35.200 0.800 1.600 150 240 80
35.200 0.800 2.400 0 175 0
35.200 0.800 2.800 0 175 0
35.200 0.800 3.200 0 175 0
35.200 1.200 1.600 150 240 80
35.200 2.000 1.600 150 240 80
35.200 3.200 2.000 0 175 0
35.200 3.200 2.400 0 175 0
35.200 3.200 2.800 0 175 0
35.200 3.200 3.200 0 175 0
35.200 3.200 3.600 0 175 0
35.200 3.200 4.000 0 175 0
35.200 4.000 3.200 0 175 0
35.200 4.400 3.600 0 175 0
35.200 4.800 2.000 0 175 0
35.200 4.800 2.400 0 175 0
35.200 4.800 2.800 0 175 0
35.200 4.800 3.200 0 175 0
35.200 4.800 3.600 0 175 0
35.200 4.800 4.000 0 175 0
35.200 5.200 1.200 0 175 0
35.200 5.200 2.800 0 175 0
35.200 5.200 3.600 0 175 0
35.200 5.200 4.000 0 175 0
35.200 6.400 1.600 0 175 0
35.200 6.400 2.000 0 175 0
35.200 6.800 1.200 0 175 0
35.200 6.800 1.600 0 175 0
35.200 6.800 2.000 0 175 0
35.200 7.200 1.200 75 0 75
35.200 7.600 1.200 75 0 75
35.200 8.000 1.200 75 0 75
35.200 8.400 1.200 75 0 75
35.200 8.800 1.200 75 0 75
35.200 9.200 1.200 75 0 75
35.200 9.600 1.200 75 0 75
35.200 10.000 1.200 75 0 75
35.200 10.400 1.200 75 0 75
35.200 10.800 1.600 100 150 245
35.200 11.200 2.000 100 150 245
35.200 11.600 2.000 100 150 245
35.200 12.000 0.800 255 0 255
35.200 12.000 2.000 100 150 245
35.200 12.400 1.200 255 0 255
35.200 12.400 2.000 100 150 245
35.200 12.800 0.800 255 0 255
35.200 12.800 1.200 100 150 245
35.200 12.800 1.600 100 150 245
35.200 12.800 2.000 100 150 245
35.200 13.200 0.800 255 0 255
35.200 18.400 1.600 0 175 0
35.200 18.400 2.400 0 175 0
35.200 18.400 2.800 0 175 0
35.200 18.400 3.200 0 175 0
35.200 18.800 1.200 150 240 80
35.200 18.800 1.600 0 175 0
35.200 18.800 2.000 0 175 0
35.200 18.800 2.400 0 175 0
35.200 18.800 2.800 0 175 0
35.200 18.800 3.200 0 175 0
35.200 18.800 3.600 0 175 0
35.200 19.200 1.200 150 240 80
35.200 19.200 1.600 0 175 0
35.200 19.200 2.000 0 175 0
35.200 19.200 2.400 0 175 0
35.200 19.200 2.800 0 175 0
35.200 19.200 3.200 0 175 0
35.200 19.200 3.600 0 175 0
35.200 19.200 4.000 0 175 0
35.200 19.200 4.400 0 175 0
35.200 19.600 1.200 150 240 80
35.200 19.600 1.600 0 175 0
35.200 19.600 2.000 0 175 0
35.200 19.600 2.400 0 175 0
35.200 19.600 2.800 0 175 0
35.200 19.600 3.200 0 175 0
35.200 19.600 3.600 0 175 0
35.200 19.600 4.400 0 175 0
35.200 19.600 4.800 0 175 0
35.200 20.000 1.200 150 240 80
35.200 20.000 1.600 0 175 0
35.200 20.000 2.000 0 175 0
35.200 20.000 2.400 0 175 0
35.200 20.000 2.800 0 175 0
35.200 20.000 3.200 0 175 0
35.200 20.000 4.000 0 175 0
35.200 20.400 1.200 150 240 80
35.200 20.400 1.600 0 175 0
35.200 20.400 2.000 0 175 0
35.200 20.400 2.400 0 175 0
35.200 20.400 2.800 0 175 0
35.200 20.400 3.200 0 175 0
35.200 20.400 4.000 0 175 0
35.200 20.400 4.400 0 175 0
35.200 20.800 1.200 150 240 80
35.200 20.800 1.600 0 175 0
35.200 20.800 2.000 0 175 0
35.200 20.800 2.400 0 175 0
35.200 20.800 2.800 0 175 0
35.200 20.800 3.200 0 175 0
35.200 21.200 1.200 150 240 80
35.200 21.200 2.400 0 175 0
35.200 21.200 2.800 0 175 0
35.200 21.200 3.200 0 175 0
35.200 21.600 1.200 150 240 80
35.200 21.600 2.400 0 175 0
35.200 21.600 2.800 0 175 0
35.200 21.600 3.200 0 175 0
35.200 22.000 1.200 150 240 80
35.200 22.000 2.800 0 175 0
35.200 22.000 3.200 0 175 0
35.200 22.400 1.200 75 0 75
35.200 22.800 1.200 75 0 75
35.200 23.200 1.200 75 0 75
35.200 23.600 1.200 75 0 75
35.200 24.000 1.200 75 0 75
35.200 24.400 1.200 75 0 75
35.200 24.800 1.200 75 0 75
35.200 28.000 0.800 175 0 75
35.200 29.600 0.400 175 0 75
35.200 29.600 0.800 175 0 75
35.200 31.200 0.400 175 0 75
35.200 31.600 0.400 175 0 75
35.200 32.400 0.400 75 0 75
35.200 32.400 0.800 75 0 75
35.200 32.800 0.800 75 0 75
35.200 34.000 0.800 75 0 75
35.200 36.000 0.800 150 240 80
35.200 36.000 1.200 150 240 80
35.200 36.400 1.200 150 240 80
35.200 36.800 1.200 150 240 80
35.200 37.200 1.200 150 240 80
35.200 40.400 0.800 150 240 80
35.200 40.800 0.800 150 240 80
35.200 41.200 0.800 150 240 80
35.200 41.600 0.800 150 240 80
35.200 42.000 0.800 150 240 80
35.200 42.400 0.800 150 240 80
35.600 0.000 1.600 150 240 80
35.600 0.000 2.000 0 175 0
35.600 0.000 2.400 0 175 0
35.600 0.000 2.800 0 175 0
35.600 0.000 3.200 0 175 0
35.600 0.000 3.600 0 175 0
35.600 0.400 1.600 150 240 80
35.600 0.400 2.000 0 175 0
35.600 0.400 2.400 0 175 0
35.600 0.400 2.800 0 175 0
35.600 0.400 3.200 0 175 0
35.600 0.800 1.600 150 240 80
35.600 0.800 2.400 0 175 0
35.600 1.600 1.600 150 240 80
35.600 3.200 2.000 0 175 0
35.600 3.200 2.400 0 175 0
35.600 3.200 2.800 0 175 0
35.600 3.200 3.200 0 175 0
35.600 3.200 3.600 0 175 0
35.600 3.200 4.000 0 175 0
35.600 3.200 4.400 0 175 0
35.600 4.000 2.800 0 175 0
35.600 4.400 0.800 0 175 0
35.600 4.400 2.800 0 175 0
35.600 4.800 1.600 0 175 0
35.600 4.800 2.000 0 175 0
35.600 4.800 2.400 0 175 0
35.600 4.800 2.800 0 175 0
35.600 4.800 3.200 0 175 0
35.600 4.800 3.600 0 175 0
35.600 4.800 4.000 0 175 0
35.600 5.200 1.200 0 175 0
35.600 5.200 2.000 0 175 0
35.600 5.200 2.400 0 175 0
35.600 5.200 2.800 0 175 0
35.600 5.200 3.200 0 175 0
35.600 5.200 3.600 0 175 0
35.600 5.200 4.000 0 175 0
35.600 5.200 4.400 0 175 0
35.600 6.000 1.200 0 175 0
35.600 6.000 2.000 0 175 0
35.600 6.400 1.200 0 175 0
35.600 6.400 1.600 0 175 0
35.600 6.400 2.000 0 175 0
35.600 6.400 2.400 0 175 0
35.600 6.800 2.000 0 175 0
35.600 7.200 1.200 75 0 75
35.600 7.600 1.200 75 0 75
35.600 8.000 1.200 75 0 75
35.600 8.400 1.200 75 0 75
35.600 8.800 1.200 75 0 75
35.600 9.200 1.200 75 0 75
35.600 9.600 1.200 75 0 75
35.600 10.000 1.200 75 0 75
35.600 10.800 1.200 100 150 245
35.600 10.800 1.600 100 150 245
35.600 11.200 1.200 100 150 245
35.600 11.200 1.600 100 150 245
35.600 11.600 2.000 100 150 245
35.600 12.000 2.000 100 150 245
35.600 12.400 0.800 255 0 255
35.600 12.400 1.200 100 150 245
35.600 12.400 1.600 100 150 245
35.600 12.400 2.000 100 150 245
35.600 13.600 0.800 255 0 255
35.600 14.000 0.800 255 0 255
35.600 14.400 0.800 255 0 255
35.600 14.400 1.200 255 0 255
35.600 14.800 0.800 255 0 255
35.600 16.400 1.200 255 0 255
35.600 17.200 2.000 0 175 0
35.600 18.000 3.200 0 175 0
35.600 18.000 4.000 0 175 0
35.600 18.400 1.200 150 240 80
35.600 18.400 2.000 0 175 0
35.600 18.400 2.400 0 175 0
35.600 18.400 2.800 0 175 0
35.600 18.400 3.200 0 175 0
35.600 18.400 3.600 0 175 0
35.600 18.800 1.200 150 240 80
35.600 18.800 1.600 0 175 0
35.600 18.800 2.000 0 175 0
35.600 18.800 2.400 0 175 0
35.600 18.800 2.800 0 175 0
35.600 18.800 3.200 0 175 0
35.600 18.800 4.000 0 175 0
35.600 19.200 1.200 150 240 80
35.600 19.200 1.600 0 175 0
35.600 19.200 2.000 0 175 0
35.600 19.200 2.400 0 175 0
35.600 19.200 2.800 0 175 0
35.600 19.200 3.200 0 175 0
35.600 19.200 3.600 0 175 0
35.600 19.200 4.000 0 175 0
35.600 19.200 4.400 0 175 0
35.600 19.600 1.200 150 240 80
35.600 19.600 1.600 0 175 0
35.600 19.600 2.000 0 175 0
35.600 19.600 2.400 0 175 0
35.600 19.600 2.800 0 175 0
35.600 19.600 3.200 0 175 0
35.600 19.600 3.600 0 175 0
35.600 19.600 4.000 0 175 0
35.600 19.600 4.400 0 175 0
35.600 20.000 1.200 150 240 80
35.600 20.000 1.600 0 175 0
35.600 20.000 2.000 0 175 0
35.600 20.000 2.400 0 175 0
35.600 20.000 2.800 0 175 0
35.600 20.000 3.200 0 175 0
35.600 20.000 4.400 0 175 0
35.600 20.400 1.200 150 240 80
35.600 20.400 1.600 0 175 0
35.600 20.400 2.000 0 175 0
35.600 20.400 2.400 0 175 0
35.600 20.400 2.800 0 175 0
35.600 20.400 3.200 0 175 0
35.600 20.400 4.800 0 175 0
35.600 20.800 1.200 150 240 80
35.600 20.800 1.600 0 175 0
35.600 20.800 2.000 0 175 0
35.600 20.800 2.400 0 175 0
35.600 20.800 2.800 0 175 0
35.600 20.800 3.200 0 175 0
35.600 21.200 1.200 150 240 80
35.600 21.200 2.000 0 175 0
35.600 21.200 2.400 0 175 0
35.600 21.200 2.800 0 175 0
35.600 21.200 3.200 0 175 0
35.600 21.200 3.600 0 175 0
35.600 21.200 4.400 0 175 0
35.600 21.600 1.200 150 240 80
35.600 21.600 2.400 0 175 0
35.600 21.600 2.800 0 175 0
35.600 21.600 3.200 0 175 0
35.600 21.600 3.600 0 175 0
35.600 22.000 1.200 75 0 75
35.600 22.000 3.200 0 175 0
35.600 22.400 1.200 75 0 75
35.600 22.800 1.200 75 0 75
35.600 23.200 1.200 75 0 75
35.600 23.600 1.200 75 0 75
35.600 24.000 1.200 75 0 75
35.600 24.400 1.200 75 0 75
35.600 24.800 1.200 75 0 75
35.600 27.600 0.800 175 0 75
35.600 30.800 0.400 175 0 75
35.600 31.200 0.400 175 0 75
35.600 32.400 0.400 75 0 75
35.600 32.400 0.800 75 0 75
35.600 34.400 0.800 75 0 75
35.600 34.800 0.800 75 0 75
35.600 35.600 0.800 150 240 80
35.600 36.000 1.200 150 240 80
35.600 36.400 1.200 150 240 80
35.600 36.800 1.200 150 240 80
35.600 40.000 0.800 150 240 80
35.600 40.400 0.800 150 240 80
35.600 40.800 0.800 150 240 80
36.000 0.000 1.600 150 240 80
36.000 0.000 2.000 0 175 0
36.000 0.000 2.400 0 175 0
36.000 0.000 2.800 0 175 0
36.000 0.000 3.200 0 175 0
36.000 0.400 1.600 150 240 80
36.000 0.400 2.400 0 175 0
36.000 0.400 2.800 0 175 0
36.000 0.400 3.200 0 175 0
36.000 0.800 1.600 150 240 80
36.000 0.800 2.800 0 175 0
36.000 1.200 1.600 150 240 80
36.000 3.200 1.600 150 240 80
36.000 3.200 2.000 0 175 0
36.000 3.200 2.400 0 175 0
36.000 3.200 2.800 0 175 0
36.000 3.200 3.200 0 175 0
36.000 3.200 3.600 0 175 0
36.000 3.200 4.000 0 175 0
36.000 3.200 4.400 0 175 0
36.000 3.600 4.000 0 175 0
36.000 3.600 4.400 0 175 0
36.000 4.400 3.200 0 175 0
36.000 4.400 4.400 0 175 0
36.000 4.800 2.000 0 175 0
36.000 4.800 2.400 0 175 0
36.000 4.800 2.800 0 175 0
36.000 4.800 3.200 0 175 0
36.000 4.800 3.600 0 175 0
36.000 4.800 4.000 0 175 0
36.000 5.200 2.400 0 175 0
36.000 5.200 2.800 0 175 0
36.000 5.200 3.200 0 175 0
36.000 5.200 3.600 0 175 0
36.000 5.200 4.000 0 175 0
36.000 5.200 4.400 0 175 0
36.000 5.600 2.400 0 175 0
36.000 6.000 1.200 0 175 0
36.000 6.000 1.600 0 175 0
36.000 6.000 2.000 0 175 0
36.000 6.000 2.400 0 175 0
36.000 6.400 1.200 150 240 80
36.000 6.400 1.600 0 175 0
36.000 6.400 2.000 0 175 0
36.000 6.800 1.200 75 0 75
36.000 7.200 1.200 75 0 75
36.000 7.600 1.200 75 0 75
36.000 8.000 1.200 75 0 75
36.000 8.400 1.200 75 0 75
36.000 8.800 1.200 75 0 75
36.000 9.200 1.200 75 0 75
36.000 9.600 1.200 75 0 75
36.000 10.800 1.200 100 150 245
36.000 11.200 1.200 100 150 245
36.000 11.200 1.600 100 150 245
36.000 11.600 1.200 255 0 255
36.000 11.600 1.600 100 150 245
36.000 12.000 1.200 100 150 245
36.000 12.000 1.600 100 150 245
36.000 14.800 1.200 255 0 255
36.000 15.200 1.200 255 0 255
36.000 17.200 1.200 255 0 255
36.000 18.000 2.000 0 175 0
36.000 18.000 3.200 0 175 0
36.000 18.400 1.200 150 240 80
36.000 18.400 1.600 0 175 0
36.000 18.400 2.000 0 175 0
36.000 18.400 2.400 0 175 0
36.000 18.400 2.800 0 175 0
36.000 18.400 3.200 0 175 0
36.000 18.400 3.600 0 175 0
36.000 18.800 1.200 150 240 80
36.000 18.800 1.600 0 175 0
36.000 18.800 2.000 0 175 0
36.000 18.800 2.400 0 175 0
36.000 18.800 2.800 0 175 0
36.000 18.800 3.200 0 175 0
36.000 18.800 3.600 0 175 0
36.000 18.800 4.000 0 175 0
36.000 19.200 1.200 150 240 80
36.000 19.200 1.600 0 175 0
36.000 19.200 2.000 0 175 0
36.000 19.200 2.400 0 175 0
36.000 19.200 2.800 0 175 0
36.000 19.200 3.200 0 175 0
36.000 19.200 3.600 0 175 0
36.000 19.200 4.000 0 175 0
36.000 19.200 4.800 0 175 0
36.000 19.600 1.200 150 240 80
36.000 19.600 1.600 0 175 0
36.000 19.600 2.000 0 175 0
36.000 19.600 2.400 0 175 0
36.000 19.600 2.800 0 175 0
36.000 19.600 3.200 0 175 0
36.000 19.600 4.000 0 175 0
36.000 19.600 4.400 0 175 0
36.000 19.600 4.800 0 175 0
36.000 20.000 1.600 0 175 0
36.000 20.000 2.000 0 175 0
36.000 20.000 2.400 0 175 0
36.000 20.000 2.800 0 175 0
36.000 20.000 3.200 0 175 0
36.000 20.000 3.600 0 175 0
36.000 20.000 4.000 0 175 0
36.000 20.000 4.800 0 175 0
36.000 20.400 1.600 0 175 0
36.000 20.400 2.000 0 175 0
36.000 20.400 2.400 0 175 0
36.000 20.400 2.800 0 175 0
36.000 20.400 3.200 0 175 0
36.000 20.400 3.600 0 175 0
36.000 20.400 4.000 0 175 0
36.000 20.400 4.800 0 175 0
36.000 20.800 1.200 150 240 80
36.000 20.800 1.600 0 175 0
36.000 20.800 2.000 0 175 0
36.000 20.800 2.400 0 175 0
36.000 20.800 2.800 0 175 0
36.000 20.800 3.200 0 175 0
36.000 20.800 3.600 0 175 0
36.000 20.800 4.400 0 175 0
36.000 21.200 1.200 150 240 80
36.000 21.200 1.600 0 175 0
36.000 21.200 2.000 0 175 0
36.000 21.200 2.400 0 175 0
36.000 21.200 2.800 0 175 0
36.000 21.200 3.200 0 175 0
36.000 21.200 3.600 0 175 0
36.000 21.600 1.200 75 0 75
36.000 21.600 2.000 0 175 0
36.000 21.600 2.400 0 175 0
36.000 21.600 2.800 0 175 0
36.000 21.600 3.200 0 175 0
36.000 21.600 3.600 0 175 0
36.000 21.600 4.000 0 175 0
36.000 21.600 4.800 0 175 0
36.000 22.000 1.200 75 0 75
36.000 22.000 2.800 0 175 0
36.000 22.000 3.200 0 175 0
36.000 22.400 1.200 75 0 75
36.000 22.800 1.200 75 0 75
36.000 23.200 1.200 75 0 75
36.000 23.600 1.200 75 0 75
36.000 24.000 1.200 75 0 75
36.000 24.400 1.200 75 0 75
36.000 27.200 0.800 175 0 75
36.000 29.200 0.800 175 0 75
36.000 30.800 0.400 175 0 75
36.000 32.000 0.400 75 0 75
36.000 32.000 0.800 75 0 75
36.000 35.200 0.800 75 0 75
36.000 35.600 1.200 150 240 80
36.000 36.000 1.200 150 240 80
36.000 36.400 1.200 150 240 80
36.000 36.800 1.200 150 240 80
36.000 39.600 1.200 150 240 80
36.000 40.000 0.800 150 240 80
36.000 40.000 1.200 150 240 80
36.000 40.400 0.800 150 240 80
36.000 40.800 0.800 150 240 80
36.000 41.200 0.800 150 240 80
36.000 42.000 0.800 150 240 80
36.400 0.000 1.600 150 240 80
36.400 0.400 1.600 150 240 80
36.400 0.800 1.600 150 240 80
36.400 2.000 1.600 150 240 80
36.400 3.200 3.200 0 175 0
36.400 3.600 2.000 0 175 0
36.400 3.600 2.400 0 175 0
36.400 3.600 2.800 0 175 0
36.400 3.600 3.200 0 175 0
36.400 3.600 3.600 0 175 0
36.400 3.600 4.000 0 175 0
36.400 3.600 4.400 0 175 0
36.400 4.000 1.600 0 175 0
36.400 4.000 2.000 0 175 0
36.400 4.000 2.400 0 175 0
36.400 4.000 2.800 0 175 0
36.400 4.000 3.200 0 175 0
36.400 4.000 3.600 0 175 0
36.400 4.000 4.000 0 175 0
36.400 4.000 4.400 0 175 0
36.400 4.400 2.000 0 175 0
36.400 4.400 2.400 0 175 0
36.400 4.400 2.800 0 175 0
36.400 4.400 3.200 0 175 0
36.400 4.400 3.600 0 175 0
36.400 4.400 4.000 0 175 0
36.400 4.400 4.400 0 175 0
36.400 4.800 2.400 0 175 0
36.400 4.800 2.800 0 175 0
36.400 4.800 3.200 0 175 0
36.400 4.800 3.600 0 175 0
36.400 4.800 4.000 0 175 0
36.400 4.800 4.400 0 175 0
36.400 5.200 3.600 0 175 0
36.400 5.200 4.000 0 175 0
36.400 5.600 1.200 0 175 0
36.400 6.000 1.200 150 240 80
36.400 6.000 1.600 0 175 0
36.400 6.000 2.000 0 175 0
36.400 6.000 2.400 0 175 0
36.400 6.800 1.200 75 0 75
36.400 7.200 1.200 75 0 75
36.400 7.600 1.200 75 0 75
36.400 8.000 1.200 75 0 75
36.400 8.400 1.200 75 0 75
36.400 8.800 1.200 75 0 75
36.400 9.200 1.200 75 0 75
36.400 9.600 1.200 75 0 75
36.400 9.600 1.600 100 150 245
36.400 11.600 1.200 100 150 245
36.400 11.600 1.600 100 150 245
36.400 13.600 0.800 255 0 255
36.400 14.000 0.800 255 0 255
36.400 14.400 1.200 255 0 255
36.400 14.800 1.200 255 0 255
36.400 15.600 1.200 255 0 255
36.400 16.400 1.200 255 0 255
36.400 16.800 1.200 255 0 255
36.400 17.200 1.200 255 0 255
36.400 17.600 3.600 0 175 0
36.400 17.600 4.000 0 175 0
36.400 18.000 1.200 150 240 80
36.400 18.000 2.000 0 175 0
36.400 18.000 3.600 0 175 0
36.400 18.000 4.000 0 175 0
36.400 18.400 1.200 150 240 80
36.400 18.400 1.600 0 175 0
36.400 18.400 2.000 0 175 0
36.400 18.400 2.400 0 175 0
36.400 18.400 3.200 0 175 0
36.400 18.400 3.600 0 175 0
36.400 18.800 1.200 150 240 80
36.400 18.800 1.600 0 175 0
36.400 18.800 2.000 0 175 0
36.400 18.800 2.400 0 175 0
36.400 18.800 2.800 0 175 0
36.400 18.800 3.200 0 175 0
36.400 19.200 1.200 150 240 80
36.400 19.200 1.600 0 175 0
36.400 19.200 2.000 0 175 0
36.400 19.200 2.400 0 175 0
36.400 19.200 2.800 0 175 0
36.400 19.200 3.200 0 175 0
36.400 19.200 3.600 0 175 0
36.400 19.200 4.000 0 175 0
36.400 19.600 1.200 150 240 80
36.400 19.600 1.600 0 175 0
36.400 19.600 2.000 0 175 0
36.400 19.600 2.400 0 175 0
36.400 19.600 2.800 0 175 0
36.400 19.600 3.200 0 175 0
36.400 19.600 3.600 0 175 0
36.400 19.600 4.000 0 175 0
36.400 19.600 4.400 0 175 0
36.400 20.000 2.000 0 175 0
36.400 20.000 2.400 0 175 0
36.400 20.000 2.800 0 175 0
36.400 20.000 3.200 0 175 0
36.400 20.000 3.600 0 175 0
36.400 20.000 4.000 0 175 0
36.400 20.400 1.600 0 175 0
36.400 20.400 2.000 0 175 0
36.400 20.400 2.400 0 175 0
36.400 20.400 2.800 0 175 0
36.400 20.400 3.200 0 175 0
36.400 20.400 3.600 0 175 0
36.400 20.800 1.600 0 175 0
36.400 20.800 2.000 0 175 0
36.400 20.800 2.400 0 175 0
36.400 20.800 2.800 0 175 0
36.400 20.800 3.200 0 175 0
36.400 21.200 1.200 75 0 75
36.400 21.200 1.600 0 175 0
36.400 21.200 2.000 0 175 0
36.400 21.200 2.400 0 175 0
36.400 21.200 2.800 0 175 0
36.400 21.200 3.200 0 175 0
36.400 21.600 1.200 75 0 75
36.400 21.600 2.400 0 175 0
36.400 21.600 2.800 0 175 0
36.400 21.600 3.200 0 175 0
36.400 22.000 1.200 75 0 75
36.400 22.000 3.600 0 175 0
36.400 22.400 1.200 75 0 75
36.400 22.400 3.600 0 175 0
36.400 22.800 1.200 75 0 75
36.400 23.200 1.200 75 0 75
36.400 23.600 1.200 75 0 75
36.400 24.000 1.200 75 0 75
36.400 26.800 0.800 175 0 75
36.400 27.200 0.800 175 0 75
36.400 28.800 0.800 175 0 75
36.400 30.400 0.400 175 0 75
36.400 30.800 0.400 175 0 75
36.400 30.800 0.800 175 0 75
36.400 31.600 0.400 75 0 75
36.400 31.600 0.800 75 0 75
36.400 34.000 0.800 75 0 75
36.400 34.800 0.800 75 0 75
36.400 35.200 0.800 150 240 80
36.400 35.600 1.200 150 240 80
36.400 36.000 1.200 150 240 80
36.400 36.800 1.200 150 240 80
36.400 39.600 0.800 150 240 80
36.400 40.000 0.800 150 240 80
36.400 40.400 0.800 150 240 80
36.400 41.600 0.800 150 240 80
36.800 0.000 1.600 150 240 80
36.800 0.400 1.600 150 240 80
36.800 0.800 1.600 150 240 80
36.800 4.000 3.600 0 175 0
36.800 4.000 4.000 0 175 0
36.800 5.200 1.600 0 175 0
36.800 5.600 1.200 150 240 80
36.800 5.600 1.600 0 175 0
36.800 5.600 2.000 0 175 0
36.800 6.000 2.000 0 175 0
36.800 6.400 1.200 75 0 75
36.800 6.800 1.200 75 0 75
36.800 7.200 1.200 75 0 75
36.800 7.600 1.200 75 0 75
36.800 8.000 1.200 75 0 75
36.800 8.400 1.200 75 0 75
36.800 8.800 1.200 75 0 75
36.800 9.200 1.200 75 0 75
36.800 9.600 1.200 255 0 255
36.800 9.600 1.600 100 150 245
36.800 9.600 2.400 100 150 245
36.800 10.000 1.200 100 150 245
36.800 10.000 1.600 100 150 245
36.800 10.000 2.000 100 150 245
36.800 10.400 1.600 100 150 245
36.800 10.400 2.000 100 150 245
36.800 14.800 1.200 255 0 255
36.800 15.200 1.200 255 0 255
36.800 16.000 1.200 255 0 255
36.800 16.400 1.200 255 0 255
36.800 17.200 1.200 255 0 255
36.800 17.600 1.200 150 240 80
36.800 17.600 3.200 0 175 0
36.800 17.600 3.600 0 175 0
36.800 17.600 4.000 0 175 0
36.800 18.000 1.200 150 240 80
36.800 18.000 3.200 0 175 0
36.800 18.000 3.600 0 175 0
36.800 18.400 1.200 150 240 80
36.800 18.400 1.600 0 175 0
36.800 18.400 2.000 0 175 0
36.800 18.400 2.400 0 175 0
36.800 18.400 2.800 0 175 0
36.800 18.400 3.200 0 175 0
36.800 18.800 1.200 150 240 80
36.800 18.800 1.600 0 175 0
36.800 18.800 2.000 0 175 0
36.800 18.800 2.400 0 175 0
36.800 18.800 2.800 0 175 0
36.800 18.800 3.200 0 175 0
36.800 19.200 1.200 150 240 80
36.800 19.200 1.600 0 175 0
36.800 19.200 2.000 0 175 0
36.800 19.200 2.400 0 175 0
36.800 19.200 2.800 0 175 0
36.800 19.200 3.200 0 175 0
36.800 19.200 3.600 0 175 0
36.800 19.600 1.200 150 240 80
36.800 19.600 2.000 0 175 0
36.800 19.600 2.400 0 175 0
36.800 19.600 2.800 0 175 0
36.800 19.600 3.200 0 175 0
36.800 19.600 3.600 0 175 0
36.800 19.600 4.400 0 175 0
36.800 20.000 1.200 150 240 80
36.800 20.000 1.600 0 175 0
36.800 20.000 2.000 0 175 0
36.800 20.000 2.400 0 175 0
36.800 20.000 2.800 0 175 0
36.800 20.000 3.200 0 175 0
36.800 20.000 3.600 0 175 0
36.800 20.000 4.000 0 175 0
36.800 20.000 4.400 0 175 0
36.800 20.400 1.200 150 240 80
36.800 20.400 1.600 0 175 0
36.800 20.400 2.000 0 175 0
36.800 20.400 2.400 0 175 0
36.800 20.400 2.800 0 175 0
36.800 20.400 3.200 0 175 0
36.800 20.400 3.600 0 175 0
36.800 20.400 4.000 0 175 0
36.800 20.400 4.400 0 175 0
36.800 20.800 1.600 0 175 0
36.800 20.800 2.000 0 175 0
36.800 20.800 2.400 0 175 0
36.800 20.800 2.800 0 175 0
36.800 20.800 3.200 0 175 0
36.800 21.200 1.200 75 0 75
36.800 21.200 1.600 0 175 0
36.800 21.200 2.000 0 175 0
36.800 21.200 3.200 0 175 0
36.800 21.200 3.600 0 175 0
36.800 21.200 4.800 0 175 0
36.800 21.600 1.200 75 0 75
36.800 22.000 1.200 75 0 75
36.800 22.400 1.200 75 0 75
36.800 22.800 1.200 75 0 75
36.800 23.200 1.200 75 0 75
36.800 23.600 1.200 75 0 75
36.800 24.000 1.200 75 0 75
36.800 26.800 0.800 175 0 75
36.800 28.400 0.800 175 0 75
36.800 30.000 0.800 175 0 75
36.800 30.400 0.400 175 0 75
36.800 30.400 0.800 175 0 75
36.800 31.600 0.400 75 0 75
36.800 31.600 0.800 75 0 75
36.800 31.600 1.200 75 0 75
36.800 34.800 0.800 150 240 80
36.800 35.200 1.200 150 240 80
36.800 35.600 1.200 150 240 80
36.800 36.000 1.200 150 240 80
36.800 37.600 1.200 150 240 80
36.800 39.200 0.800 150 240 80
36.800 39.600 0.800 150 240 80
36.800 41.200 0.800 150 240 80
37.200 0.000 1.600 150 240 80
37.200 1.200 1.600 150 240 80
37.200 4.800 1.200 0 175 0
37.200 5.200 1.200 0 175 0
37.200 5.200 1.600 0 175 0
37.200 5.200 2.000 0 175 0
37.200 5.600 1.200 150 240 80
37.200 5.600 1.600 0 175 0
37.200 5.600 2.000 0 175 0
37.200 5.600 2.400 0 175 0
37.200 6.000 1.200 75 0 75
37.200 6.400 1.200 75 0 75
37.200 6.800 1.200 75 0 75
37.200 7.200 1.200 75 0 75
37.200 7.600 1.200 75 0 75
37.200 9.200 2.000 100 150 245
37.200 9.600 2.400 100 150 245
37.200 10.000 2.400 100 150 245
37.200 10.000 2.800 100 150 245
37.200 10.400 1.200 100 150 245
37.200 10.400 2.000 100 150 245
37.200 10.400 2.400 100 150 245
37.200 10.800 1.600 100 150 245
37.200 10.800 2.000 100 150 245
37.200 11.200 1.600 100 150 245
37.200 14.000 1.200 255 0 255
37.200 14.400 1.200 255 0 255
37.200 15.200 1.200 255 0 255
37.200 15.600 1.200 255 0 255
37.200 16.000 1.200 255 0 255
37.200 16.400 1.200 255 0 255
37.200 16.800 1.200 255 0 255
37.200 17.200 1.200 255 0 255
37.200 17.600 1.200 150 240 80
37.200 17.600 3.200 0 175 0
37.200 18.000 1.200 150 240 80
37.200 18.000 2.400 0 175 0
37.200 18.000 3.200 0 175 0
37.200 18.000 3.600 0 175 0
37.200 18.000 4.000 0 175 0
37.200 18.400 1.200 150 240 80
37.200 18.400 2.000 0 175 0
37.200 18.400 2.400 0 175 0
37.200 18.400 3.200 0 175 0
37.200 18.400 4.000 0 175 0
37.200 18.800 1.200 150 240 80
37.200 18.800 1.600 0 175 0
37.200 18.800 2.000 0 175 0
37.200 18.800 2.800 0 175 0
37.200 18.800 3.200 0 175 0
37.200 18.800 3.600 0 175 0
37.200 18.800 4.000 0 175 0
37.200 19.200 1.200 150 240 80
37.200 19.200 1.600 0 175 0
37.200 19.200 2.000 0 175 0
37.200 19.200 2.400 0 175 0
37.200 19.200 2.800 0 175 0
37.200 19.200 3.200 0 175 0
37.200 19.200 3.600 0 175 0
37.200 19.200 4.000 0 175 0
37.200 19.600 1.200 150 240 80
37.200 19.600 1.600 0 175 0
37.200 19.600 2.000 0 175 0
37.200 19.600 2.400 0 175 0
37.200 19.600 2.800 0 175 0
37.200 19.600 3.200 0 175 0
37.200 19.600 3.600 0 175 0
37.200 20.000 1.200 150 240 80
37.200 20.000 1.600 0 175 0
37.200 20.000 2.000 0 175 0
37.200 20.000 2.400 0 175 0
37.200 20.000 2.800 0 175 0
37.200 20.000 3.200 0 175 0
37.200 20.000 3.600 0 175 0
37.200 20.000 4.000 0 175 0
37.200 20.400 1.200 150 240 80
37.200 20.400 1.600 0 175 0
37.200 20.400 2.000 0 175 0
37.200 20.400 2.400 0 175 0
37.200 20.400 2.800 0 175 0
37.200 20.400 3.200 0 175 0
37.200 20.400 3.600 0 175 0
37.200 20.400 4.400 0 175 0
37.200 20.800 1.200 75 0 75
37.200 20.800 1.600 0 175 0
37.200 20.800 2.000 0 175 0
37.200 20.800 2.400 0 175 0
37.200 20.800 2.800 0 175 0
37.200 20.800 3.200 0 175 0
37.200 21.200 1.200 75 0 75
37.200 21.200 3.200 0 175 0
37.200 21.200 3.600 0 175 0
37.200 21.200 4.000 0 175 0
37.200 21.600 1.200 75 0 75
37.200 22.000 1.200 75 0 75
37.200 22.400 1.200 75 0 75
37.200 22.800 1.200 75 0 75
37.200 23.200 1.200 75 0 75
37.200 23.600 1.200 75 0 75
37.200 26.400 0.800 175 0 75
37.200 26.800 0.800 175 0 75
37.200 27.200 0.800 175 0 75
37.200 28.000 0.800 175 0 75
37.200 28.400 0.800 175 0 75
37.200 30.000 0.400 175 0 75
37.200 30.000 0.800 175 0 75
37.200 31.200 0.800 75 0 75
37.200 31.200 1.200 75 0 75
37.200 31.600 1.200 75 0 75
37.200 32.800 0.800 75 0 75
37.200 33.200 0.800 75 0 75
37.200 34.400 0.800 150 240 80
37.200 34.800 0.800 150 240 80
37.200 34.800 1.200 150 240 80
37.200 35.200 1.200 150 240 80
37.200 35.600 1.200 150 240 80
37.200 38.800 0.800 150 240 80
37.200 39.200 0.800 150 240 80
37.200 39.600 0.800 150 240 80
37.200 39.600 1.200 150 240 80
37.200 50.800 0.000 255 0 255
37.600 1.200 2.800 0 175 0
37.600 1.200 3.200 0 175 0
37.600 1.600 2.800 0 175 0
37.600 2.000 2.800 0 175 0
37.600 2.000 3.200 0 175 0
37.600 4.800 1.200 0 175 0
37.600 4.800 1.600 0 175 0
37.600 4.800 2.000 0 175 0
37.600 5.200 1.200 150 240 80
37.600 5.200 1.600 0 175 0
37.600 5.200 2.000 0 175 0
37.600 5.600 1.200 75 0 75
37.600 6.000 1.200 75 0 75
37.600 6.400 1.200 75 0 75
37.600 6.800 1.200 75 0 75
37.600 7.200 1.200 75 0 75
37.600 7.600 1.200 75 0 75
37.600 9.200 2.000 100 150 245
37.600 9.200 2.400 100 150 245
37.600 9.600 2.400 100 150 245
37.600 10.000 1.200 255 0 255
37.600 10.000 2.400 100 150 245
37.600 10.400 1.200 255 0 255
37.600 10.400 1.600 100 150 245
37.600 10.400 2.000 100 150 245
37.600 10.400 2.400 100 150 245
37.600 10.800 1.600 100 150 245
37.600 13.600 1.200 255 0 255
37.600 14.000 1.200 255 0 255
37.600 14.400 1.200 255 0 255
37.600 14.800 1.200 255 0 255
37.600 15.200 1.200 255 0 255
37.600 15.600 1.200 255 0 255
37.600 16.000 1.200 255 0 255
37.600 16.400 1.200 255 0 255
37.600 16.800 1.200 255 0 255
37.600 17.200 1.200 150 240 80
37.600 17.600 1.200 150 240 80
37.600 17.600 3.600 0 175 0
37.600 17.600 4.000 0 175 0
37.600 18.000 1.200 150 240 80
37.600 18.000 2.400 0 175 0
37.600 18.000 3.600 0 175 0
37.600 18.000 4.000 0 175 0
37.600 18.400 1.200 150 240 80
37.600 18.400 2.000 0 175 0
37.600 18.400 2.400 0 175 0
37.600 18.400 3.200 0 175 0
37.600 18.400 3.600 0 175 0
37.600 18.400 4.000 0 175 0
37.600 18.800 1.200 150 240 80
37.600 18.800 3.200 0 175 0
37.600 18.800 3.600 0 175 0
37.600 19.200 1.200 150 240 80
37.600 19.200 1.600 0 175 0
37.600 19.200 2.400 0 175 0
37.600 19.200 2.800 0 175 0
37.600 19.200 3.200 0 175 0
37.600 19.200 3.600 0 175 0
37.600 19.600 1.200 150 240 80
37.600 19.600 1.600 0 175 0
37.600 19.600 2.000 0 175 0
37.600 19.600 2.400 0 175 0
37.600 19.600 2.800 0 175 0
37.600 19.600 3.200 0 175 0
37.600 19.600 3.600 0 175 0
37.600 20.000 1.200 150 240 80
37.600 20.000 1.600 0 175 0
37.600 20.000 2.400 0 175 0
37.600 20.000 2.800 0 175 0
37.600 20.000 3.200 0 175 0
37.600 20.000 3.600 0 175 0
37.600 20.000 4.000 0 175 0
37.600 20.400 1.200 75 0 75
37.600 20.400 2.800 0 175 0
37.600 20.400 3.200 0 175 0
37.600 20.400 3.600 0 175 0
37.600 20.400 4.400 0 175 0
37.600 20.400 4.800 0 175 0
37.600 20.800 1.200 75 0 75
37.600 20.800 3.600 0 175 0
37.600 20.800 4.400 0 175 0
37.600 20.800 4.800 0 175 0
37.600 21.200 1.200 75 0 75
37.600 21.200 3.600 0 175 0
37.600 21.200 4.000 0 175 0
37.600 21.200 4.400 0 175 0
37.600 21.600 1.200 75 0 75
37.600 22.000 1.200 75 0 75
37.600 22.400 1.200 75 0 75
37.600 22.800 1.200 75 0 75
37.600 23.200 1.200 75 0 75
37.600 26.000 0.800 175 0 75
37.600 26.400 0.800 175 0 75
37.600 26.800 0.800 175 0 75
37.600 28.000 0.800 175 0 75
37.600 29.600 0.400 175 0 75
37.600 29.600 0.800 175 0 75
37.600 30.800 0.800 75 0 75
37.600 31.200 1.200 75 0 75
37.600 31.600 1.200 75 0 75
37.600 32.800 0.800 75 0 75
37.600 33.200 0.800 75 0 75
37.600 33.600 0.800 75 0 75
37.600 34.400 0.800 150 240 80
37.600 34.400 1.200 150 240 80
37.600 34.800 1.200 150 240 80
37.600 35.200 1.200 150 240 80
37.600 35.600 1.200 150 240 80
37.600 38.800 0.800 150 240 80
37.600 39.200 0.800 150 240 80
37.600 50.800 0.000 255 0 255
38.000 0.800 2.400 0 175 0
38.000 0.800 3.200 0 175 0
38.000 1.200 2.400 0 175 0
38.000 1.200 2.800 0 175 0
38.000 1.200 3.200 0 175 0
38.000 1.200 3.600 0 175 0
38.000 1.600 2.000 0 175 0
38.000 1.600 2.400 0 175 0
38.000 1.600 2.800 0 175 0
38.000 1.600 3.200 0 175 0
38.000 2.000 1.600 150 240 80
38.000 2.000 2.000 0 175 0
38.000 2.000 2.400 0 175 0
38.000 2.000 2.800 0 175 0
38.000 2.000 3.200 0 175 0
38.000 2.400 2.800 0 175 0
38.000 4.000 1.200 150 240 80
38.000 4.400 1.200 0 175 0
38.000 4.400 1.600 0 175 0
38.000 4.400 2.000 0 175 0
38.000 4.800 1.200 150 240 80
38.000 4.800 1.600 0 175 0
38.000 4.800 2.000 0 175 0
38.000 5.600 1.200 75 0 75
38.000 6.000 1.200 75 0 75
38.000 6.400 1.200 75 0 75
38.000 6.800 1.200 75 0 75
38.000 7.200 1.200 75 0 75
38.000 8.800 0.800 255 0 255
38.000 8.800 2.000 100 150 245
38.000 8.800 2.400 100 150 245
38.000 9.200 2.400 100 150 245
38.000 10.000 1.600 100 150 245
38.000 10.000 2.000 100 150 245
38.000 10.000 2.400 100 150 245
38.000 10.400 1.200 255 0 255
38.000 10.400 1.600 100 150 245
38.000 10.400 2.000 100 150 245
38.000 10.400 2.400 100 150 245
38.000 12.800 1.200 255 0 255
38.000 13.200 1.200 255 0 255
38.000 13.600 1.200 255 0 255
38.000 14.000 1.200 255 0 255
38.000 14.400 1.200 255 0 255
38.000 14.800 1.200 255 0 255
38.000 15.200 1.200 255 0 255
38.000 15.600 1.200 255 0 255
38.000 16.000 1.200 255 0 255
38.000 16.400 1.200 255 0 255
38.000 16.800 1.200 150 240 80
38.000 17.200 1.200 150 240 80
38.000 17.600 1.200 150 240 80
38.000 17.600 3.600 0 175 0
38.000 18.000 1.200 150 240 80
38.000 18.000 3.600 0 175 0
38.000 18.000 4.000 0 175 0
38.000 18.400 1.200 150 240 80
38.000 18.400 2.000 0 175 0
38.000 18.400 3.600 0 175 0
38.000 18.400 4.000 0 175 0
38.000 18.800 1.200 150 240 80
38.000 18.800 2.400 0 175 0
38.000 18.800 3.200 0 175 0
38.000 18.800 3.600 0 175 0
38.000 18.800 4.000 0 175 0
38.000 18.800 4.400 0 175 0
38.000 18.800 4.800 0 175 0
38.000 19.200 1.200 150 240 80
38.000 19.200 2.400 0 175 0
38.000 19.200 2.800 0 175 0
38.000 19.200 3.200 0 175 0
38.000 19.200 3.600 0 175 0
38.000 19.200 4.000 0 175 0
38.000 19.200 4.800 0 175 0
38.000 19.600 1.200 150 240 80
38.000 19.600 2.000 0 175 0
38.000 19.600 2.400 0 175 0
38.000 19.600 2.800 0 175 0
38.000 19.600 3.200 0 175 0
38.000 19.600 3.600 0 175 0
38.000 19.600 4.400 0 175 0
38.000 19.600 4.800 0 175 0
38.000 20.000 1.200 75 0 75
38.000 20.000 2.000 0 175 0
38.000 20.000 2.800 0 175 0
38.000 20.000 3.600 0 175 0
38.000 20.000 4.000 0 175 0
38.000 20.000 4.400 0 175 0
38.000 20.400 1.200 75 0 75
38.000 20.400 2.000 0 175 0
38.000 20.800 1.200 75 0 75
38.000 20.800 3.600 0 175 0
38.000 20.800 4.000 0 175 0
38.000 21.200 1.200 75 0 75
38.000 21.200 4.000 0 175 0
38.000 21.200 4.400 0 175 0
38.000 21.600 1.200 75 0 75
38.000 22.000 1.200 75 0 75
38.000 22.400 1.200 75 0 75
38.000 22.800 1.200 75 0 75
38.000 26.000 0.800 175 0 75
38.000 26.400 0.800 175 0 75
38.000 27.600 0.800 175 0 75
38.000 29.600 0.400 175 0 75
38.000 29.600 0.800 175 0 75
38.000 30.400 0.800 75 0 75
38.000 30.800 0.800 75 0 75
38.000 30.800 1.200 75 0 75
38.000 31.600 1.200 75 0 75
38.000 32.400 0.800 75 0 75
38.000 33.600 0.800 75 0 75
38.000 34.000 0.800 150 240 80
38.000 34.400 1.200 150 240 80
38.000 34.800 1.200 150 240 80
38.000 35.200 1.200 150 240 80
38.000 35.200 2.400 255 240 150
38.000 35.600 1.200 150 240 80
38.000 36.000 1.200 150 240 80
38.000 36.000 1.600 150 240 80
38.000 38.400 0.800 150 240 80
38.000 38.800 0.800 150 240 80
38.000 39.600 1.200 150 240 80
38.000 40.800 0.800 150 240 80
38.000 41.200 0.800 150 240 80
38.400 0.000 1.600 150 240 80
38.400 0.800 2.400 0 175 0
38.400 0.800 2.800 0 175 0
38.400 0.800 3.200 0 175 0
38.400 1.200 2.000 0 175 0
38.400 1.200 2.400 0 175 0
38.400 1.200 2.800 0 175 0
38.400 1.200 3.200 0 175 0
38.400 1.200 3.600 0 175 0
38.400 1.200 4.000 0 175 0
38.400 1.600 1.600 0 175 0
38.400 1.600 2.000 0 175 0
38.400 1.600 2.400 0 175 0
38.400 1.600 2.800 0 175 0
38.400 1.600 3.200 0 175 0
38.400 1.600 3.600 0 175 0
38.400 1.600 4.000 0 175 0
38.400 2.000 2.000 0 175 0
38.400 2.000 2.400 0 175 0
38.400 2.000 2.800 0 175 0
38.400 2.000 3.200 0 175 0
38.400 2.000 3.600 0 175 0
38.400 2.400 2.400 0 175 0
38.400 2.400 2.800 0 175 0
38.400 2.400 3.200 0 175 0
38.400 4.000 1.200 0 175 0
38.400 4.000 1.600 0 175 0
38.400 4.400 1.200 0 175 0
38.400 4.400 1.600 0 175 0
38.400 4.400 2.000 0 175 0
38.400 4.800 2.000 0 175 0
38.400 5.200 1.200 75 0 75
38.400 5.600 1.200 75 0 75
38.400 6.000 1.200 75 0 75
38.400 6.400 1.200 75 0 75
38.400 6.800 1.200 75 0 75
38.400 7.200 1.200 75 0 75
38.400 8.400 2.000 100 150 245
38.400 8.400 2.400 100 150 245
38.400 8.800 2.400 100 150 245
38.400 9.600 2.400 100 150 245
38.400 10.000 1.200 100 150 245
38.400 10.000 1.600 100 150 245
38.400 10.000 2.000 100 150 245
38.400 10.000 2.400 100 150 245
38.400 10.400 2.000 100 150 245
38.400 12.800 1.200 255 0 255
38.400 13.200 1.200 255 0 255
38.400 13.600 1.200 255 0 255
38.400 14.000 1.200 255 0 255
38.400 14.400 1.200 255 0 255
38.400 14.800 1.200 255 0 255
38.400 15.200 1.200 255 0 255
38.400 15.600 1.200 255 0 255
38.400 16.000 1.200 255 0 255
38.400 16.400 1.200 255 0 255
38.400 16.800 1.200 150 240 80
38.400 17.200 1.200 150 240 80
38.400 17.600 1.200 150 240 80
38.400 18.000 1.200 150 240 80
38.400 18.000 4.000 0 175 0
38.400 18.400 1.200 150 240 80
38.400 18.400 2.400 0 175 0
38.400 18.400 3.600 0 175 0
38.400 18.400 4.000 0 175 0
38.400 18.800 1.200 150 240 80
38.400 18.800 2.000 0 175 0
38.400 18.800 3.200 0 175 0
38.400 18.800 4.000 0 175 0
38.400 18.800 4.800 0 175 0
38.400 19.200 1.200 150 240 80
38.400 19.200 2.400 0 175 0
38.400 19.200 2.800 0 175 0
38.400 19.200 3.200 0 175 0
38.400 19.200 3.600 0 175 0
38.400 19.200 4.000 0 175 0
38.400 19.600 1.200 150 240 80
38.400 19.600 2.800 0 175 0
38.400 19.600 3.200 0 175 0
38.400 20.000 1.200 75 0 75
38.400 20.000 2.400 0 175 0
38.400 20.000 2.800 0 175 0
38.400 20.000 4.000 0 175 0
38.400 20.000 4.400 0 175 0
38.400 20.400 1.200 75 0 75
38.400 20.400 2.800 0 175 0
38.400 20.400 3.200 0 175 0
38.400 20.400 4.000 0 175 0
38.400 20.400 4.400 0 175 0
38.400 20.800 1.200 75 0 75
38.400 20.800 2.000 0 175 0
38.400 20.800 3.200 0 175 0
38.400 21.200 1.200 75 0 75
38.400 21.200 4.000 0 175 0
38.400 21.600 1.200 75 0 75
38.400 22.000 1.200 75 0 75
38.400 22.400 1.200 75 0 75
38.400 22.800 1.200 75 0 75
38.400 25.600 0.800 175 0 75
38.400 26.400 0.800 175 0 75
38.400 27.200 0.800 175 0 75
38.400 27.600 0.800 175 0 75
38.400 29.200 0.800 175 0 75
38.400 30.000 0.800 75 0 75
38.400 30.400 0.800 75 0 75
38.400 30.400 1.200 75 0 75
38.400 31.200 1.200 75 0 75
38.400 33.600 0.800 150 240 80
38.400 34.000 1.200 150 240 80
38.400 34.400 1.200 150 240 80
38.400 34.800 1.200 150 240 80
38.400 35.200 1.200 255 240 150
38.400 35.200 1.600 255 240 150
38.400 35.200 2.000 255 240 150
38.400 35.200 2.400 255 240 150
38.400 35.200 2.800 255 240 150
38.400 35.200 3.200 255 240 150
38.400 35.200 3.600 255 240 150
38.400 35.200 4.000 255 240 150
38.400 35.200 4.400 255 240 150
38.400 35.600 1.200 255 240 150
38.400 35.600 1.600 255 240 150
38.400 35.600 2.000 255 240 150
38.400 35.600 2.400 255 240 150
38.400 35.600 2.800 255 240 150
38.400 35.600 3.200 255 240 150
38.400 35.600 3.600 255 240 150
38.400 38.000 0.800 150 240 80
38.400 38.400 0.800 150 240 80
38.400 38.800 0.800 150 240 80
38.400 38.800 1.200 150 240 80
38.800 0.800 2.800 0 175 0
38.800 0.800 3.200 0 175 0
38.800 1.200 2.400 0 175 0
38.800 1.200 2.800 0 175 0
38.800 1.200 3.200 0 175 0
38.800 1.200 3.600 0 175 0
38.800 1.600 2.000 0 175 0
38.800 1.600 2.400 0 175 0
38.800 1.600 2.800 0 175 0
38.800 1.600 3.200 0 175 0
38.800 1.600 3.600 0 175 0
38.800 1.600 4.000 0 175 0
38.800 2.000 2.400 0 175 0
38.800 2.000 2.800 0 175 0
38.800 2.000 3.200 0 175 0
38.800 2.000 3.600 0 175 0
38.800 2.400 2.400 0 175 0
38.800 2.400 2.800 0 175 0
38.800 2.400 3.200 0 175 0
38.800 4.000 1.200 0 175 0
38.800 4.000 1.600 0 175 0
38.800 4.000 2.000 0 175 0
38.800 4.400 1.200 150 240 80
38.800 4.400 1.600 0 175 0
38.800 4.400 2.000 0 175 0
38.800 4.800 1.200 75 0 75
38.800 5.200 1.200 75 0 75
38.800 5.600 1.200 75 0 75
38.800 6.000 1.200 75 0 75
38.800 6.400 1.200 75 0 75
38.800 6.800 1.200 75 0 75
38.800 7.200 1.200 75 0 75
38.800 7.600 1.200 75 0 75
38.800 8.000 2.000 100 150 245
38.800 8.400 2.400 100 150 245
38.800 8.800 2.400 100 150 245
38.800 9.200 2.400 100 150 245
38.800 9.600 1.200 255 0 255
38.800 9.600 2.000 100 150 245
38.800 9.600 2.400 100 150 245
38.800 9.600 2.800 100 150 245
38.800 10.000 1.200 100 150 245
38.800 10.000 1.600 100 150 245
38.800 10.000 2.000 100 150 245
38.800 12.000 1.200 255 0 255
38.800 12.400 1.200 255 0 255
38.800 12.800 1.200 255 0 255
38.800 13.200 1.200 255 0 255
38.800 13.600 1.200 255 0 255
38.800 14.000 1.200 255 0 255
38.800 14.400 1.200 255 0 255
38.800 14.800 1.200 255 0 255
38.800 15.200 1.200 255 0 255
38.800 15.600 1.200 255 0 255
38.800 16.000 1.200 255 0 255
38.800 16.400 1.200 150 240 80
38.800 16.800 1.200 150 240 80
38.800 17.200 1.200 150 240 80
38.800 17.600 1.200 150 240 80
38.800 18.000 1.200 150 240 80
38.800 18.000 4.000 0 175 0
38.800 18.400 1.200 150 240 80
38.800 18.800 1.200 150 240 80
38.800 18.800 1.600 0 175 0
38.800 18.800 4.000 0 175 0
38.800 19.200 1.200 150 240 80
38.800 19.200 2.800 0 175 0
38.800 19.200 3.200 0 175 0
38.800 19.600 1.200 75 0 75
38.800 19.600 2.800 0 175 0
38.800 19.600 3.200 0 175 0
38.800 20.000 1.200 75 0 75
38.800 20.000 3.200 0 175 0
38.800 20.400 1.200 75 0 75
38.800 20.400 2.400 0 175 0
38.800 20.800 1.200 75 0 75
38.800 21.200 1.200 75 0 75
38.800 21.600 1.200 75 0 75
38.800 22.000 1.200 75 0 75
38.800 22.400 1.200 75 0 75
38.800 25.200 0.800 175 0 75
38.800 25.600 0.800 175 0 75
38.800 26.000 0.800 175 0 75
38.800 26.400 0.800 175 0 75
38.800 27.200 0.800 175 0 75
38.800 28.800 0.800 175 0 75
38.800 29.200 0.800 175 0 75
38.800 30.000 0.800 75 0 75
38.800 30.000 1.200 75 0 75
38.800 30.400 0.800 75 0 75
38.800 30.400 1.200 75 0 75
38.800 30.800 1.200 75 0 75
38.800 33.200 0.800 75 0 75
38.800 33.600 1.200 150 240 80
38.800 34.000 1.200 150 240 80
38.800 34.400 1.200 150 240 80
38.800 35.200 1.200 255 240 150
38.800 35.200 3.200 255 240 150
38.800 35.200 3.600 255 240 150
38.800 38.000 0.800 150 240 80
38.800 38.400 0.800 150 240 80
38.800 38.400 1.200 150 240 80
38.800 50.000 0.000 255 0 255
39.200 1.200 2.400 0 175 0
39.200 1.200 2.800 0 175 0
39.200 1.200 3.200 0 175 0
39.200 1.600 2.400 0 175 0
39.200 1.600 2.800 0 175 0
39.200 1.600 3.200 0 175 0
39.200 2.000 2.800 0 175 0
39.200 2.000 3.200 0 175 0
39.200 2.000 3.600 0 175 0
39.200 2.400 2.400 0 175 0
39.200 3.600 1.200 0 175 0
39.200 3.600 1.600 0 175 0
39.200 4.000 1.200 150 240 80
39.200 4.000 1.600 0 175 0
39.200 4.000 2.000 0 175 0
39.200 4.000 2.400 0 175 0
39.200 4.800 1.200 75 0 75
39.200 5.200 1.200 75 0 75
39.200 5.600 1.200 75 0 75
39.200 6.000 1.200 75 0 75
39.200 6.400 1.200 75 0 75
39.200 6.800 1.200 75 0 75
39.200 7.200 1.200 75 0 75
39.200 7.600 1.200 75 0 75
39.200 8.000 2.000 100 150 245
39.200 8.800 2.400 100 150 245
39.200 9.200 2.400 100 150 245
39.200 9.200 2.800 100 150 245
39.200 9.600 1.200 100 150 245
39.200 9.600 1.600 100 150 245
39.200 9.600 2.000 100 150 245
39.200 9.600 2.400 100 150 245
39.200 10.400 1.200 255 0 255
39.200 12.400 1.200 255 0 255
39.200 12.800 1.200 255 0 255
39.200 13.200 1.200 255 0 255
39.200 13.600 1.200 255 0 255
39.200 14.000 1.200 255 0 255
39.200 14.400 1.200 255 0 255
39.200 14.800 1.200 255 0 255
39.200 15.200 1.200 255 0 255
39.200 15.600 1.200 255 0 255
39.200 16.000 1.200 150 240 80
39.200 16.400 1.200 150 240 80
39.200 16.800 1.200 150 240 80
39.200 17.200 1.200 150 240 80
39.200 17.600 1.200 150 240 80
39.200 17.600 4.000 0 175 0
39.200 18.000 1.200 150 240 80
39.200 18.000 4.000 0 175 0
39.200 18.400 1.200 150 240 80
39.200 18.400 4.000 0 175 0
39.200 18.800 1.200 150 240 80
39.200 19.200 1.200 75 0 75
39.200 19.200 3.200 0 175 0
39.200 19.200 4.000 0 175 0
39.200 19.600 1.200 75 0 75
39.200 19.600 4.000 0 175 0
39.200 19.600 4.800 0 175 0
39.200 20.000 1.200 75 0 75
39.200 20.000 3.200 0 175 0
39.200 20.400 1.200 75 0 75
39.200 20.800 1.200 75 0 75
39.200 21.200 1.200 75 0 75
39.200 21.200 4.000 0 175 0
39.200 21.600 1.200 75 0 75
39.200 22.000 1.200 75 0 75
39.200 25.200 0.800 175 0 75
39.200 25.600 0.800 175 0 75
39.200 26.000 0.800 175 0 75
39.200 26.800 0.800 175 0 75
39.200 28.800 0.800 175 0 75
39.200 29.600 0.800 75 0 75
39.200 30.000 0.800 75 0 75
39.200 30.000 1.200 75 0 75
39.200 30.400 1.200 75 0 75
39.200 30.800 1.200 75 0 75
39.200 33.200 1.200 150 240 80
39.200 33.600 1.200 150 240 80
39.200 34.000 1.200 150 240 80
39.200 34.400 1.200 150 240 80
39.200 37.600 0.800 150 240 80
39.200 38.000 0.800 150 240 80
39.200 38.000 1.200 150 240 80
39.200 38.400 1.200 150 240 80
39.600 0.000 2.000 0 175 0
39.600 0.000 2.400 0 175 0
39.600 0.000 2.800 0 175 0
39.600 0.000 3.200 0 175 0
39.600 0.000 3.600 0 175 0
39.600 1.600 1.200 150 240 80
39.600 1.600 2.800 0 175 0
39.600 3.200 2.000 0 175 0
39.600 3.600 1.600 0 175 0
39.600 3.600 2.000 0 175 0
39.600 3.600 2.400 0 175 0
39.600 4.000 1.600 0 175 0
39.600 4.000 2.000 0 175 0
39.600 4.000 2.400 0 175 0
39.600 4.400 1.200 75 0 75
39.600 4.800 1.200 75 0 75
39.600 5.200 1.200 75 0 75
39.600 5.600 1.200 75 0 75
39.600 6.000 1.200 75 0 75
39.600 6.400 1.200 75 0 75
39.600 6.800 1.200 75 0 75
39.600 7.200 1.200 75 0 75
39.600 7.600 1.200 255 0 255
39.600 7.600 2.000 100 150 245
39.600 8.000 1.200 255 0 255
39.600 8.000 2.000 100 150 245
39.600 8.400 1.200 255 0 255
39.600 8.400 2.000 100 150 245
39.600 8.800 2.000 100 150 245
39.600 9.200 1.200 255 0 255
39.600 9.200 2.000 100 150 245
39.600 9.200 2.400 100 150 245
39.600 9.600 1.200 255 0 255
39.600 9.600 1.600 100 150 245
39.600 9.600 2.000 100 150 245
39.600 10.000 1.200 255 0 255
39.600 10.800 1.200 255 0 255
39.600 11.600 1.200 255 0 255
39.600 12.000 1.200 255 0 255
39.600 12.400 1.200 255 0 255
39.600 12.800 1.200 255 0 255
39.600 13.200 1.200 255 0 255
39.600 13.600 1.200 255 0 255
39.600 14.000 1.200 255 0 255
39.600 14.400 1.200 255 0 255
39.600 14.800 1.200 255 0 255
39.600 15.200 1.200 255 0 255
39.600 15.600 1.200 255 0 255
39.600 16.000 1.200 150 240 80
39.600 16.400 1.200 150 240 80
39.600 16.800 1.200 150 240 80
39.600 17.200 1.200 150 240 80
39.600 17.600 1.200 150 240 80
39.600 18.000 1.200 150 240 80
39.600 18.400 1.200 150 240 80
39.600 18.800 1.200 75 0 75
39.600 19.200 1.200 75 0 75
39.600 19.200 3.200 0 175 0
39.600 19.600 1.200 75 0 75
39.600 19.600 3.200 0 175 0
39.600 20.000 1.200 75 0 75
39.600 20.400 1.200 75 0 75
39.600 20.400 4.000 0 175 0
39.600 20.800 1.200 75 0 75
39.600 21.200 1.200 75 0 75
39.600 21.200 4.000 0 175 0
39.600 21.600 1.200 75 0 75
39.600 22.000 1.200 75 0 75
39.600 24.800 0.800 175 0 75
39.600 25.600 0.800 175 0 75
39.600 26.000 0.800 175 0 75
39.600 26.400 0.800 175 0 75
39.600 28.400 0.800 175 0 75
39.600 29.600 0.800 75 0 75
39.600 29.600 1.200 75 0 75
39.600 30.000 1.200 75 0 75
39.600 30.400 1.200 75 0 75
39.600 30.800 1.200 75 0 75
39.600 31.200 1.200 75 0 75
39.600 33.200 1.200 150 240 80
39.600 33.600 1.200 150 240 80
39.600 37.600 0.800 150 240 80
39.600 38.400 1.200 150 240 80
40.000 0.000 2.000 0 175 0
40.000 0.000 2.400 0 175 0
40.000 0.000 2.800 0 175 0
40.000 0.000 3.200 0 175 0
40.000 0.000 3.600 0 175 0
40.000 0.000 4.000 0 175 0
40.000 0.400 2.400 0 175 0
40.000 0.400 2.800 0 175 0
40.000 0.400 3.200 0 175 0
40.000 0.400 3.600 0 175 0
40.000 3.200 1.600 0 175 0
40.000 3.200 2.000 0 175 0
40.000 3.600 1.600 0 175 0
40.000 3.600 2.000 0 175 0
40.000 4.000 1.200 75 0 75
40.000 4.800 1.200 75 0 75
40.000 5.200 1.200 75 0 75
40.000 5.600 1.200 75 0 75
40.000 6.000 1.200 75 0 75
40.000 6.400 1.200 75 0 75
40.000 6.800 1.200 255 0 255
40.000 7.200 1.200 255 0 255
40.000 7.600 1.200 255 0 255
40.000 7.600 1.600 100 150 245
40.000 7.600 2.000 100 150 245
40.000 8.000 1.200 255 0 255
40.000 8.000 2.000 100 150 245
40.000 8.400 1.200 255 0 255
40.000 8.400 2.000 100 150 245
40.000 8.800 1.200 255 0 255
40.000 8.800 2.000 100 150 245
40.000 9.200 1.200 100 150 245
40.000 9.200 1.600 100 150 245
40.000 9.200 2.000 100 150 245
40.000 9.600 1.200 255 0 255
40.000 10.000 1.200 255 0 255
40.000 10.400 1.200 255 0 255
40.000 10.800 1.200 255 0 255
40.000 11.200 1.200 255 0 255
40.000 11.600 1.200 255 0 255
40.000 12.000 1.200 255 0 255
40.000 12.400 1.200 255 0 255
40.000 12.800 1.200 255 0 255
40.000 13.200 1.200 255 0 255
40.000 13.600 1.200 255 0 255
40.000 14.000 1.200 255 0 255
40.000 14.400 1.200 255 0 255
40.000 14.800 1.200 255 0 255
40.000 15.200 1.200 255 0 255
40.000 15.600 1.200 150 240 80
40.000 16.000 1.200 150 240 80
40.000 16.400 1.200 150 240 80
40.000 16.800 1.200 150 240 80
40.000 17.200 1.200 150 240 80
40.000 17.600 1.200 150 240 80
40.000 17.600 1.600 150 240 80
40.000 18.000 1.200 150 240 80
40.000 18.400 1.200 150 240 80
40.000 18.800 1.200 75 0 75
40.000 19.200 1.200 75 0 75
40.000 19.600 1.200 75 0 75
40.000 20.000 1.200 75 0 75
40.000 20.400 1.200 75 0 75
40.000 20.800 1.200 75 0 75
40.000 21.200 1.200 75 0 75
40.000 21.600 1.200 75 0 75
40.000 24.400 0.800 175 0 75
40.000 24.800 0.800 175 0 75
40.000 25.200 0.800 175 0 75
40.000 25.600 0.800 175 0 75
40.000 26.000 0.800 175 0 75
40.000 26.400 0.800 175 0 75
40.000 28.000 0.800 175 0 75
40.000 28.400 0.800 175 0 75
40.000 29.200 0.800 75 0 75
40.000 29.200 1.200 75 0 75
40.000 29.600 1.200 75 0 75
40.000 30.000 1.200 75 0 75
40.000 30.400 1.200 75 0 75
40.000 30.800 1.200 75 0 75
40.000 31.200 1.200 75 0 75
40.000 32.800 1.200 150 240 80
40.000 33.200 1.200 150 240 80
40.000 33.600 1.200 150 240 80
40.000 34.000 1.200 150 240 80
40.000 37.200 0.800 150 240 80
40.000 37.600 4.400 0 175 0
40.000 38.000 1.200 150 240 80
40.000 38.000 4.400 0 175 0
40.000 38.400 1.200 150 240 80
40.000 50.800 0.000 255 0 255
40.400 0.400 2.000 0 175 0
40.400 0.400 2.400 0 175 0
40.400 0.400 2.800 0 175 0
40.400 0.400 3.200 0 175 0
40.400 0.400 3.600 0 175 0
40.400 0.400 4.000 0 175 0
40.400 0.800 1.600 150 240 80
40.400 0.800 3.600 0 175 0
40.400 2.800 1.600 0 175 0
40.400 2.800 2.000 0 175 0
40.400 2.800 2.400 0 175 0
40.400 3.200 1.200 0 175 0
40.400 3.200 1.600 0 175 0
40.400 3.200 2.000 0 175 0
40.400 3.200 2.400 0 175 0
40.400 4.000 1.200 75 0 75
40.400 4.400 1.200 75 0 75
40.400 5.200 1.200 75 0 75
40.400 5.600 1.200 75 0 75
40.400 6.000 1.200 75 0 75
40.400 6.400 1.200 255 0 255
40.400 6.800 1.200 255 0 255
40.400 7.200 1.200 255 0 255
40.400 7.600 1.200 255 0 255
40.400 7.600 1.600 100 150 245
40.400 8.000 1.200 255 0 255
40.400 8.000 1.600 100 150 245
40.400 8.000 2.000 100 150 245
40.400 8.400 1.200 255 0 255
40.400 8.400 1.600 100 150 245
40.400 8.400 2.000 100 150 245
40.400 8.800 1.200 255 0 255
40.400 8.800 1.600 100 150 245
40.400 8.800 2.000 100 150 245
40.400 9.200 1.200 255 0 255
40.400 9.200 1.600 100 150 245
40.400 9.200 2.000 100 150 245
40.400 9.600 1.200 255 0 255
40.400 10.000 1.200 255 0 255
40.400 10.400 1.200 255 0 255
40.400 10.800 1.200 255 0 255
40.400 11.200 1.200 255 0 255
40.400 11.600 1.200 255 0 255
40.400 12.000 1.200 255 0 255
40.400 12.400 1.200 255 0 255
40.400 12.800 1.200 255 0 255
40.400 13.200 1.200 255 0 255
40.400 13.600 1.200 255 0 255
40.400 14.000 1.200 255 0 255
40.400 14.400 1.200 255 0 255
40.400 14.800 1.200 255 0 255
40.400 15.200 1.200 150 240 80
40.400 15.600 1.200 150 240 80
40.400 16.000 1.200 150 240 80
40.400 16.400 1.200 150 240 80
40.400 16.800 1.200 150 240 80
40.400 17.200 1.200 150 240 80
40.400 18.400 1.200 75 0 75
40.400 18.800 1.200 75 0 75
40.400 19.200 1.200 75 0 75
40.400 19.600 1.200 75 0 75
40.400 20.000 1.200 75 0 75
40.400 20.800 1.200 75 0 75
40.400 21.200 1.200 75 0 75
40.400 24.000 0.800 175 0 75
40.400 24.400 0.800 175 0 75
40.400 24.800 0.800 175 0 75
40.400 25.200 0.800 175 0 75
40.400 25.600 0.800 175 0 75
40.400 26.000 0.800 175 0 75
40.400 27.600 0.800 175 0 75
40.400 28.000 0.800 175 0 75
40.400 28.800 0.800 75 0 75
40.400 28.800 1.200 75 0 75
40.400 29.200 1.200 75 0 75
40.400 29.600 1.200 75 0 75
40.400 30.000 1.200 75 0 75
40.400 30.400 1.200 75 0 75
40.400 30.800 1.200 75 0 75
40.400 31.600 1.200 75 0 75
40.400 32.400 1.200 150 240 80
40.400 32.800 1.200 150 240 80
40.400 33.200 1.200 150 240 80
40.400 34.000 1.200 150 240 80
40.400 36.800 4.000 0 175 0
40.400 36.800 4.400 0 175 0
40.400 37.200 3.600 0 175 0
40.400 37.200 4.000 0 175 0
40.400 37.600 3.600 0 175 0
40.400 37.600 4.400 0 175 0
40.400 37.600 4.800 0 175 0
40.800 0.000 2.000 0 175 0
40.800 0.000 2.400 0 175 0
40.800 0.400 2.000 0 175 0
40.800 0.400 2.400 0 175 0
40.800 0.400 2.800 0 175 0
40.800 0.400 3.200 0 175 0
40.800 0.400 3.600 0 175 0
40.800 0.400 4.000 0 175 0
40.800 0.400 4.400 0 175 0
40.800 2.400 2.400 0 175 0
40.800 2.800 1.600 0 175 0
40.800 2.800 2.000 0 175 0
40.800 2.800 2.400 0 175 0
40.800 3.600 1.200 75 0 75
40.800 4.400 1.200 75 0 75
40.800 5.200 1.200 75 0 75
40.800 5.600 1.200 75 0 75
40.800 6.000 1.200 75 0 75
40.800 6.400 1.200 255 0 255
40.800 6.800 1.200 255 0 255
40.800 7.200 1.200 255 0 255
40.800 7.600 1.200 255 0 255
40.800 8.000 1.200 255 0 255
40.800 8.000 1.600 100 150 245
40.800 8.400 1.200 255 0 255
40.800 8.400 1.600 100 150 245
40.800 8.800 1.200 255 0 255
40.800 8.800 1.600 100 150 245
40.800 9.200 1.200 255 0 255
40.800 9.600 1.200 255 0 255
40.800 10.000 1.200 255 0 255
40.800 10.400 1.200 255 0 255
40.800 10.800 1.200 255 0 255
40.800 11.200 1.200 255 0 255
40.800 11.600 1.200 255 0 255
40.800 12.000 1.200 255 0 255
40.800 12.400 1.200 255 0 255
40.800 12.800 1.200 255 0 255
40.800 13.200 1.200 255 0 255
40.800 13.600 1.200 255 0 255
40.800 14.000 1.200 255 0 255
40.800 14.400 1.200 255 0 255
40.800 14.800 1.200 150 240 80
40.800 15.200 1.200 150 240 80
40.800 15.600 1.200 150 240 80
40.800 16.000 1.200 150 240 80
40.800 16.400 1.200 150 240 80
40.800 16.800 1.200 150 240 80
40.800 17.200 1.600 150 240 80
40.800 17.600 1.200 150 240 80
40.800 17.600 1.600 255 240 150
40.800 17.600 2.000 255 240 150
40.800 17.600 2.400 255 240 150
40.800 17.600 2.800 255 240 150
40.800 17.600 3.200 255 240 150
40.800 17.600 3.600 255 240 150
40.800 17.600 4.000 255 240 150
40.800 17.600 4.400 255 240 150
40.800 18.000 3.200 255 240 150
40.800 18.400 1.200 75 0 75
40.800 18.800 1.200 75 0 75
40.800 19.200 1.200 75 0 75
40.800 20.000 1.200 75 0 75
40.800 20.800 1.200 75 0 75
40.800 21.200 1.200 75 0 75
40.800 24.000 0.800 175 0 75
40.800 24.800 0.800 175 0 75
40.800 25.200 0.800 175 0 75
40.800 25.600 0.800 175 0 75
40.800 27.600 0.800 175 0 75
40.800 28.400 0.800 75 0 75
40.800 28.800 0.800 75 0 75
40.800 28.800 1.200 75 0 75
40.800 29.200 1.200 75 0 75
40.800 29.600 1.200 75 0 75
40.800 30.000 1.200 75 0 75
40.800 30.400 1.200 75 0 75
40.800 30.800 1.200 75 0 75
40.800 31.200 1.200 75 0 75
40.800 32.000 1.200 150 240 80
40.800 32.400 1.200 150 240 80
40.800 32.800 1.200 150 240 80
40.800 33.200 1.200 150 240 80
40.800 36.800 4.000 0 175 0
40.800 37.200 3.600 0 175 0
40.800 37.200 4.000 0 175 0
40.800 37.200 4.400 0 175 0
40.800 37.600 3.600 0 175 0
40.800 37.600 4.400 0 175 0
40.800 38.800 0.800 150 240 80
40.800 45.200 0.400 255 0 255
41.200 0.000 2.000 0 175 0
41.200 0.000 2.400 0 175 0
41.200 0.000 2.800 0 175 0
41.200 0.000 3.200 0 175 0
41.200 0.000 3.600 0 175 0
41.200 0.000 4.000 0 175 0
41.200 0.400 1.600 150 240 80
41.200 0.400 2.800 0 175 0
41.200 0.400 3.200 0 175 0
41.200 0.400 3.600 0 175 0
41.200 0.400 4.000 0 175 0
41.200 2.000 2.400 0 175 0
41.200 2.400 1.600 0 175 0
41.200 2.400 2.000 0 175 0
41.200 2.400 2.400 0 175 0
41.200 2.800 1.600 0 175 0
41.200 2.800 2.000 0 175 0
41.200 2.800 2.400 0 175 0
41.200 3.200 1.200 75 0 75
41.200 4.800 1.200 75 0 75
41.200 5.200 1.200 75 0 75
41.200 5.600 1.200 75 0 75
41.200 6.000 1.200 255 0 255
41.200 6.400 1.200 255 0 255
41.200 6.800 1.200 255 0 255
41.200 7.200 1.200 255 0 255
41.200 7.600 1.200 255 0 255
41.200 8.000 1.200 255 0 255
41.200 8.400 1.200 255 0 255
41.200 8.800 1.200 255 0 255
41.200 9.200 1.200 255 0 255
41.200 9.600 1.200 255 0 255
41.200 10.000 1.200 255 0 255
41.200 10.400 1.200 255 0 255
41.200 10.800 1.200 255 0 255
41.200 11.200 1.200 255 0 255
41.200 11.600 1.200 255 0 255
41.200 12.000 1.200 255 0 255
41.200 12.400 1.200 255 0 255
41.200 12.800 1.200 255 0 255
41.200 13.200 1.200 255 0 255
41.200 13.600 1.200 255 0 255
41.200 14.000 1.200 255 0 255
41.200 14.400 1.200 255 0 255
41.200 14.800 1.200 150 240 80
41.200 15.200 1.200 150 240 80
41.200 15.600 1.200 150 240 80
41.200 16.000 1.200 150 240 80
41.200 17.200 1.200 150 240 80
41.200 17.200 1.600 150 240 80
41.200 17.600 1.600 255 240 150
41.200 17.600 2.000 255 240 150
41.200 17.600 2.400 255 240 150
41.200 17.600 2.800 255 240 150
41.200 19.200 1.200 75 0 75
41.200 20.400 1.200 75 0 75
41.200 20.800 1.200 75 0 75
41.200 23.600 0.800 175 0 75
41.200 24.400 0.800 175 0 75
41.200 24.800 0.800 175 0 75
41.200 25.200 0.800 175 0 75
41.200 25.600 0.800 175 0 75
41.200 27.200 0.800 175 0 75
41.200 28.000 0.800 175 0 75
41.200 28.400 0.800 75 0 75
41.200 28.400 1.200 75 0 75
41.200 28.800 1.200 75 0 75
41.200 29.200 1.200 75 0 75
41.200 29.600 1.200 75 0 75
41.200 30.000 1.200 75 0 75
41.200 30.400 1.200 75 0 75
41.200 30.800 1.200 75 0 75
41.200 31.200 1.200 75 0 75
41.200 32.000 1.200 150 240 80
41.200 32.400 1.200 150 240 80
41.200 32.800 1.200 150 240 80
41.200 33.200 1.200 150 240 80
41.200 35.600 4.400 0 175 0
41.200 36.800 4.400 0 175 0
41.200 37.200 3.200 0 175 0
41.200 37.200 3.600 0 175 0
41.200 37.200 4.000 0 175 0
41.200 37.200 4.400 0 175 0
41.200 37.600 0.800 150 240 80
41.200 37.600 4.000 0 175 0
41.200 45.600 0.400 255 0 255
41.600 0.000 2.400 0 175 0
41.600 0.000 2.800 0 175 0
41.600 0.000 3.200 0 175 0
41.600 0.000 3.600 0 175 0
41.600 2.000 1.600 0 175 0
41.600 2.000 2.000 0 175 0
41.600 2.400 1.600 0 175 0
41.600 2.400 2.000 0 175 0
41.600 3.200 1.200 75 0 75
41.600 3.600 1.200 75 0 75
41.600 4.000 1.200 75 0 75
41.600 4.800 1.200 75 0 75
41.600 5.200 1.200 75 0 75
41.600 5.600 1.200 255 0 255
41.600 6.000 1.200 255 0 255
41.600 6.400 1.200 255 0 255
41.600 6.800 1.200 255 0 255
41.600 7.200 1.200 255 0 255
41.600 7.600 1.200 255 0 255
41.600 8.000 1.200 255 0 255
41.600 8.400 1.200 255 0 255
41.600 8.800 1.200 255 0 255
41.600 9.200 1.200 255 0 255
41.600 9.600 1.200 255 0 255
41.600 10.000 1.200 255 0 255
41.600 10.400 1.200 255 0 255
41.600 10.800 1.200 255 0 255
41.600 11.200 1.200 255 0 255
41.600 11.600 1.200 255 0 255
41.600 12.000 1.200 255 0 255
41.600 12.400 1.200 255 0 255
41.600 12.800 1.200 255 0 255
41.600 13.200 1.200 255 0 255
41.600 13.600 1.200 255 0 255
41.600 14.000 1.200 255 0 255
41.600 14.400 1.200 150 240 80
41.600 14.800 1.200 150 240 80
41.600 15.200 1.200 150 240 80
41.600 15.600 1.200 150 240 80
41.600 20.400 1.200 75 0 75
41.600 23.200 0.800 175 0 75
41.600 23.600 0.800 175 0 75
41.600 24.000 0.800 175 0 75
41.600 24.400 0.800 175 0 75
41.600 24.800 0.800 175 0 75
41.600 25.200 0.800 175 0 75
41.600 26.800 0.800 175 0 75
41.600 27.200 0.800 175 0 75
41.600 27.600 0.800 175 0 75
41.600 28.000 0.800 75 0 75
41.600 28.000 1.200 75 0 75
41.600 28.400 0.800 75 0 75
41.600 28.400 1.200 75 0 75
41.600 28.800 1.200 75 0 75
41.600 29.200 1.200 75 0 75
41.600 29.600 1.200 75 0 75
41.600 30.000 1.200 75 0 75
41.600 30.400 1.200 75 0 75
41.600 30.800 1.200 75 0 75
41.600 31.200 1.200 75 0 75
41.600 31.600 1.200 150 240 80
41.600 32.000 1.200 150 240 80
41.600 32.400 1.200 150 240 80
41.600 33.200 1.200 150 240 80
41.600 33.600 1.200 150 240 80
41.600 35.200 4.000 0 175 0
41.600 35.200 4.400 0 175 0
41.600 35.600 4.400 0 175 0
41.600 36.000 1.200 135 60 0
41.600 36.400 1.200 150 240 80
41.600 36.400 1.600 135 60 0
41.600 36.400 2.000 135 60 0
41.600 36.400 2.400 135 60 0
41.600 36.400 2.800 135 60 0
41.600 36.800 3.200 0 175 0
41.600 36.800 3.600 0 175 0
41.600 36.800 4.000 0 175 0
41.600 37.200 3.200 0 175 0
41.600 37.200 3.600 0 175 0
41.600 37.200 4.000 0 175 0
41.600 37.600 3.600 0 175 0
41.600 37.600 4.000 0 175 0
41.600 38.000 0.800 150 240 80
41.600 38.400 0.800 150 240 80
41.600 45.600 0.400 255 0 255
41.600 50.400 0.000 255 0 255
42.000 1.600 1.600 150 240 80
42.000 1.600 2.000 0 175 0
42.000 2.000 1.600 150 240 80
42.000 2.000 2.000 0 175 0
42.000 2.000 2.400 0 175 0
42.000 3.200 1.200 75 0 75
42.000 3.600 1.200 75 0 75
42.000 4.400 1.200 75 0 75
42.000 4.800 1.200 75 0 75
42.000 5.200 1.200 75 0 75
42.000 5.600 1.200 255 0 255
42.000 6.000 1.200 255 0 255
42.000 6.400 1.200 255 0 255
42.000 6.800 1.200 255 0 255
42.000 7.200 1.200 255 0 255
42.000 7.600 1.200 255 0 255
42.000 8.000 1.200 255 0 255
42.000 8.400 1.200 255 0 255
42.000 8.800 1.200 255 0 255
42.000 9.200 1.200 255 0 255
42.000 9.600 1.200 255 0 255
42.000 10.000 1.200 255 0 255
42.000 10.400 1.200 255 0 255
42.000 10.800 1.200 255 0 255
42.000 11.200 1.200 255 0 255
42.000 11.600 1.200 255 0 255
42.000 12.000 1.200 255 0 255
42.000 12.400 1.200 255 0 255
42.000 12.800 1.200 255 0 255
42.000 13.200 1.200 255 0 255
42.000 13.600 1.200 255 0 255
42.000 14.000 1.200 150 240 80
42.000 14.400 1.200 150 240 80
42.000 14.800 1.200 150 240 80
42.000 15.200 1.200 150 240 80
42.000 16.000 1.600 150 240 80
42.000 16.400 1.200 150 240 80
42.000 16.800 1.200 150 240 80
42.000 17.600 1.600 75 0 75
42.000 18.800 1.200 75 0 75
42.000 23.200 0.800 175 0 75
42.000 24.000 0.800 175 0 75
42.000 24.400 0.800 175 0 75
42.000 24.800 0.800 175 0 75
42.000 26.000 0.800 175 0 75
42.000 26.400 0.800 175 0 75
42.000 26.800 0.800 175 0 75
42.000 27.600 0.800 75 0 75
42.000 27.600 1.200 75 0 75
42.000 28.000 0.800 75 0 75
42.000 28.000 1.200 75 0 75
42.000 28.400 1.200 75 0 75
42.000 28.800 1.200 75 0 75
42.000 29.200 1.200 75 0 75
42.000 29.600 1.200 75 0 75
42.000 30.000 1.200 75 0 75
42.000 30.400 1.200 75 0 75
42.000 30.800 1.200 75 0 75
42.000 31.200 1.200 150 240 80
42.000 31.600 1.200 150 240 80
42.000 32.000 1.200 150 240 80
42.000 32.400 1.200 150 240 80
42.000 33.600 1.200 150 240 80
42.000 34.800 4.000 0 175 0
42.000 35.200 4.000 0 175 0
42.000 35.600 1.200 150 240 80
42.000 35.600 3.600 0 175 0
42.000 35.600 4.000 0 175 0
42.000 35.600 4.800 0 175 0
42.000 36.000 1.200 135 60 0
42.000 36.000 1.600 135 60 0
42.000 36.000 2.000 135 60 0
42.000 36.000 3.200 0 175 0
42.000 36.000 3.600 0 175 0
42.000 36.000 4.000 0 175 0
42.000 36.000 4.400 0 175 0
42.000 36.000 4.800 0 175 0
42.000 36.400 1.200 150 240 80
42.000 36.400 1.600 135 60 0
42.000 36.400 2.000 135 60 0
42.000 36.400 2.400 135 60 0
42.000 36.400 2.800 135 60 0
42.000 36.400 3.200 0 175 0
42.000 36.400 3.600 0 175 0
42.000 36.400 4.000 0 175 0
42.000 36.400 4.400 0 175 0
42.000 36.400 4.800 0 175 0
42.000 36.800 3.200 0 175 0
42.000 36.800 3.600 0 175 0
42.000 36.800 4.000 0 175 0
42.000 37.200 3.200 0 175 0
42.000 37.200 3.600 0 175 0
42.000 37.600 0.800 150 240 80
42.000 37.600 3.200 0 175 0
42.000 37.600 4.000 0 175 0
42.000 38.000 0.800 150 240 80
42.000 38.000 1.200 150 240 80
42.000 50.000 0.000 255 0 255
42.000 50.400 0.000 255 0 255
42.400 1.600 1.600 150 240 80
42.400 1.600 2.000 0 175 0
42.400 3.200 1.200 75 0 75
42.400 3.600 1.200 75 0 75
42.400 4.000 1.200 75 0 75
42.400 4.400 1.200 75 0 75
42.400 4.800 1.200 75 0 75
42.400 5.200 1.200 255 0 255
42.400 5.600 1.200 255 0 255
42.400 5.600 1.600 100 150 245
42.400 5.600 2.000 100 150 245
42.400 6.000 1.200 255 0 255
42.400 6.000 1.600 100 150 245
42.400 6.000 2.000 100 150 245
42.400 6.400 1.200 255 0 255
42.400 6.800 1.200 255 0 255
42.400 7.200 1.200 255 0 255
42.400 7.600 1.200 255 0 255
42.400 8.000 1.200 255 0 255
42.400 8.400 1.200 255 0 255
42.400 8.800 1.200 255 0 255
42.400 9.200 1.200 255 0 255
42.400 9.600 1.200 255 0 255
42.400 10.000 1.200 255 0 255
42.400 10.400 1.200 255 0 255
42.400 10.800 1.200 255 0 255
42.400 11.200 1.200 255 0 255
42.400 11.600 1.200 255 0 255
42.400 12.000 1.200 255 0 255
42.400 12.400 1.200 255 0 255
42.400 12.800 1.200 255 0 255
42.400 13.200 1.200 255 0 255
42.400 13.600 1.200 255 0 255
42.400 14.000 1.200 150 240 80
42.400 14.400 1.200 150 240 80
42.400 14.800 1.200 150 240 80
42.400 15.200 1.200 150 240 80
42.400 15.600 1.200 150 240 80
42.400 16.000 1.200 150 240 80
42.400 16.000 1.600 150 240 80
42.400 16.400 1.200 150 240 80
42.400 22.800 0.800 175 0 75
42.400 23.200 0.800 175 0 75
42.400 23.600 0.800 175 0 75
42.400 24.000 0.800 175 0 75
42.400 24.400 0.800 175 0 75
42.400 24.800 0.800 175 0 75
42.400 26.000 0.800 175 0 75
42.400 26.400 0.800 175 0 75
42.400 27.200 0.800 175 0 75
42.400 27.600 0.800 75 0 75
42.400 27.600 1.200 75 0 75
42.400 28.000 1.200 75 0 75
42.400 28.400 1.200 75 0 75
42.400 28.800 1.200 75 0 75
42.400 29.200 1.200 75 0 75
42.400 29.600 1.200 75 0 75
42.400 30.000 1.200 75 0 75
42.400 30.400 1.200 75 0 75
42.400 30.800 1.200 150 240 80
42.400 31.200 1.200 150 240 80
42.400 31.600 1.200 150 240 80
42.400 32.000 1.200 150 240 80
42.400 34.400 4.000 0 175 0
42.400 34.800 4.000 0 175 0
42.400 35.200 3.600 0 175 0
42.400 35.200 4.000 0 175 0
42.400 35.600 1.200 150 240 80
42.400 35.600 3.200 0 175 0
42.400 35.600 3.600 0 175 0
42.400 35.600 4.000 0 175 0
42.400 35.600 4.400 0 175 0
42.400 36.000 1.200 150 240 80
42.400 36.000 3.200 0 175 0
42.400 36.000 3.600 0 175 0
42.400 36.000 4.000 0 175 0
42.400 36.000 4.400 0 175 0
42.400 36.400 1.200 150 240 80
42.400 36.400 4.000 0 175 0
42.400 36.400 4.400 0 175 0
42.400 36.400 4.800 0 175 0
42.400 36.800 3.600 0 175 0
42.400 36.800 4.400 0 175 0
42.400 37.200 1.200 150 240 80
42.400 37.200 3.600 0 175 0
42.400 37.600 0.800 150 240 80
42.400 37.600 3.600 0 175 0
42.400 38.000 3.600 0 175 0
42.400 38.000 4.000 0 175 0
42.400 38.400 0.800 150 240 80
42.400 46.000 0.400 255 0 255
42.800 0.000 1.600 150 240 80
42.800 1.200 1.600 0 175 0
42.800 1.200 2.000 0 175 0
42.800 1.200 2.400 0 175 0
42.800 1.600 1.600 150 240 80
42.800 1.600 2.000 0 175 0
42.800 1.600 2.400 0 175 0
42.800 3.200 1.200 75 0 75
42.800 3.600 1.200 75 0 75
42.800 4.400 1.200 75 0 75
42.800 4.800 1.200 255 0 255
42.800 5.200 1.200 255 0 255
42.800 5.600 1.200 255 0 255
42.800 5.600 2.000 100 150 245
42.800 5.600 2.400 100 150 245
42.800 6.000 1.200 255 0 255
42.800 6.000 1.600 100 150 245
42.800 6.000 2.000 100 150 245
42.800 6.000 2.400 100 150 245
42.800 6.400 1.200 255 0 255
42.800 6.400 1.600 100 150 245
42.800 6.400 2.000 100 150 245
42.800 6.800 1.200 255 0 255
42.800 6.800 2.000 100 150 245
42.800 7.200 1.200 255 0 255
42.800 7.600 1.200 255 0 255
42.800 8.000 1.200 255 0 255
42.800 8.400 1.200 255 0 255
42.800 8.800 1.200 255 0 255
42.800 9.200 1.200 255 0 255
42.800 9.600 1.200 255 0 255
42.800 10.000 1.200 255 0 255
42.800 10.400 1.200 255 0 255
42.800 10.800 1.200 255 0 255
42.800 11.200 1.200 255 0 255
42.800 11.600 1.200 255 0 255
42.800 12.000 1.200 255 0 255
42.800 12.400 1.200 255 0 255
42.800 12.800 1.200 255 0 255
42.800 13.200 1.200 255 0 255
42.800 13.600 1.200 150 240 80
42.800 14.000 1.200 150 240 80
42.800 14.400 1.200 150 240 80
42.800 14.800 1.200 150 240 80
42.800 15.200 1.600 150 240 80
42.800 15.600 1.200 150 240 80
42.800 15.600 1.600 150 240 80
42.800 16.000 1.200 150 240 80
42.800 22.400 0.800 175 0 75
42.800 22.800 0.800 175 0 75
42.800 23.600 0.800 175 0 75
42.800 24.000 0.800 175 0 75
42.800 24.400 0.800 175 0 75
42.800 24.800 0.800 175 0 75
42.800 25.600 0.800 175 0 75
42.800 26.000 0.800 175 0 75
42.800 26.400 0.800 175 0 75
42.800 27.200 0.800 75 0 75
42.800 27.200 1.200 75 0 75
42.800 27.600 1.200 75 0 75
42.800 28.000 1.200 75 0 75
42.800 28.400 1.200 75 0 75
42.800 28.800 1.200 75 0 75
42.800 29.200 1.200 75 0 75
42.800 29.600 1.200 75 0 75
42.800 30.000 1.200 75 0 75
42.800 30.400 1.200 75 0 75
42.800 30.800 1.200 150 240 80
42.800 31.200 1.200 150 240 80
42.800 31.600 1.200 150 240 80
42.800 34.400 4.400 0 175 0
42.800 34.800 3.600 0 175 0
42.800 34.800 4.000 0 175 0
42.800 35.200 1.200 150 240 80
42.800 35.200 3.600 0 175 0
42.800 35.200 4.000 0 175 0
42.800 35.600 1.200 150 240 80
42.800 35.600 4.000 0 175 0
42.800 35.600 4.800 0 175 0
42.800 36.000 3.200 0 175 0
42.800 36.000 4.000 0 175 0
42.800 36.000 4.400 0 175 0
42.800 36.400 3.200 0 175 0
42.800 36.400 3.600 0 175 0
42.800 36.400 4.000 0 175 0
42.800 36.400 4.800 0 175 0
42.800 37.200 0.800 150 240 80
42.800 37.200 3.200 0 175 0
42.800 37.200 3.600 0 175 0
42.800 37.600 0.800 150 240 80
42.800 37.600 1.200 150 240 80
42.800 37.600 3.600 0 175 0
42.800 38.000 0.800 150 240 80
42.800 38.000 4.000 0 175 0
42.800 38.400 3.600 0 175 0
42.800 38.400 4.000 0 175 0
42.800 42.800 0.400 255 0 255
42.800 44.800 0.400 255 0 255
42.800 46.000 0.400 255 0 255
43.200 0.800 1.600 0 175 0
43.200 0.800 2.400 0 175 0
43.200 1.200 1.600 0 175 0
43.200 1.200 2.000 0 175 0
43.200 1.200 2.400 0 175 0
43.200 2.400 1.200 75 0 75
43.200 3.600 1.200 75 0 75
43.200 4.000 1.200 75 0 75
43.200 4.800 1.200 255 0 255
43.200 5.200 1.200 255 0 255
43.200 5.200 2.400 100 150 245
43.200 5.600 1.200 255 0 255
43.200 5.600 2.400 100 150 245
43.200 6.000 1.200 255 0 255
43.200 6.000 1.600 100 150 245
43.200 6.000 2.400 100 150 245
43.200 6.400 1.200 255 0 255
43.200 6.400 1.600 100 150 245
43.200 6.400 2.000 100 150 245
43.200 6.400 2.400 100 150 245
43.200 6.800 1.200 255 0 255
43.200 6.800 1.600 100 150 245
43.200 6.800 2.000 100 150 245
43.200 7.200 1.200 255 0 255
43.200 7.600 1.200 255 0 255
43.200 8.000 1.200 255 0 255
43.200 8.400 1.200 255 0 255
43.200 8.800 1.200 255 0 255
43.200 9.200 1.200 255 0 255
43.200 9.600 1.200 255 0 255
43.200 10.000 1.200 255 0 255
43.200 10.400 1.200 255 0 255
43.200 10.800 1.200 255 0 255
43.200 11.200 1.200 255 0 255
43.200 11.600 1.200 255 0 255
43.200 12.000 1.200 255 0 255
43.200 12.400 1.200 255 0 255
43.200 12.800 1.200 255 0 255
43.200 13.200 1.200 150 240 80
43.200 13.600 1.200 150 240 80
43.200 14.400 1.200 150 240 80
43.200 14.400 1.600 150 240 80
43.200 14.800 1.200 150 240 80
43.200 14.800 1.600 150 240 80
43.200 15.200 1.200 150 240 80
43.200 15.200 1.600 150 240 80
43.200 15.600 1.200 150 240 80
43.200 15.600 1.600 150 240 80
43.200 22.400 0.800 175 0 75
43.200 23.200 0.800 175 0 75
43.200 23.600 0.800 175 0 75
43.200 24.000 0.800 175 0 75
43.200 25.600 0.800 175 0 75
43.200 26.000 0.800 175 0 75
43.200 26.800 0.800 75 0 75
43.200 26.800 1.200 75 0 75
43.200 27.200 0.800 75 0 75
43.200 27.200 1.200 75 0 75
43.200 27.600 1.200 75 0 75
43.200 28.000 1.200 75 0 75
43.200 28.400 1.200 75 0 75
43.200 28.800 1.200 75 0 75
43.200 29.200 1.200 75 0 75
43.200 29.600 1.200 75 0 75
43.200 30.400 1.200 150 240 80
43.200 30.800 1.200 150 240 80
43.200 31.200 1.200 150 240 80
43.200 31.600 1.200 150 240 80
43.200 32.000 1.200 150 240 80
43.200 34.800 4.000 0 175 0
43.200 35.200 1.200 150 240 80
43.200 35.200 4.000 0 175 0
43.200 35.200 4.400 0 175 0
43.200 35.600 1.200 150 240 80
43.200 35.600 3.200 0 175 0
43.200 35.600 3.600 0 175 0
43.200 35.600 4.000 0 175 0
43.200 35.600 4.400 0 175 0
43.200 35.600 4.800 0 175 0
43.200 36.000 3.200 0 175 0
43.200 36.000 3.600 0 175 0
43.200 36.000 4.000 0 175 0
43.200 36.000 4.400 0 175 0
43.200 36.400 3.200 0 175 0
43.200 36.400 3.600 0 175 0
43.200 36.400 4.000 0 175 0
43.200 36.800 3.200 0 175 0
43.200 36.800 3.600 0 175 0
43.200 36.800 4.800 0 175 0
43.200 37.200 0.800 150 240 80
43.200 37.200 3.200 0 175 0
43.200 37.200 3.600 0 175 0
43.200 37.200 4.800 0 175 0
43.200 38.000 4.800 0 175 0
43.200 44.800 0.400 255 0 255
43.600 0.400 2.400 0 175 0
43.600 0.800 1.600 0 175 0
43.600 0.800 2.000 0 175 0
43.600 0.800 2.400 0 175 0
43.600 0.800 3.200 255 240 150
43.600 1.200 1.600 150 240 80
43.600 1.200 2.000 0 175 0
43.600 1.200 2.400 0 175 0
43.600 2.800 1.200 75 0 75
43.600 3.200 1.200 75 0 75
43.600 3.600 1.200 75 0 75
43.600 4.000 1.200 75 0 75
43.600 4.800 1.200 255 0 255
43.600 4.800 2.000 100 150 245
43.600 4.800 2.400 100 150 245
43.600 5.200 1.200 255 0 255
43.600 5.200 2.000 100 150 245
43.600 5.200 2.400 100 150 245
43.600 5.200 2.800 100 150 245
43.600 5.600 1.200 255 0 255
43.600 6.000 1.200 255 0 255
43.600 6.000 2.800 100 150 245
43.600 6.400 1.200 255 0 255
43.600 6.400 2.000 100 150 245
43.600 6.400 2.400 100 150 245
43.600 6.800 1.200 255 0 255
43.600 6.800 1.600 100 150 245
43.600 6.800 2.000 100 150 245
43.600 7.200 1.200 255 0 255
43.600 7.600 1.200 255 0 255
43.600 8.000 1.200 255 0 255
43.600 8.400 1.200 255 0 255
43.600 8.800 1.200 255 0 255
43.600 9.200 1.200 255 0 255
43.600 9.600 1.200 255 0 255
43.600 10.000 1.200 255 0 255
43.600 10.400 1.200 255 0 255
43.600 10.800 1.200 255 0 255
43.600 11.200 1.200 255 0 255
43.600 11.600 1.200 255 0 255
43.600 12.000 1.200 255 0 255
43.600 12.400 1.200 255 0 255
43.600 12.800 1.200 150 240 80
43.600 13.200 1.200 150 240 80
43.600 13.600 1.200 150 240 80
43.600 14.000 1.200 150 240 80
43.600 14.400 1.600 150 240 80
43.600 14.400 4.000 0 175 0
43.600 14.400 4.400 0 175 0
43.600 14.800 1.600 150 240 80
43.600 14.800 4.400 0 175 0
43.600 15.200 1.600 150 240 80
43.600 22.000 0.800 175 0 75
43.600 22.400 0.800 175 0 75
43.600 22.800 0.800 175 0 75
43.600 23.200 0.800 175 0 75
43.600 23.600 0.800 175 0 75
43.600 24.000 0.800 175 0 75
43.600 25.200 0.800 175 0 75
43.600 25.600 0.800 175 0 75
43.600 26.400 0.800 175 0 75
43.600 26.800 0.800 75 0 75
43.600 26.800 1.200 75 0 75
43.600 27.200 1.200 75 0 75
43.600 27.600 1.200 75 0 75
43.600 28.000 1.200 75 0 75
43.600 28.400 1.200 75 0 75
43.600 28.800 1.200 75 0 75
43.600 29.200 1.200 75 0 75
43.600 29.600 1.200 75 0 75
43.600 30.000 1.200 150 240 80
43.600 30.400 1.200 150 240 80
43.600 30.800 1.200 150 240 80
43.600 31.200 1.200 150 240 80
43.600 34.800 1.200 150 240 80
43.600 35.200 1.200 150 240 80
43.600 35.200 4.000 0 175 0
43.600 35.200 4.400 0 175 0
43.600 35.600 4.000 0 175 0
43.600 35.600 4.400 0 175 0
43.600 35.600 4.800 0 175 0
43.600 36.000 3.200 0 175 0
43.600 36.000 4.000 0 175 0
43.600 36.000 4.400 0 175 0
43.600 36.400 3.200 0 175 0
43.600 36.400 3.600 0 175 0
43.600 36.400 4.000 0 175 0
43.600 36.400 4.400 0 175 0
43.600 36.800 0.800 150 240 80
43.600 36.800 3.200 0 175 0
43.600 36.800 3.600 0 175 0
43.600 36.800 4.800 0 175 0
43.600 37.200 3.200 0 175 0
43.600 37.200 3.600 0 175 0
43.600 37.200 4.000 0 175 0
43.600 37.600 3.600 0 175 0
43.600 37.600 4.400 0 175 0
43.600 43.600 0.400 255 0 255
43.600 44.800 0.400 255 0 255
43.600 46.800 0.400 255 0 255
44.000 0.400 1.600 0 175 0
44.000 0.400 2.000 0 175 0
44.000 0.400 2.400 0 175 0
44.000 0.800 1.200 150 240 80
44.000 0.800 1.600 255 240 150
44.000 0.800 2.000 255 240 150
44.000 0.800 2.400 255 240 150
44.000 0.800 2.800 255 240 150
44.000 0.800 3.200 255 240 150
44.000 0.800 3.600 255 240 150
44.000 0.800 4.000 255 240 150
44.000 0.800 4.400 255 240 150
44.000 0.800 4.800 255 240 150
44.000 1.200 1.200 75 0 75
44.000 1.600 1.200 75 0 75
44.000 2.800 1.200 75 0 75
44.000 4.800 2.800 100 150 245
44.000 5.200 1.200 255 0 255
44.000 5.200 2.800 100 150 245
44.000 5.600 1.200 255 0 255
44.000 5.600 2.400 100 150 245
44.000 5.600 2.800 100 150 245
44.000 6.000 1.200 255 0 255
44.000 6.000 2.000 100 150 245
44.000 6.000 2.400 100 150 245
44.000 6.000 2.800 100 150 245
44.000 6.400 1.200 100 150 245
44.000 6.400 1.600 100 150 245
44.000 6.400 2.000 100 150 245
44.000 6.800 1.200 255 0 255
44.000 7.200 1.200 255 0 255
44.000 7.600 1.200 255 0 255
44.000 8.000 1.200 255 0 255
44.000 8.400 1.200 255 0 255
44.000 8.800 1.200 255 0 255
44.000 9.200 1.200 255 0 255
44.000 9.600 1.200 255 0 255
44.000 10.000 1.200 255 0 255
44.000 10.400 1.200 255 0 255
44.000 10.800 1.200 255 0 255
44.000 11.200 1.200 255 0 255
44.000 11.600 1.200 255 0 255
44.000 12.000 1.200 255 0 255
44.000 12.400 1.200 255 0 255
44.000 12.800 1.200 150 240 80
44.000 13.200 1.200 150 240 80
44.000 13.600 1.200 150 240 80
44.000 14.400 1.600 150 240 80
44.000 14.800 4.000 0 175 0
44.000 14.800 4.400 0 175 0
44.000 15.200 1.600 150 240 80
44.000 15.200 4.000 0 175 0
44.000 21.600 0.800 175 0 75
44.000 22.400 0.800 175 0 75
44.000 22.800 0.800 175 0 75
44.000 23.200 0.800 175 0 75
44.000 23.600 0.800 175 0 75
44.000 24.800 0.800 175 0 75
44.000 25.200 0.800 175 0 75
44.000 25.600 0.800 175 0 75
44.000 26.400 0.800 75 0 75
44.000 26.400 1.200 75 0 75
44.000 26.800 1.200 75 0 75
44.000 27.200 1.200 75 0 75
44.000 27.600 1.200 75 0 75
44.000 28.000 1.200 75 0 75
44.000 28.400 1.200 75 0 75
44.000 28.800 1.200 75 0 75
44.000 29.200 1.200 75 0 75
44.000 29.600 1.200 75 0 75
44.000 30.000 1.200 150 240 80
44.000 30.400 1.200 150 240 80
44.000 30.800 1.200 150 240 80
44.000 34.400 1.200 150 240 80
44.000 34.800 1.200 150 240 80
44.000 34.800 4.800 0 175 0
44.000 35.200 1.200 150 240 80
44.000 35.200 4.400 0 175 0
44.000 35.600 1.200 150 240 80
44.000 35.600 4.400 0 175 0
44.000 35.600 4.800 0 175 0
44.000 36.000 3.600 0 175 0
44.000 36.000 4.000 0 175 0
44.000 36.000 4.400 0 175 0
44.000 36.000 4.800 0 175 0
44.000 36.400 3.600 0 175 0
44.000 36.400 4.000 0 175 0
44.000 36.800 0.800 150 240 80
44.000 36.800 3.600 0 175 0
44.000 43.200 0.400 255 0 255
44.000 44.800 0.400 255 0 255
44.000 46.000 0.400 255 0 255
44.000 46.400 0.400 255 0 255
44.400 0.000 1.600 150 240 80
44.400 0.000 2.000 0 175 0
44.400 0.000 2.400 0 175 0
44.400 0.400 1.200 150 240 80
44.400 0.400 1.600 150 240 80
44.400 0.400 2.000 0 175 0
44.400 0.400 2.400 0 175 0
44.400 1.200 1.200 75 0 75
44.400 1.600 1.200 75 0 75
44.400 2.800 1.200 75 0 75
44.400 3.200 1.200 75 0 75
44.400 4.000 2.000 100 150 245
44.400 4.400 2.000 100 150 245
44.400 4.400 2.400 100 150 245
44.400 4.800 1.200 255 0 255
44.400 4.800 2.000 100 150 245
44.400 4.800 2.400 100 150 245
44.400 4.800 2.800 100 150 245
44.400 5.200 1.200 255 0 255
44.400 5.600 1.200 255 0 255
44.400 5.600 2.400 100 150 245
44.400 5.600 2.800 100 150 245
44.400 6.000 1.200 255 0 255
44.400 6.000 1.600 100 150 245
44.400 6.000 2.000 100 150 245
44.400 6.000 2.400 100 150 245
44.400 6.400 1.200 255 0 255
44.400 6.800 1.200 255 0 255
44.400 7.200 1.200 255 0 255
44.400 7.600 1.200 255 0 255
44.400 8.000 1.200 255 0 255
44.400 8.400 1.200 255 0 255
44.400 8.800 1.200 255 0 255
44.400 9.200 1.200 255 0 255
44.400 9.600 1.200 255 0 255
44.400 10.000 1.200 255 0 255
44.400 10.400 1.200 255 0 255
44.400 10.800 1.200 255 0 255
44.400 11.200 1.200 255 0 255
44.400 11.600 1.200 255 0 255
44.400 12.000 1.200 255 0 255
44.400 12.400 1.200 150 240 80
44.400 12.800 1.200 150 240 80
44.400 14.000 1.600 150 240 80
44.400 14.800 1.600 150 240 80
44.400 14.800 4.000 0 175 0
44.400 21.600 0.800 175 0 75
44.400 22.000 0.800 175 0 75
44.400 22.400 0.800 175 0 75
44.400 22.800 0.800 175 0 75
44.400 23.200 0.800 175 0 75
44.400 24.400 0.800 175 0 75
44.400 24.800 0.800 175 0 75
44.400 25.200 0.800 175 0 75
44.400 26.000 0.800 75 0 75
44.400 26.000 1.200 75 0 75
44.400 26.400 1.200 75 0 75
44.400 26.800 1.200 75 0 75
44.400 27.200 1.200 75 0 75
44.400 27.600 1.200 75 0 75
44.400 28.000 1.200 75 0 75
44.400 28.400 1.200 75 0 75
44.400 28.800 1.200 75 0 75
44.400 29.200 1.200 75 0 75
44.400 29.600 1.200 150 240 80
44.400 30.000 1.200 150 240 80
44.400 30.400 1.200 150 240 80
44.400 33.600 1.200 150 240 80
44.400 34.000 1.200 150 240 80
44.400 34.400 1.200 150 240 80
44.400 34.800 1.200 150 240 80
44.400 34.800 4.400 0 175 0
44.400 35.200 1.200 150 240 80
44.400 35.200 4.400 0 175 0
44.400 35.200 4.800 0 175 0
44.400 35.600 4.400 0 175 0
44.400 36.000 4.000 0 175 0
44.400 36.400 4.000 0 175 0
44.400 36.400 4.800 0 175 0
44.400 36.800 0.800 150 240 80
44.400 43.200 0.400 255 0 255
44.400 44.400 0.400 255 0 255
44.400 46.400 0.400 255 0 255
44.400 48.800 0.400 255 0 255
44.800 0.000 1.600 150 240 80
44.800 0.000 2.000 0 175 0
44.800 0.000 2.400 0 175 0
44.800 1.600 1.200 75 0 75
44.800 2.000 1.200 75 0 75
44.800 3.600 2.400 100 150 245
44.800 4.000 2.400 100 150 245
44.800 4.800 2.800 100 150 245
44.800 5.200 2.400 100 150 245
44.800 5.200 2.800 100 150 245
44.800 5.600 1.200 255 0 255
44.800 5.600 1.600 100 150 245
44.800 5.600 2.000 100 150 245
44.800 5.600 2.400 100 150 245
44.800 6.000 1.200 255 0 255
44.800 6.400 1.200 255 0 255
44.800 6.800 1.200 255 0 255
44.800 7.200 1.200 255 0 255
44.800 7.600 1.200 255 0 255
44.800 8.000 1.200 255 0 255
44.800 8.400 1.200 255 0 255
44.800 8.800 1.200 255 0 255
44.800 9.200 1.200 255 0 255
44.800 9.600 1.200 255 0 255
44.800 10.000 1.200 255 0 255
44.800 10.400 1.200 255 0 255
44.800 10.800 1.200 255 0 255
44.800 11.200 1.200 255 0 255
44.800 11.600 1.200 255 0 255
44.800 12.000 1.200 150 240 80
44.800 12.000 3.600 135 60 0
44.800 12.400 1.200 150 240 80
44.800 13.200 1.200 150 240 80
44.800 14.400 1.600 150 240 80
44.800 14.800 1.600 150 240 80
44.800 14.800 4.400 0 175 0
44.800 22.000 0.800 175 0 75
44.800 22.400 0.800 175 0 75
44.800 22.800 0.800 175 0 75
44.800 23.200 0.800 175 0 75
44.800 24.400 0.800 175 0 75
44.800 24.800 0.800 175 0 75
44.800 25.600 0.800 175 0 75
44.800 26.000 0.800 75 0 75
44.800 26.000 1.200 75 0 75
44.800 26.400 1.200 75 0 75
44.800 26.800 1.200 75 0 75
44.800 27.200 1.200 75 0 75
44.800 27.600 1.200 75 0 75
44.800 28.000 1.200 75 0 75
44.800 28.400 1.200 75 0 75
44.800 28.800 1.200 75 0 75
44.800 29.200 1.200 150 240 80
44.800 29.600 1.200 150 240 80
44.800 30.000 1.200 150 240 80
44.800 30.400 1.200 150 240 80
44.800 33.600 1.200 150 240 80
44.800 34.000 1.200 150 240 80
44.800 34.400 1.200 150 240 80
44.800 35.200 4.400 0 175 0
44.800 35.200 4.800 0 175 0
44.800 35.600 4.800 0 175 0
44.800 42.800 0.400 255 0 255
44.800 44.000 0.400 255 0 255
44.800 45.600 0.400 255 0 255
44.800 46.000 0.400 255 0 255
44.800 46.400 0.400 255 0 255
44.800 46.800 0.400 255 0 255
45.200 0.000 1.600 150 240 80
45.200 0.400 1.200 75 0 75
45.200 0.400 1.600 75 0 75
45.200 0.800 1.600 75 0 75
45.200 1.600 1.200 75 0 75
45.200 2.000 1.200 75 0 75
45.200 2.000 1.600 75 0 75
45.200 4.000 2.400 100 150 245
45.200 4.400 2.400 100 150 245
45.200 5.200 1.200 255 0 255
45.200 5.200 2.400 100 150 245
45.200 5.600 1.200 255 0 255
45.200 5.600 1.600 100 150 245
45.200 5.600 2.000 100 150 245
45.200 5.600 2.400 100 150 245
45.200 6.000 1.200 255 0 255
45.200 6.400 1.200 255 0 255
45.200 6.800 1.200 255 0 255
45.200 7.200 1.200 255 0 255
45.200 7.600 1.200 255 0 255
45.200 8.000 1.200 255 0 255
45.200 8.400 1.200 255 0 255
45.200 8.800 1.200 255 0 255
45.200 9.200 1.200 255 0 255
45.200 9.600 1.200 255 0 255
45.200 10.000 1.200 255 0 255
45.200 10.400 1.200 255 0 255
45.200 10.800 1.200 255 0 255
45.200 11.200 1.200 255 0 255
45.200 11.600 1.200 255 0 255
45.200 12.000 1.200 150 240 80
45.200 12.000 3.200 135 60 0
45.200 12.000 4.400 135 60 0
45.200 12.400 1.200 150 240 80
45.200 12.800 1.200 150 240 80
45.200 13.200 1.600 150 240 80
45.200 13.600 1.600 150 240 80
45.200 14.000 1.600 150 240 80
45.200 14.000 4.000 0 175 0
45.200 14.000 4.400 0 175 0
45.200 14.400 1.600 150 240 80
45.200 14.400 4.000 0 175 0
45.200 14.400 4.400 0 175 0
45.200 20.800 0.800 175 0 75
45.200 22.000 0.800 175 0 75
45.200 22.400 0.800 175 0 75
45.200 22.800 0.800 175 0 75
45.200 24.000 0.800 175 0 75
45.200 24.400 0.800 175 0 75
45.200 25.200 0.800 175 0 75
45.200 25.600 0.800 75 0 75
45.200 25.600 1.200 75 0 75
45.200 26.000 1.200 75 0 75
45.200 26.400 1.200 75 0 75
45.200 26.800 1.200 75 0 75
45.200 27.200 1.200 75 0 75
45.200 27.600 1.200 75 0 75
45.200 28.000 1.200 75 0 75
45.200 28.400 1.200 75 0 75
45.200 28.800 1.200 75 0 75
45.200 29.200 1.200 150 240 80
45.200 29.600 1.200 150 240 80
45.200 30.000 1.200 150 240 80
45.200 33.200 1.200 150 240 80
45.200 33.600 1.200 150 240 80
45.200 34.000 1.200 150 240 80
45.200 35.200 4.400 0 175 0
45.200 36.400 1.200 150 240 80
45.200 42.400 0.400 255 0 255
45.200 43.600 0.400 255 0 255
45.200 46.000 0.400 255 0 255
45.200 46.800 0.400 255 0 255
45.600 0.000 1.600 75 0 75
45.600 0.400 1.600 75 0 75
45.600 0.800 1.200 75 0 75
45.600 1.200 1.200 75 0 75
45.600 2.000 1.200 75 0 75
45.600 2.400 1.200 75 0 75
45.600 3.200 1.200 255 0 255
45.600 3.200 2.000 100 150 245
45.600 4.000 2.400 100 150 245
45.600 4.400 2.400 100 150 245
45.600 4.800 1.200 255 0 255
45.600 4.800 2.400 100 150 245
45.600 5.200 1.200 255 0 255
45.600 5.200 1.600 100 150 245
45.600 5.200 2.000 100 150 245
45.600 5.200 2.400 100 150 245
45.600 5.600 1.200 255 0 255
45.600 6.000 1.200 255 0 255
45.600 6.400 1.200 255 0 255
45.600 6.800 1.200 255 0 255
45.600 7.200 1.200 255 0 255
45.600 7.600 1.200 255 0 255
45.600 8.000 1.200 255 0 255
45.600 8.400 1.200 255 0 255
45.600 8.800 1.200 255 0 255
45.600 9.200 1.200 255 0 255
45.600 9.600 1.200 255 0 255
45.600 10.000 1.200 255 0 255
45.600 10.400 1.200 255 0 255
45.600 10.800 1.200 255 0 255
45.600 11.200 1.200 255 0 255
45.600 11.600 1.200 150 240 80
45.600 11.600 3.200 135 60 0
45.600 11.600 3.600 135 60 0
45.600 11.600 4.000 135 60 0
45.600 12.000 1.200 150 240 80
45.600 12.000 2.800 0 175 0
45.600 12.000 3.600 135 60 0
45.600 12.000 4.000 135 60 0
45.600 12.400 1.600 150 240 80
45.600 12.800 1.600 150 240 80
45.600 13.200 1.600 150 240 80
45.600 13.600 1.600 150 240 80
45.600 14.000 1.600 150 240 80
45.600 14.000 4.000 0 175 0
45.600 14.400 1.600 150 240 80
45.600 14.400 4.400 0 175 0
45.600 21.600 0.800 175 0 75
45.600 22.000 0.800 175 0 75
45.600 22.400 0.800 175 0 75
45.600 23.600 0.800 175 0 75
45.600 24.000 0.800 175 0 75
45.600 24.400 0.800 175 0 75
45.600 24.800 0.800 175 0 75
45.600 25.200 0.800 75 0 75
45.600 25.200 1.200 75 0 75
45.600 25.600 1.200 75 0 75
45.600 26.000 1.200 75 0 75
45.600 26.400 1.200 75 0 75
45.600 26.800 1.200 75 0 75
45.600 27.200 1.200 75 0 75
45.600 27.600 1.200 75 0 75
45.600 28.000 1.200 75 0 75
45.600 28.400 1.200 75 0 75
45.600 28.800 1.200 150 240 80
45.600 28.800 2.000 255 240 150
45.600 28.800 2.800 255 240 150
45.600 28.800 3.200 255 240 150
45.600 28.800 3.600 255 0 0
45.600 29.200 1.200 150 240 80
45.600 29.200 3.600 255 0 0
45.600 29.600 1.200 150 240 80
45.600 33.200 1.200 150 240 80
45.600 33.600 1.200 150 240 80
45.600 36.400 0.800 150 240 80
45.600 46.000 0.400 255 0 255
45.600 46.800 0.400 255 0 255
46.000 0.000 1.600 75 0 75
46.000 0.400 1.600 75 0 75
46.000 0.800 1.600 75 0 75
46.000 1.200 1.200 75 0 75
46.000 2.000 1.200 75 0 75
46.000 2.400 1.200 75 0 75
46.000 2.800 1.200 255 0 255
46.000 3.200 1.200 255 0 255
46.000 3.200 2.000 100 150 245
46.000 3.600 1.200 255 0 255
46.000 4.000 1.200 255 0 255
46.000 4.400 1.200 100 150 245
46.000 4.800 1.200 100 150 245
46.000 4.800 1.600 100 150 245
46.000 4.800 2.000 100 150 245
46.000 4.800 2.400 100 150 245
46.000 5.200 1.200 255 0 255
46.000 5.200 2.400 100 150 245
46.000 5.600 1.200 255 0 255
46.000 6.000 1.200 255 0 255
46.000 6.400 1.200 255 0 255
46.000 6.800 1.200 255 0 255
46.000 7.200 1.200 255 0 255
46.000 7.600 1.200 255 0 255
46.000 8.000 1.200 255 0 255
46.000 8.400 1.200 255 0 255
46.000 8.800 1.200 255 0 255
46.000 9.200 1.200 255 0 255
46.000 9.600 1.200 255 0 255
46.000 10.000 1.200 255 0 255
46.000 10.400 1.200 255 0 255
46.000 10.800 1.200 255 0 255
46.000 11.200 1.200 150 240 80
46.000 11.200 4.000 0 175 0
46.000 11.600 1.200 150 240 80
46.000 11.600 3.200 135 60 0
46.000 12.000 1.600 150 240 80
46.000 12.000 2.400 0 175 0
46.000 12.000 3.200 0 175 0
46.000 12.400 1.600 150 240 80
46.000 12.400 4.000 0 175 0
46.000 12.800 1.600 150 240 80
46.000 13.200 1.600 150 240 80
46.000 13.600 1.600 150 240 80
46.000 14.000 1.600 150 240 80
46.000 21.200 0.800 175 0 75
46.000 21.600 0.800 175 0 75
46.000 22.000 0.800 175 0 75
46.000 22.400 0.800 175 0 75
46.000 23.200 0.800 175 0 75
46.000 23.600 0.800 175 0 75
46.000 24.000 0.800 175 0 75
46.000 24.800 0.800 75 0 75
46.000 25.200 0.800 75 0 75
46.000 25.200 1.200 75 0 75
46.000 25.600 1.200 75 0 75
46.000 26.000 1.200 75 0 75
46.000 26.400 1.200 75 0 75
46.000 26.800 1.200 75 0 75
46.000 27.200 1.200 75 0 75
46.000 27.600 1.200 75 0 75
46.000 28.000 1.200 75 0 75
46.000 28.400 1.200 150 240 80
46.000 28.800 1.200 150 240 80
46.000 28.800 3.600 255 0 0
46.000 29.200 1.200 150 240 80
46.000 29.200 1.600 255 240 150
46.000 29.200 2.000 255 240 150
46.000 29.200 2.400 255 240 150
46.000 29.200 2.800 255 240 150
46.000 29.200 3.200 255 0 0
46.000 29.200 3.600 255 0 0
46.000 29.600 1.200 150 240 80
46.000 32.800 1.200 150 240 80
46.000 36.400 0.800 150 240 80
46.000 42.400 0.400 255 0 255
46.000 43.200 0.400 255 0 255
46.000 43.600 0.400 255 0 255
46.000 44.000 0.400 255 0 255
46.000 44.800 0.400 255 0 255
46.000 45.600 0.400 255 0 255
46.000 46.000 0.400 255 0 255
46.400 0.000 1.600 75 0 75
46.400 0.400 1.600 75 0 75
46.400 0.800 1.600 75 0 75
46.400 1.600 1.600 75 0 75
46.400 2.400 1.200 255 0 255
46.400 2.800 1.200 255 0 255
46.400 3.200 1.600 100 150 245
46.400 3.200 2.000 100 150 245
46.400 3.600 1.600 100 150 245
46.400 3.600 2.000 100 150 245
46.400 4.000 1.200 255 0 255
46.400 4.000 1.600 100 150 245
46.400 4.000 2.000 100 150 245
46.400 4.400 1.200 100 150 245
46.400 4.400 1.600 100 150 245
46.400 4.400 2.000 100 150 245
46.400 4.800 1.200 255 0 255
46.400 4.800 1.600 100 150 245
46.400 5.200 1.200 255 0 255
46.400 5.600 1.200 255 0 255
46.400 6.000 1.200 255 0 255
46.400 6.400 1.200 255 0 255
46.400 6.800 1.200 255 0 255
46.400 7.200 1.200 255 0 255
46.400 7.600 1.200 255 0 255
46.400 8.000 1.200 255 0 255
46.400 8.400 1.200 255 0 255
46.400 8.800 1.200 255 0 255
46.400 9.200 1.200 255 0 255
46.400 9.600 1.200 255 0 255
46.400 10.000 1.200 255 0 255
46.400 10.400 1.200 255 0 255
46.400 10.800 1.200 150 240 80
46.400 11.600 1.600 150 240 80
46.400 11.600 2.800 135 60 0
46.400 11.600 3.200 135 60 0
46.400 11.600 4.000 135 60 0
46.400 11.600 4.400 135 60 0
46.400 12.000 1.600 150 240 80
46.400 12.000 2.400 135 60 0
46.400 12.000 2.800 135 60 0
46.400 12.000 3.200 135 60 0
46.400 12.400 1.600 150 240 80
46.400 12.800 1.600 150 240 80
46.400 13.200 1.600 150 240 80
46.400 13.600 1.600 150 240 80
46.400 13.600 3.600 0 175 0
46.400 13.600 4.000 0 175 0
46.400 13.600 4.400 0 175 0
46.400 14.000 4.400 0 175 0
46.400 17.200 1.600 75 0 75
46.400 20.800 0.800 175 0 75
46.400 21.200 0.800 175 0 75
46.400 21.600 0.800 175 0 75
46.400 22.000 0.800 175 0 75
46.400 23.200 0.800 175 0 75
46.400 23.600 0.800 175 0 75
46.400 24.000 0.800 175 0 75
46.400 24.800 0.800 75 0 75
46.400 24.800 1.200 75 0 75
46.400 25.200 1.200 75 0 75
46.400 25.600 1.200 75 0 75
46.400 26.000 1.200 75 0 75
46.400 26.400 1.200 75 0 75
46.400 26.800 1.200 75 0 75
46.400 27.200 1.200 75 0 75
46.400 27.600 1.200 75 0 75
46.400 28.000 1.200 75 0 75
46.400 28.400 1.200 150 240 80
46.400 28.800 1.200 150 240 80
46.400 29.200 1.200 150 240 80
46.400 29.600 1.200 150 240 80
46.400 32.400 1.200 150 240 80
46.400 43.600 0.400 255 0 255
46.400 46.000 0.400 255 0 255
46.400 47.200 0.400 255 0 255
46.800 0.000 1.600 75 0 75
46.800 0.400 1.600 75 0 75
46.800 0.800 1.600 75 0 75
46.800 2.400 1.200 255 0 255
46.800 3.200 1.200 255 0 255
46.800 3.600 1.200 255 0 255
46.800 3.600 1.600 100 150 245
46.800 3.600 2.000 100 150 245
46.800 4.000 1.200 255 0 255
46.800 4.000 1.600 100 150 245
46.800 4.000 2.000 100 150 245
46.800 4.400 1.200 255 0 255
46.800 4.800 1.200 255 0 255
46.800 5.200 1.200 255 0 255
46.800 5.600 1.200 255 0 255
46.800 6.000 1.200 255 0 255
46.800 6.400 1.200 255 0 255
46.800 6.800 1.200 255 0 255
46.800 7.200 1.200 255 0 255
46.800 7.600 1.200 255 0 255
46.800 8.000 1.200 255 0 255
46.800 8.400 1.200 255 0 255
46.800 8.800 1.200 255 0 255
46.800 9.200 1.200 255 0 255
46.800 9.600 1.200 255 0 255
46.800 10.000 1.200 255 0 255
46.800 10.400 1.200 255 0 255
46.800 10.800 4.000 135 60 0
46.800 11.200 1.600 150 240 80
46.800 11.200 4.000 0 175 0
46.800 11.600 1.600 150 240 80
46.800 11.600 3.200 135 60 0
46.800 12.000 1.600 135 60 0
46.800 12.000 2.000 135 60 0
46.800 12.000 2.400 135 60 0
46.800 12.000 2.800 135 60 0
46.800 12.400 1.600 150 240 80
46.800 12.400 4.000 0 175 0
46.800 12.400 4.400 0 175 0
46.800 12.800 1.600 150 240 80
46.800 13.200 1.600 150 240 80
46.800 13.600 1.600 150 240 80
46.800 16.400 1.600 75 0 75
46.800 16.800 1.600 75 0 75
46.800 20.800 0.800 175 0 75
46.800 21.200 0.800 175 0 75
46.800 21.600 0.800 175 0 75
46.800 23.200 0.800 175 0 75
46.800 23.600 0.800 175 0 75
46.800 24.400 0.800 75 0 75
46.800 24.400 1.200 75 0 75
46.800 24.800 1.200 75 0 75
46.800 25.200 1.200 75 0 75
46.800 25.600 1.200 75 0 75
46.800 26.000 1.200 75 0 75
46.800 26.400 1.200 75 0 75
46.800 26.800 1.200 75 0 75
46.800 27.200 1.200 75 0 75
46.800 27.600 1.200 75 0 75
46.800 28.000 1.200 150 240 80
46.800 28.400 1.200 150 240 80
46.800 28.800 1.200 150 240 80
46.800 32.000 1.200 150 240 80
46.800 32.400 1.200 150 240 80
46.800 41.600 0.400 255 0 255
46.800 43.200 0.400 255 0 255
46.800 44.000 0.400 255 0 255
46.800 45.200 0.400 255 0 255
46.800 45.600 0.400 255 0 255
46.800 46.000 0.400 255 0 255
46.800 46.400 0.400 255 0 255
46.800 46.800 0.400 255 0 255
47.200 0.000 1.600 75 0 75
47.200 0.400 1.600 75 0 75
47.200 0.800 1.600 75 0 75
47.200 1.200 1.600 75 0 75
47.200 2.000 1.200 255 0 255
47.200 2.000 1.600 255 0 255
47.200 2.400 1.200 255 0 255
47.200 2.800 1.200 255 0 255
47.200 3.200 1.200 255 0 255
47.200 3.600 1.200 255 0 255
47.200 4.000 1.200 255 0 255
47.200 4.400 1.200 255 0 255
47.200 4.800 1.200 255 0 255
47.200 5.200 1.200 255 0 255
47.200 5.600 1.200 255 0 255
47.200 6.000 1.200 255 0 255
47.200 6.400 1.200 255 0 255
47.200 6.800 1.200 255 0 255
47.200 7.200 1.200 255 0 255
47.200 7.600 1.200 255 0 255
47.200 8.000 1.200 255 0 255
47.200 8.400 1.200 255 0 255
47.200 8.800 1.200 255 0 255
47.200 9.200 1.200 255 0 255
47.200 9.600 1.200 255 0 255
47.200 10.000 1.200 255 0 255
47.200 10.400 1.200 150 240 80
47.200 10.800 1.200 150 240 80
47.200 10.800 1.600 150 240 80
47.200 11.200 1.600 150 240 80
47.200 11.200 3.600 135 60 0
47.200 11.600 1.600 150 240 80
47.200 11.600 2.800 135 60 0
47.200 11.600 3.200 135 60 0
47.200 11.600 3.600 135 60 0
47.200 12.000 1.600 150 240 80
47.200 12.000 2.000 135 60 0
47.200 12.000 2.400 135 60 0
47.200 12.000 2.800 135 60 0
47.200 12.000 3.600 135 60 0
47.200 12.000 4.000 135 60 0
47.200 12.400 1.600 150 240 80
47.200 12.800 1.600 150 240 80
47.200 13.200 1.600 150 240 80
47.200 16.000 1.600 75 0 75
47.200 16.400 1.600 75 0 75
47.200 20.400 0.800 175 0 75
47.200 20.800 0.800 175 0 75
47.200 21.200 0.800 175 0 75
47.200 22.800 0.800 175 0 75
47.200 23.200 0.800 175 0 75
47.200 23.600 0.800 175 0 75
47.200 24.000 0.800 75 0 75
47.200 24.400 0.800 75 0 75
47.200 24.400 1.200 75 0 75
47.200 24.800 1.200 75 0 75
47.200 25.200 1.200 75 0 75
47.200 25.600 1.200 75 0 75
47.200 26.000 1.200 75 0 75
47.200 26.400 1.200 75 0 75
47.200 26.800 1.200 75 0 75
47.200 27.200 1.200 75 0 75
47.200 27.600 1.200 150 240 80
47.200 28.000 1.200 150 240 80
47.200 28.400 1.200 150 240 80
47.200 31.600 1.200 150 240 80
47.200 32.000 1.200 150 240 80
47.200 32.400 1.200 150 240 80
47.200 35.200 0.800 150 240 80
47.200 42.000 0.400 255 0 255
47.200 42.800 0.400 255 0 255
47.200 44.800 0.400 255 0 255
47.200 45.200 0.400 255 0 255
47.200 46.400 0.400 255 0 255
47.200 46.800 0.400 255 0 255
47.600 0.000 1.600 75 0 75
47.600 0.400 1.600 75 0 75
47.600 0.800 1.600 75 0 75
47.600 2.000 1.600 100 150 245
47.600 2.000 2.000 100 150 245
47.600 2.000 2.400 100 150 245
47.600 2.000 2.800 100 150 245
47.600 2.400 1.600 100 150 245
47.600 2.400 2.000 100 150 245
47.600 2.400 2.400 100 150 245
47.600 2.800 1.600 100 150 245
47.600 2.800 2.000 100 150 245
47.600 2.800 2.400 100 150 245
47.600 3.200 2.000 100 150 245
47.600 3.600 1.200 255 0 255
47.600 4.000 1.200 255 0 255
47.600 4.400 1.200 255 0 255
47.600 4.800 1.200 255 0 255
47.600 5.200 1.200 255 0 255
47.600 5.600 1.200 255 0 255
47.600 6.000 1.200 255 0 255
47.600 6.400 1.200 255 0 255
47.600 6.800 1.200 255 0 255
47.600 7.200 1.200 255 0 255
47.600 7.600 1.200 255 0 255
47.600 8.000 1.200 255 0 255
47.600 8.400 1.200 255 0 255
47.600 8.800 1.200 255 0 255
47.600 9.200 1.200 255 0 255
47.600 9.600 1.200 255 0 255
47.600 10.000 1.200 255 0 255
47.600 10.400 1.200 150 240 80
47.600 10.400 1.600 150 240 80
47.600 10.800 1.600 150 240 80
47.600 11.200 1.600 150 240 80
47.600 11.600 1.600 150 240 80
47.600 11.600 2.800 0 175 0
47.600 12.000 1.600 150 240 80
47.600 12.000 2.000 0 175 0
47.600 12.400 1.600 150 240 80
47.600 12.800 1.600 150 240 80
47.600 12.800 4.000 0 175 0
47.600 15.600 1.600 75 0 75
47.600 16.000 1.600 75 0 75
47.600 16.400 1.600 75 0 75
47.600 20.400 0.800 175 0 75
47.600 20.800 0.800 175 0 75
47.600 21.200 0.800 175 0 75
47.600 22.400 0.800 175 0 75
47.600 22.800 0.800 175 0 75
47.600 23.600 0.800 75 0 75
47.600 24.000 0.800 75 0 75
47.600 24.000 1.200 75 0 75
47.600 24.400 1.200 75 0 75
47.600 24.800 1.200 75 0 75
47.600 25.600 1.200 75 0 75
47.600 26.000 1.200 75 0 75
47.600 26.400 1.200 75 0 75
47.600 26.800 1.200 75 0 75
47.600 27.200 1.200 150 240 80
47.600 27.600 1.200 150 240 80
47.600 28.000 1.200 150 240 80
47.600 31.600 1.200 150 240 80
47.600 34.800 0.800 150 240 80
47.600 42.800 0.400 255 0 255
47.600 43.600 0.400 255 0 255
47.600 44.400 0.400 255 0 255
47.600 44.800 0.400 255 0 255
47.600 45.200 0.400 255 0 255
47.600 46.000 0.400 255 0 255
47.600 46.400 0.400 255 0 255
47.600 46.800 0.400 255 0 255
48.000 0.000 1.600 75 0 75
48.000 0.400 1.200 75 0 75
48.000 0.400 1.600 75 0 75
48.000 0.800 1.600 75 0 75
48.000 1.600 2.000 100 150 245
48.000 2.000 2.400 100 150 245
48.000 2.000 2.800 100 150 245
48.000 2.400 2.400 100 150 245
48.000 2.400 2.800 100 150 245
48.000 2.800 1.600 100 150 245
48.000 2.800 2.000 100 150 245
48.000 2.800 2.400 100 150 245
48.000 2.800 2.800 100 150 245
48.000 3.200 1.200 100 150 245
48.000 3.200 1.600 100 150 245
48.000 3.200 2.000 100 150 245
48.000 3.200 2.400 100 150 245
48.000 3.600 1.200 255 0 255
48.000 4.000 1.200 255 0 255
48.000 4.400 1.200 255 0 255
48.000 5.200 1.200 255 0 255
48.000 5.600 1.200 255 0 255
48.000 6.000 1.200 255 0 255
48.000 6.400 1.200 255 0 255
48.000 6.800 1.200 255 0 255
48.000 7.200 1.200 255 0 255
48.000 7.600 1.200 255 0 255
48.000 8.000 1.200 255 0 255
48.000 8.400 1.200 255 0 255
48.000 8.800 1.200 255 0 255
48.000 9.200 1.200 255 0 255
48.000 9.600 1.200 255 0 255
48.000 10.000 1.200 150 240 80
48.000 10.000 1.600 150 240 80
48.000 10.400 1.600 150 240 80
48.000 10.800 1.600 150 240 80
48.000 10.800 4.000 0 175 0
48.000 11.200 1.600 150 240 80
48.000 11.600 1.600 150 240 80
48.000 11.600 2.800 0 175 0
48.000 11.600 3.200 0 175 0
48.000 12.000 1.600 150 240 80
48.000 12.000 2.000 0 175 0
48.000 12.400 1.600 150 240 80
48.000 12.800 1.600 150 240 80
48.000 15.200 1.600 75 0 75
48.000 15.600 1.600 75 0 75
48.000 16.000 1.600 75 0 75
48.000 20.000 0.800 175 0 75
48.000 20.400 0.800 175 0 75
48.000 20.800 0.800 175 0 75
48.000 22.400 0.800 175 0 75
48.000 22.800 0.800 175 0 75
48.000 23.200 0.800 175 0 75
48.000 23.600 0.800 75 0 75
48.000 23.600 1.200 75 0 75
48.000 24.400 1.200 75 0 75
48.000 24.800 1.200 75 0 75
48.000 25.200 1.200 75 0 75
48.000 25.600 1.200 75 0 75
48.000 26.000 1.200 75 0 75
48.000 26.400 1.200 75 0 75
48.000 26.800 1.200 75 0 75
48.000 27.200 1.200 150 240 80
48.000 27.600 1.200 150 240 80
48.000 30.800 1.200 150 240 80
48.000 31.200 1.200 150 240 80
48.000 32.400 1.200 150 240 80
48.000 41.600 0.400 255 0 255
48.000 42.000 0.400 255 0 255
48.000 42.400 0.400 255 0 255
48.000 44.400 0.400 255 0 255
48.000 45.600 0.400 255 0 255
48.000 46.000 0.400 255 0 255
48.000 46.800 0.400 255 0 255
48.000 50.800 0.000 75 0 75
48.400 0.000 1.600 75 0 75
48.400 0.400 1.600 75 0 75
48.400 0.800 1.200 255 0 255
48.400 0.800 1.600 255 0 255
48.400 1.200 1.200 255 0 255
48.400 1.600 2.000 100 150 245
48.400 1.600 2.400 100 150 245
48.400 2.000 2.000 100 150 245
48.400 2.000 2.800 100 150 245
48.400 2.400 2.400 100 150 245
48.400 2.400 2.800 100 150 245
48.400 2.800 1.200 100 150 245
48.400 2.800 1.600 100 150 245
48.400 2.800 2.000 100 150 245
48.400 2.800 2.400 100 150 245
48.400 2.800 2.800 100 150 245
48.400 3.200 1.200 255 0 255
48.400 3.200 1.600 100 150 245
48.400 3.200 2.000 100 150 245
48.400 3.200 2.400 100 150 245
48.400 3.600 1.200 255 0 255
48.400 4.000 1.200 255 0 255
48.400 4.400 1.200 255 0 255
48.400 4.800 1.200 255 0 255
48.400 5.200 1.200 255 0 255
48.400 5.600 1.200 255 0 255
48.400 6.000 1.200 255 0 255
48.400 6.400 1.200 255 0 255
48.400 6.800 1.200 255 0 255
48.400 7.200 1.200 255 0 255
48.400 7.600 1.200 255 0 255
48.400 8.000 1.200 255 0 255
48.400 8.400 1.200 255 0 255
48.400 8.800 1.200 255 0 255
48.400 9.200 1.200 255 0 255
48.400 9.600 1.200 150 240 80
48.400 9.600 1.600 150 240 80
48.400 10.000 1.600 150 240 80
48.400 10.400 1.600 150 240 80
48.400 10.800 1.600 150 240 80
48.400 11.200 1.600 150 240 80
48.400 11.200 3.600 0 175 0
48.400 11.200 4.000 0 175 0
48.400 11.600 1.600 150 240 80
48.400 12.000 1.600 150 240 80
48.400 12.400 1.600 150 240 80
48.400 12.400 4.000 0 175 0
48.400 15.200 1.600 75 0 75
48.400 15.600 1.600 75 0 75
48.400 20.000 0.800 175 0 75
48.400 20.400 0.800 175 0 75
48.400 22.000 0.800 175 0 75
48.400 22.400 0.800 175 0 75
48.400 23.200 0.800 75 0 75
48.400 23.200 1.200 75 0 75
48.400 23.600 0.800 75 0 75
48.400 23.600 1.200 75 0 75
48.400 24.000 1.200 75 0 75
48.400 24.800 1.200 75 0 75
48.400 25.200 1.200 75 0 75
48.400 26.000 1.200 75 0 75
48.400 26.000 1.600 75 0 75
48.400 26.400 1.200 75 0 75
48.400 26.800 1.200 150 240 80
48.400 27.200 1.200 150 240 80
48.400 30.400 1.200 150 240 80
48.400 30.800 1.200 150 240 80
48.400 31.200 1.200 150 240 80
48.400 31.600 1.200 150 240 80
48.400 44.000 0.400 255 0 255
48.400 44.400 0.400 255 0 255
48.400 45.600 0.400 255 0 255
48.800 0.000 1.600 75 0 75
48.800 0.400 1.600 75 0 75
48.800 1.200 2.000 100 150 245
48.800 1.200 2.400 100 150 245
48.800 1.200 2.800 100 150 245
48.800 1.600 2.400 100 150 245
48.800 2.000 2.400 100 150 245
48.800 2.000 2.800 100 150 245
48.800 2.400 2.800 100 150 245
48.800 2.800 1.200 255 0 255
48.800 2.800 1.600 100 150 245
48.800 2.800 2.000 100 150 245
48.800 2.800 2.400 100 150 245
48.800 2.800 2.800 100 150 245
48.800 3.200 1.200 255 0 255
48.800 3.600 1.200 255 0 255
48.800 4.000 1.200 255 0 255
48.800 4.400 1.200 255 0 255
48.800 4.800 1.200 255 0 255
48.800 5.200 1.200 255 0 255
48.800 5.600 1.200 255 0 255
48.800 6.000 1.200 255 0 255
48.800 6.400 1.200 255 0 255
48.800 6.800 1.200 255 0 255
48.800 7.200 1.200 255 0 255
48.800 7.600 1.200 255 0 255
48.800 8.000 1.200 255 0 255
48.800 8.400 1.200 255 0 255
48.800 8.800 1.200 255 0 255
48.800 9.200 1.200 255 0 255
48.800 9.600 1.600 150 240 80
48.800 10.000 1.600 150 240 80
48.800 10.400 1.600 150 240 80
48.800 10.800 1.600 150 240 80
48.800 10.800 4.000 0 175 0
48.800 11.200 1.600 150 240 80
48.800 11.600 1.600 150 240 80
48.800 12.000 1.600 150 240 80
48.800 14.800 1.600 75 0 75
48.800 15.200 1.600 75 0 75
48.800 15.600 1.600 75 0 75
48.800 19.600 0.800 175 0 75
48.800 20.000 0.800 175 0 75
48.800 20.400 0.800 175 0 75
48.800 21.600 0.800 175 0 75
48.800 22.000 0.800 175 0 75
48.800 22.800 0.800 175 0 75
48.800 23.200 0.800 75 0 75
48.800 23.200 1.200 75 0 75
48.800 23.600 1.200 75 0 75
48.800 24.000 1.200 75 0 75
48.800 24.400 1.200 75 0 75
48.800 24.800 1.200 75 0 75
48.800 25.200 1.200 75 0 75
48.800 25.600 1.200 75 0 75
48.800 26.400 1.200 150 240 80
48.800 26.800 1.200 150 240 80
48.800 27.200 1.200 150 240 80
48.800 30.000 1.200 150 240 80
48.800 30.000 4.400 0 175 0
48.800 30.400 1.200 150 240 80
48.800 30.800 1.200 150 240 80
48.800 31.200 1.200 150 240 80
48.800 31.600 1.200 150 240 80
48.800 38.800 0.800 255 0 255
48.800 44.800 0.400 255 0 255
48.800 47.600 0.400 75 0 75
48.800 50.000 0.000 75 0 75
49.200 0.000 1.600 75 0 75
49.200 0.400 1.600 255 0 255
49.200 0.800 2.400 100 150 245
49.200 1.200 2.800 100 150 245
49.200 1.600 2.800 100 150 245
49.200 2.000 2.400 100 150 245
49.200 2.400 1.600 100 150 245
49.200 2.400 2.000 100 150 245
49.200 2.400 2.400 100 150 245
49.200 2.400 2.800 100 150 245
49.200 2.800 2.000 100 150 245
49.200 3.200 1.200 255 0 255
49.200 3.600 1.200 255 0 255
49.200 4.000 1.200 255 0 255
49.200 4.400 1.200 255 0 255
49.200 4.800 1.200 255 0 255
49.200 5.200 1.200 255 0 255
49.200 5.600 1.200 255 0 255
49.200 6.000 1.200 255 0 255
49.200 6.400 1.200 255 0 255
49.200 6.800 1.200 255 0 255
49.200 7.200 1.200 255 0 255
49.200 7.600 1.200 255 0 255
49.200 8.000 1.200 255 0 255
49.200 8.400 1.200 255 0 255
49.200 8.800 1.200 255 0 255
49.200 9.200 1.200 150 240 80
49.200 9.200 1.600 150 240 80
49.200 9.600 1.200 150 240 80
49.200 9.600 1.600 150 240 80
49.200 10.000 1.600 150 240 80
49.200 10.400 1.600 150 240 80
49.200 10.800 1.600 150 240 80
49.200 10.800 3.600 0 175 0
49.200 10.800 4.000 0 175 0
49.200 10.800 4.400 0 175 0
49.200 11.200 1.600 150 240 80
49.200 11.200 3.600 0 175 0
49.200 11.200 4.000 0 175 0
49.200 11.200 4.400 0 175 0
49.200 11.600 1.600 150 240 80
49.200 12.000 1.600 150 240 80
49.200 14.800 1.600 75 0 75
49.200 15.200 1.600 75 0 75
49.200 18.400 1.200 175 0 75
49.200 19.600 0.800 175 0 75
49.200 20.000 0.800 175 0 75
49.200 21.600 0.800 175 0 75
49.200 22.000 0.800 175 0 75
49.200 22.800 0.800 75 0 75
49.200 22.800 1.200 75 0 75
49.200 23.200 1.200 75 0 75
49.200 23.600 1.200 75 0 75
49.200 24.000 1.200 75 0 75
49.200 24.400 1.200 75 0 75
49.200 24.800 1.200 75 0 75
49.200 25.200 1.200 75 0 75
49.200 25.600 1.200 75 0 75
49.200 26.000 1.200 75 0 75
49.200 26.400 1.200 150 240 80
49.200 26.800 1.200 150 240 80
49.200 30.000 1.200 150 240 80
49.200 30.000 4.400 0 175 0
49.200 30.400 1.200 150 240 80
49.200 30.800 1.200 150 240 80
49.200 38.800 0.800 255 0 255
49.200 41.600 0.400 255 0 255
49.200 42.000 0.400 255 0 255
49.200 43.600 0.400 255 0 255
49.200 44.000 0.400 255 0 255
49.200 44.400 0.400 255 0 255
49.200 46.800 0.400 75 0 75
49.200 47.600 0.400 75 0 75
49.200 48.000 0.400 75 0 75
49.200 49.600 0.000 75 0 75
49.600 0.000 1.600 255 0 255
49.600 0.400 2.400 100 150 245
49.600 0.800 2.400 100 150 245
49.600 1.600 2.400 100 150 245
49.600 1.600 2.800 100 150 245
49.600 2.000 2.400 100 150 245
49.600 2.000 2.800 100 150 245
49.600 2.400 1.600 100 150 245
49.600 2.400 2.000 100 150 245
49.600 2.400 2.400 100 150 245
49.600 3.200 1.200 255 0 255
49.600 4.400 1.200 255 0 255
49.600 5.600 1.200 255 0 255
49.600 6.000 1.200 255 0 255
49.600 6.400 1.200 255 0 255
49.600 6.800 1.200 255 0 255
49.600 7.200 1.200 255 0 255
49.600 7.600 1.200 255 0 255
49.600 8.000 1.200 255 0 255
49.600 8.400 1.200 255 0 255
49.600 8.800 1.200 150 240 80
49.600 8.800 1.600 150 240 80
49.600 9.200 1.200 150 240 80
49.600 9.200 1.600 150 240 80
49.600 9.600 1.600 150 240 80
49.600 10.000 1.600 150 240 80
49.600 10.400 1.600 150 240 80
49.600 10.800 1.600 150 240 80
49.600 10.800 3.200 0 175 0
49.600 10.800 3.600 0 175 0
49.600 10.800 4.000 0 175 0
49.600 11.200 1.600 150 240 80
49.600 11.200 4.000 0 175 0
49.600 11.600 1.600 150 240 80
49.600 14.000 1.600 75 0 75
49.600 14.400 1.600 75 0 75
49.600 14.800 1.600 75 0 75
49.600 19.200 0.800 175 0 75
49.600 19.600 0.800 175 0 75
49.600 21.200 0.800 175 0 75
49.600 21.600 0.800 175 0 75
49.600 22.400 1.200 75 0 75
49.600 22.800 0.800 75 0 75
49.600 22.800 1.200 75 0 75
49.600 23.200 1.200 75 0 75
49.600 24.000 1.200 75 0 75
49.600 24.800 1.200 75 0 75
49.600 25.200 1.200 75 0 75
49.600 25.600 1.200 75 0 75
49.600 25.600 1.600 75 0 75
49.600 26.000 1.200 150 240 80
49.600 26.400 1.200 150 240 80
49.600 26.800 1.200 150 240 80
49.600 29.600 1.200 150 240 80
49.600 30.000 1.200 150 240 80
49.600 30.000 4.400 0 175 0
49.600 30.400 1.200 135 60 0
49.600 30.400 1.600 135 60 0
49.600 30.400 2.000 135 60 0
49.600 30.400 2.400 135 60 0
49.600 30.400 2.800 135 60 0
49.600 30.400 3.200 135 60 0
49.600 30.400 3.600 0 175 0
49.600 30.400 4.000 0 175 0
49.600 30.400 4.400 0 175 0
49.600 30.800 2.400 135 60 0
49.600 30.800 3.200 135 60 0
49.600 30.800 3.600 0 175 0
49.600 30.800 4.000 0 175 0
49.600 30.800 4.400 0 175 0
49.600 31.200 3.600 0 175 0
49.600 31.200 4.000 0 175 0
49.600 31.200 4.400 0 175 0
49.600 37.200 0.800 255 0 255
49.600 38.800 0.800 255 0 255
49.600 43.200 0.400 255 0 255
49.600 43.600 0.400 255 0 255
49.600 44.000 0.400 255 0 255
49.600 45.200 0.400 255 0 255
49.600 45.600 0.400 255 0 255
49.600 46.000 0.400 255 0 255
49.600 46.400 0.400 255 0 255
49.600 47.600 0.400 75 0 75
50.000 0.400 1.600 100 150 245
50.000 0.400 2.000 100 150 245
50.000 0.400 2.400 100 150 245
50.000 0.800 2.400 100 150 245
50.000 1.200 2.400 100 150 245
50.000 1.600 2.400 100 150 245
50.000 2.000 1.200 255 0 255
50.000 2.000 1.600 100 150 245
50.000 2.000 2.000 100 150 245
50.000 2.000 2.400 100 150 245
50.000 2.000 2.800 100 150 245
50.000 4.000 1.200 255 0 255
50.000 5.200 1.200 255 0 255
50.000 6.400 1.200 255 0 255
50.000 6.800 1.200 255 0 255
50.000 7.200 1.200 255 0 255
50.000 7.600 1.200 255 0 255
50.000 8.000 1.200 255 0 255
50.000 8.400 1.200 255 0 255
50.000 8.400 1.600 150 240 80
50.000 8.800 1.200 150 240 80
50.000 8.800 1.600 150 240 80
50.000 9.200 1.600 150 240 80
50.000 9.600 1.600 150 240 80
50.000 10.000 1.600 150 240 80
50.000 10.000 3.200 135 60 0
50.000 10.400 1.600 150 240 80
50.000 10.400 3.600 135 60 0
50.000 10.400 4.000 135 60 0
50.000 10.800 1.600 150 240 80
50.000 10.800 4.000 135 60 0
50.000 11.200 1.600 150 240 80
50.000 14.000 1.600 75 0 75
50.000 14.400 1.600 75 0 75
50.000 14.800 1.600 75 0 75
50.000 17.600 1.200 175 0 75
50.000 18.000 1.200 175 0 75
50.000 18.800 0.800 175 0 75
50.000 19.200 0.800 175 0 75
50.000 19.600 0.800 175 0 75
50.000 19.600 1.200 175 0 75
50.000 20.800 0.800 175 0 75
50.000 21.200 0.800 175 0 75
50.000 22.400 0.800 75 0 75
50.000 22.400 1.200 75 0 75
50.000 22.800 1.200 75 0 75
50.000 23.200 1.200 75 0 75
50.000 23.600 1.200 75 0 75
50.000 24.000 1.200 75 0 75
50.000 24.800 1.200 75 0 75
50.000 25.200 1.200 75 0 75
50.000 25.600 1.200 75 0 75
50.000 25.600 1.600 75 0 75
50.000 29.200 4.400 0 175 0
50.000 29.600 1.200 150 240 80
50.000 29.600 4.400 0 175 0
50.000 30.000 1.200 150 240 80
50.000 30.000 4.400 0 175 0
50.000 30.400 1.200 135 60 0
50.000 30.400 1.600 135 60 0
50.000 30.800 2.800 135 60 0
50.000 30.800 3.200 135 60 0
50.000 30.800 4.000 0 175 0
50.000 36.000 0.800 255 0 255
50.000 36.800 0.800 255 0 255
50.000 38.800 0.800 255 0 255
50.000 41.600 0.400 255 0 255
50.000 43.200 0.400 255 0 255
50.000 43.600 0.400 255 0 255
50.000 44.000 0.400 255 0 255
50.000 45.200 0.400 255 0 255
50.000 46.000 0.400 255 0 255
50.000 46.400 0.400 75 0 75
50.000 47.600 0.400 75 0 75
50.400 0.400 1.600 100 150 245
50.400 0.400 2.000 100 150 245
50.400 0.400 2.400 100 150 245
50.400 0.800 2.400 100 150 245
50.400 1.200 2.400 100 150 245
50.400 1.600 1.600 100 150 245
50.400 1.600 2.000 100 150 245
50.400 1.600 2.400 100 150 245
50.400 2.000 1.600 100 150 245
50.400 3.600 1.200 255 0 255
50.400 4.000 1.200 255 0 255
50.400 4.400 1.200 255 0 255
50.400 5.200 1.200 255 0 255
50.400 6.000 1.200 255 0 255
50.400 6.400 1.200 255 0 255
50.400 6.800 1.200 255 0 255
50.400 7.200 1.200 255 0 255
50.400 7.600 1.200 255 0 255
50.400 8.000 1.200 255 0 255
50.400 8.000 1.600 255 0 255
50.400 8.400 1.200 150 240 80
50.400 8.400 1.600 150 240 80
50.400 8.800 1.600 150 240 80
50.400 9.200 1.600 150 240 80
50.400 9.600 1.600 150 240 80
50.400 10.000 1.600 135 60 0
50.400 10.000 2.000 135 60 0
50.400 10.000 2.400 135 60 0
50.400 10.000 2.800 135 60 0
50.400 10.000 3.200 135 60 0
50.400 10.000 3.600 135 60 0
50.400 10.000 4.000 135 60 0
50.400 10.400 1.600 135 60 0
50.400 10.400 2.000 135 60 0
50.400 10.400 2.400 135 60 0
50.400 10.400 2.800 135 60 0
50.400 10.400 3.200 135 60 0
50.400 10.400 3.600 135 60 0
50.400 10.400 4.000 135 60 0
50.400 10.800 1.600 150 240 80
50.400 11.200 1.600 150 240 80
50.400 13.600 1.600 75 0 75
50.400 14.000 1.600 75 0 75
50.400 14.400 1.600 75 0 75
50.400 17.600 1.200 175 0 75
50.400 19.200 0.800 175 0 75
50.400 19.200 1.200 175 0 75
50.400 20.800 0.800 175 0 75
50.400 21.200 0.800 175 0 75
50.400 22.000 0.800 75 0 75
50.400 22.000 1.200 75 0 75
50.400 22.400 0.800 75 0 75
50.400 22.400 1.200 75 0 75
50.400 22.800 1.200 75 0 75
50.400 23.200 1.200 75 0 75
50.400 23.600 1.200 75 0 75
50.400 24.000 1.200 75 0 75
50.400 24.400 1.200 75 0 75
50.400 24.800 1.200 75 0 75
50.400 25.200 1.200 75 0 75
50.400 25.600 1.200 150 240 80
50.400 29.200 1.200 150 240 80
50.400 29.600 1.200 150 240 80
50.400 30.000 1.200 150 240 80
50.400 36.400 0.800 255 0 255
50.400 37.600 0.800 255 0 255
50.400 38.000 0.800 255 0 255
50.400 42.400 0.400 255 0 255
50.400 42.800 0.400 255 0 255
50.400 43.200 0.400 255 0 255
50.400 44.000 0.400 255 0 255
50.400 44.400 0.400 255 0 255
50.400 44.800 0.400 255 0 255
50.400 45.200 0.400 255 0 255
50.400 45.600 0.400 255 0 255
50.400 47.600 0.400 75 0 75
50.800 0.400 2.000 100 150 245
50.800 0.800 1.600 100 150 245
50.800 0.800 2.000 100 150 245
50.800 0.800 2.400 100 150 245
50.800 1.200 2.000 100 150 245
50.800 1.200 2.400 100 150 245
50.800 1.600 1.600 100 150 245
50.800 1.600 2.000 100 150 245
50.800 2.800 1.600 255 0 255
50.800 3.200 1.600 255 0 255
50.800 4.000 1.200 255 0 255
50.800 4.400 1.200 255 0 255
50.800 4.800 1.200 255 0 255
50.800 5.600 1.200 255 0 255
50.800 6.000 1.200 255 0 255
50.800 6.400 1.200 255 0 255
50.800 6.800 1.200 255 0 255
50.800 7.200 1.200 255 0 255
50.800 7.600 1.200 255 0 255
50.800 8.000 1.200 150 240 80
50.800 8.000 1.600 150 240 80
50.800 8.400 1.600 150 240 80
50.800 8.800 1.600 150 240 80
50.800 9.200 1.600 150 240 80
50.800 9.600 1.600 150 240 80
50.800 10.000 1.600 150 240 80
50.800 10.000 2.000 135 60 0
50.800 10.000 2.400 135 60 0
50.800 10.000 2.800 135 60 0
50.800 10.000 3.200 135 60 0
50.800 10.000 3.600 135 60 0
50.800 10.400 1.600 150 240 80
50.800 10.800 1.600 150 240 80
50.800 13.600 1.600 75 0 75
50.800 14.000 1.600 75 0 75
50.800 17.200 1.200 175 0 75
50.800 20.400 0.800 175 0 75
50.800 20.800 0.800 175 0 75
50.800 22.000 0.800 75 0 75
50.800 22.000 1.200 75 0 75
50.800 24.000 1.200 75 0 75
50.800 24.400 1.200 75 0 75
50.800 24.400 1.600 75 0 75
50.800 25.200 1.200 150 240 80
50.800 26.400 1.200 150 240 80
50.800 29.200 1.200 150 240 80
50.800 29.600 1.200 150 240 80
50.800 30.000 1.200 150 240 80
50.800 36.000 0.800 255 0 255
50.800 36.400 0.800 255 0 255
50.800 36.800 0.800 255 0 255
50.800 37.600 0.800 255 0 255
50.800 42.000 0.400 255 0 255
50.800 42.400 0.400 255 0 255
50.800 43.200 0.400 255 0 255
50.800 44.000 0.400 255 0 255
50.800 44.800 0.400 255 0 255
50.800 45.200 0.400 255 0 255
50.800 47.200 0.400 75 0 75
